<?xml version="1.0" encoding="utf-8"?>
<eml:eml xmlns:eml="eml://ecoinformatics.org/eml-2.1.1" xmlns:xsi="http://www.w3.org/2001/XMLSchema-instance"
         xsi:schemaLocation="eml://ecoinformatics.org/eml-2.1.1 http://rs.gbif.org/schema/eml-gbif-profile/1.2/eml.xsd"
packageId="10.15468/dl.vwcmx2"  system="http://gbif.org" scope="system"
xml:lang="en">

    <dataset>
                <alternateIdentifier>0020688-240626123714530</alternateIdentifier>
        <title>GBIF Occurrence Download 10.15468/dl.vwcmx2</title>
            <creator>
            <individualName>
                    <surName>GBIF Download Service</surName>
            </individualName>
<electronicMailAddress>support@gbif.org</electronicMailAddress>            </creator>
            <metadataProvider>
            <individualName>
                    <surName>GBIF Download Service</surName>
            </individualName>
<electronicMailAddress>support@gbif.org</electronicMailAddress>            </metadataProvider>
            <pubDate>
                2024-07-11
            </pubDate>
        <language>ENGLISH</language>
            <abstract>
                    <para>A dataset containing all occurrences available in GBIF matching the query:
{
  &quot;and&quot; : [
    &quot;Geometry POLYGON((-98.29262 29.67658,-99.64796 22.19734,-95.88069 19.04977,-83.38384 8.22447,-51.63007 0.1208,-53.17903 26.77695,-61.75548 45.51165,-66.65584 45.51165,-98.29262 29.67658))&quot;,
    &quot;HasCoordinate is true&quot;,
    &quot;OccurrenceStatus is Present&quot;,
    &quot;TaxonKey is Ocyurus chrysurus (Bloch, 1791)&quot;
  ]
}
The dataset includes records from the following constituent datasets. The full metadata for each constituent is also included in this archive:
11 records from CUMV Fish Collection
1 records from Caracterización de algas y comunidad íctica de la Isla Cayo Serrana durante la Expedición Seaflower 2016 - Proyecto Colombia BIO
2398 records from National Coral Reef Monitoring Program: Assessment of fish communities in the Florida Keys during 2016
5 records from Digitalización y Sistematización de las Colecciones Biológicas Nacionales del Instituto de Biología, UNAM (vertebrados)
4 records from Censo de biodiversidad marina Edo. Miranda
3 records from Otoliths Reference Collection. CBMR-AFORO (ICM-CSIC)
1 records from Biodiversidad de los Ecosistemas Mesofóticos de la Isla de San Andrés
1 records from UWIZM Fish Collections
1 records from Biodiversidad íctica de Providencia durante la Expedición Seaflower 2019 - Proyecto Colombia BIO
90 records from Diveboard - Scuba diving citizen science observations
6 records from CNPE/Coleccion Nacional de Peces
1 records from Evaluación de los ecosistemas coralinos mesofóticos (ECM) en cayo Bolívar empleando tecnologías ROV, Caribe colombiano
10 records from Peces asociados a los arrecifes Coralinos del Parque Nacional Morrocoy, Venezuela
2 records from Données d&apos;occurrences Espèces issues de l&apos;inventaire des ZNIEFF
2 records from University of Texas, Biodiversity Center, Ichthyology Collection (TNHCi)
2 records from Lund University Biological Museum - Zoological collections (MZLU)
4190 records from Dry Tortugas Reef Visual Census 2012
11 records from Fishes of Texas Project (FoTX) Database - Darwin Core
2019 records from Florida Keys Reef Visual Census 2007
10 records from FishBase Database
1163 records from U.S. Virgin Islands Territorial Coral Reef Monitoring Program Database (USVI-TCRMP)
1230 records from Florida Keys Reef Visual Census 1998
1 records from Peces presentes en praderas de fanerogamas en Boca Seca (PN Morrocoy) y Laguna de Yapascua (PN San Esteban) Venezuela
2 records from Collection Pisces SMF
107 records from Esponjas, corales escleractinios, equinodermos y peces de arrecifes coralinos del norte y sur de Veracruz (Peces)
18 records from The fishes collection (IC) of the Muséum national d&apos;Histoire naturelle (MNHN - Paris)
79 records from International Barcode of Life project (iBOL)
1 records from Peces asociados a una pradera de fanerógamas marinas en el PN Archipiélago Los Roques
3 records from Marine Fishes from  Archipielago los Roques, Venezuela
600 records from Florida Keys Reef Visual Census 1996
6 records from Peces asociados a raíces de manglar en el PN Morrocoy, Venezuela
3 records from Vertebrate Zoology Division - Ichthyology, Yale Peabody Museum
2 records from Zone de mouillages et d&apos;équipements légers (ZMEL) en mouillages éco-récifs sur les trois sites de Malendure, la baie du Bourg et l&apos;Anse à la Barque - commune de Bouillante - Biocénoses marines bourg de Bouillante
2 records from Seagrass Monitoring at Chengue Bay, Colombia
30 records from Fortalecimiento de las colecciones de ECOSUR. Primera fase (Ictioplancton Chetumal)
3071 records from Florida Keys Reef Visual Census 2009
5 records from Référentiel taxonomique national (TAXREF) - Inventaire des Collectivités d&apos;outre-mer et de la métropole (ICOM_14) issu des données biogéographiques de TAXREF v14
5 records from Référentiel taxonomique national (TAXREF) - Inventaire des Collectivités d&apos;outre-mer et de la métropole (ICOM_15) issu des données biogéographiques de TAXREF v15
2 records from Computarización de la Colección Nacional de Peces del Instituto de Biología UNAM
3595 records from Dry Tortugas Reef Visual Census 2010
2577 records from National Coral Reef Monitoring Program: Assessment of fish communities in the Florida Keys during 2014
9 records from Données du Parc national de la Guadeloupe - Données de type contact en Guadeloupe (PNG-obsocc - Observations occasionnelles)
1 records from CardObs : Observations naturalistes issues de l&apos;outil CardObs-Données naturalistes d&apos; Anne PROUZET
1494 records from Florida Keys Reef Visual Census 2005
6 records from KUBI Ichthyology Tissue Collection
837 records from Florida Keys Reef Visual Census 1995
1 records from Comunidad íctica de la Isla Cayo Serranilla durante la Expedición Seaflower 2017 - Proyecto Colombia BIO
1 records from Checklist of Fishes from Madagascar Reef, Campeche Bank, México
543 records from Florida Keys Reef Visual Census 1994
3 records from Caracterización ecológica y de la diversidad en los ecosistemas de arrecifes de coral y pastos marinos en la jurisdicción marina de CORPAMAG, departamento del Magdalena, Caribe Colombiano
738 records from Florida Keys Reef Visual Census 2004
70 records from Academy of Natural Sciences Ichthyology Collection
6 records from Ichthyology Collection - Royal Ontario Museum
1 records from Fish occurrence data in the Terminos Lagoon, Campeche
91 records from Reef Life Survey: Global reef fish dataset
5 records from Référentiel taxonomique national (TAXREF)-Inventaire des Collectivités d&apos;outre-mer et de la métropole issu des données biogéographiques de TAXREF
1 records from MarineGEO visual diver surveys of fish communities around Carrie Bow Cay, Belize, 2015
1 records from Valoración de servicios ecosistémicos y diversidad biológica de los arrecifes de coral en los alrededores de la Isla Cayos de Bolívar, Reserva de Biósfera Seaflower, Caribe Colombiano.
106 records from Peces asociados a los arrecifes coralinos del norte de Veracruz
2 records from Macaulay Library Audio and Video Collection
22 records from NMNH Extant Specimen Records (USNM, US)
1 records from Laughing Bird Caye National Park management plan 2011 - 2016: a component of Belize&apos;s world heritage site: Fishes Checklist
46 records from Field Museum of Natural History (Zoology) Fish Collection
924 records from Dry Tortugas Reef Visual Census 1999
6 records from Florida Fish and Wildlife Conservation Commission - Florida Imperiled Fish Species Investigation - 2001-2004
315 records from Datos de monitoreo asociados al indicador de condición tendencias para peces arrecifales - ICTac
232 records from UF FLMNH Ichthyology
1641 records from Florida Keys Reef Visual Census 2010
19 records from University of Michigan Museum of Zoology, Division of Fishes
1 records from MMNS Ichthyology Collection
1 records from Occurrence records of southern African aquatic biodiversity
5 records from Biodiversidad ictica de la Isla Cayo Serranilla Expedición Seaflower 2017 proyecto Colombia BIO
2916 records from Florida Keys Reef Visual Census 2008
35 records from INSDC Sequences
26 records from NMNH Material Samples (USNM)
3 records from Colección de Ictiología del Instituto de Ciencias Naturales (ICN-MHN-Ic)
2 records from MODERNISATION DURABLE DE LA VALORISATION DES DECHETS DE SAINT-MARTIN - Etude des biocénoses marines
27 records from Données sur la biodiversité des récifs coralliens de Martinique (OMMM)
1399 records from Florida Keys Reef Visual Census 1997
364 records from Sistema de Monitoreo de Arrecifes Coralinos - SIMAC: Abundancia de peces arrecifales
1460 records from Florida Keys Reef Visual Census 2006
3411 records from Dry Tortugas Reef Visual Census 2008
1382 records from iNaturalist Research-grade Observations
1532 records from Florida Keys Reef Visual Census 2002
2 records from USGS Marine Fishes of St. Croix and U.S. Virgin Islands
1802 records from Florida Keys Reef Visual Census 2001
3 records from KUBI Ichthyology Collection
19 records from Inventario ictiofaunístico de los humedales de Puerto Morelos, Quintana Roo
2 records from Canadian Museum of Nature Fish Collection
7 records from naturgucker
102 records from Caracterización ecológica y monitoreo del Parque Nacional Sistema Arrecifal Veracruzano: Primera Etapa
2645 records from Florida Keys Reef Visual Census 2012
1 records from Evaluación de la ictiofauna en las áreas focales del corredor biológico costero-Yucatán
1 records from Biodiversidad íctica en corales de Providencia durante la Expedición Seaflower 2019 - Proyecto Colombia BIO
2 records from Zone de mouillages et d&apos;équipements légers (ZMEL) en mouillages éco-récifs sur les trois sites de Malendure, la baie du Bourg et l&apos;Anse à la Barque - commune de Bouillante - Bioécnoses marines Anse à la Barque
12 records from Biodiversidad íctica de la Isla Cayos de Albuquerque Reserva de Biosfera Seaflower-Proyecto Colombia BIO
2 records from Zone de mouillages et d&apos;équipements légers (ZMEL) en mouillages éco-récifs sur les trois sites de Malendure, la baie du Bourg et l&apos;Anse à la Barque - commune de Bouillante - Herbiers Halophila stipulacea de la Baie de Malendure
1423 records from Florida Keys Reef Visual Census 2000
4725 records from National Coral Reef Monitoring Program: Assessment of fish communities in the Dry Tortugas during 2014
1 records from Northeast Fisheries Science Center Bottom Trawl Survey Data
1 records from Valoración de servicios ecosistémicos y diversidad biológica de los arrecifes de coral en los alrededores de las islas Cayos de Bajo Nuevo, Reserva de Biosfera Seaflower, Caribe Colombiano
1 records from Comunidad íctica del atolón Albuquerque durante la Expedición Seaflower 2018 - Proyecto Colombia BIO
31 records from Museum of Comparative Zoology, Harvard University
2 records from Zone de mouillages et d&apos;équipements légers (ZMEL) en mouillages éco-récifs sur les trois sites de Malendure, la baie du Bourg et l&apos;Anse à la Barque - commune de Bouillante - Bioécnoses marines Baie de Malendure
3183 records from National Coral Reef Monitoring Program: Assessment of fish communities in the Dry Tortugas during 2016
100 records from Monitoreo complementarios de algas, invertebrados y peces en el Parque Nacional Arrecifes de Cozumel
1451 records from Dry Tortugas Reef Visual Census 2000
1086 records from Puerto Rico Long-Term Coral Reef Monitoring Program Database Compilation
90 records from Caracterización y monitoreo de la condición arrecifal en cinco áreas naturales protegidas y un área de influencia de Quintana Roo, México: Primera etapa
1 records from Fishes from Madagascar Reef, Campeche Bank, México
41 records from Observation.org, Nature data from around the World
1 records from Biodiversidad íctica de Isla Cayos de Bolívar: potencial del territorio insular colombiano en la conservación de especies amenazadas
21 records from Biodiversity Research and Teaching Collections - TCWC Vertebrates
2124 records from Florida Keys Reef Visual Census 2011
6 records from Coral reef-associated fauna in the Bajos del Norte and National Park Alacranes Reef: OCEANA Expedition 2021
1 records from MCNH Museum of Cultural and Natural History Fish Collection
3205 records from National Coral Reef Monitoring Program: Assessment of fish communities in the Florida Keys during 2018
78 records from Données du Parc National de la Guadeloupe - Protocole d&apos;évaluation rapide des communautés ichtyologiques en Guadeloupe
1 records from The occurrence status (present/absent) of the fish species associated with the ECOREEF, Discovery Bay, Jamaica (2015-2017)
333 records from Programme CROMIS: carnet de plongée en ligne de la FFESSM-Observations d&apos;espèces subaquatiques collectées par les utilisateurs de CROMIS
1 records from Inventory of fishes of Everglades National Park: Fishes Checklist
1916 records from Dry Tortugas Reef Visual Census 2006
6 records from NCSM Ichthyology Collection
1 records from Historical assessments of Coastal Demersal Fish Stock for Trinidad and Tobago
145 records from Fish assemblages across artificial and natural reefs in Puerto Rico
1 records from Estudio taxonómico y zoogeográfico de áreas selectas de peces marinos en Laguna Madre y Costas de Tamaulipas, Veracruz y Campeche, México
1047 records from Florida Keys Reef Visual Census 1999
2407 records from Dry Tortugas Reef Visual Census 2004
9 records from Datos de monitoreo de las praderas de pastos marinos del Caribe colombiano – Estructura peces
2 records from The Ichthyology Collection at the Staatliches Museum für Naturkunde Stuttgart
1 records from Données du Parc National de la Guadeloupe - Réseau de suivi des récifs des Antilles françaises (GCRMN)
2 records from Travaux de dragage et de déroctage du port de Port-Louis (Guadeloupe)-Cartographie des habitats marins et des espèces associées (Port-Louis)
1 records from Données du Parc national de la Guadeloupe - Données de type Occurrence de taxons
1290 records from Florida Keys Reef Visual Census 2003
1586 records from Puerto Rico Reef Visual Census (RVC) 2016 - 2021
2 records from South Caribbean Diversity
4 records from Computarización de la base de datos de la colección ictiológica de la Universidad Michoacana
1 records from &quot;RÉSID’ANSE CHAMPAGNE&quot;, CARIB&apos;INN: Construction d’un site hôtelier et résidentiel et aménagement du littoral - Inventaire faune-flore 2018 du projet Anse Champagne (commune de Saint-François)
18 records from CAS Ichthyology (ICH)
12 records from Fortalecimiento de las colecciones de ECOSUR. Primera fase (Peces Chetumal)
138 records from Programme BioObs: observations naturalistes en milieux aquatiques-Observations de BioObs.
10 records from LACM Vertebrate Collection
2 records from Peces de arrecifes coralinos de Isla Larga y Alcatraz, PN San Esteban, Venezuela
1 records from Selected Methods for Monitoring Physical and Biological Parameters for Use in the Mesoamerican Region: Fishes Checklist</para>
            </abstract>
            <contact>
            <individualName>
                    <surName>GBIF Download Service</surName>
            </individualName>
<electronicMailAddress>support@gbif.org</electronicMailAddress>            </contact>

    </dataset>

    <additionalMetadata>
        <metadata>
            <gbif>
                <dateStamp>2024-07-11T14:26:45Z</dateStamp>
                <citation identifier="10.15468/dl.vwcmx2">GBIF Occurrence Download 10.15468/dl.vwcmx2</citation>
                    <physical>
                        <objectName>Darwin Core Archive</objectName>
                        <characterEncoding>UTF-8</characterEncoding>
                        <dataFormat>
                            <externallyDefinedFormat>
                                <formatName>Darwin Core Archive</formatName>
                            </externallyDefinedFormat>
                        </dataFormat>
                        <distribution>
                            <online>
                                <url function="download">https://api.gbif.org/v1/occurrence/download/request/0020688-240626123714530.zip</url>
                            </online>
                        </distribution>
                    </physical>
            </gbif>
        </metadata>
    </additionalMetadata>

</eml:eml>
