<?xml version="1.0" encoding="utf-8"?>
<eml:eml xmlns:eml="eml://ecoinformatics.org/eml-2.1.1" xmlns:xsi="http://www.w3.org/2001/XMLSchema-instance"
         xsi:schemaLocation="eml://ecoinformatics.org/eml-2.1.1 http://rs.gbif.org/schema/eml-gbif-profile/1.2/eml.xsd"
packageId="17aaf1d7-cc78-4a60-a60c-9d219e883ee7"  system="http://gbif.org" scope="system"
xml:lang="es">

    <dataset>
            <alternateIdentifier>10.15468/ujx72p</alternateIdentifier>
                <alternateIdentifier>https://ipt.iobis.org/caribbeanobis/resource?r=pecesmanglar</alternateIdentifier>
                <alternateIdentifier>17aaf1d7-cc78-4a60-a60c-9d219e883ee7</alternateIdentifier>
                <alternateIdentifier>http://ipt.iobis.org/caribbeanobis/resource?r=pecesmanglar</alternateIdentifier>
        <title>Peces asociados a raíces de manglar en el PN Morrocoy, Venezuela</title>
            <creator>
            <individualName>
<givenName>Adriana</givenName>                    <surName>López</surName>
            </individualName>
<organizationName>Universidad Simón Bolívar</organizationName><positionName>Profesor Universitario/Investigador</positionName>            <address>
<deliveryPoint>Valle de Sartenejas</deliveryPoint><administrativeArea>Estado Miranda</administrativeArea><country>VENEZUELA</country>            </address>
<electronicMailAddress>adrilopez@usb.ve</electronicMailAddress>            <userId directory="http://orcid.org/">0000-0001-9852-0976</userId>
            </creator>
            <metadataProvider>
            <individualName>
<givenName>Adriana</givenName>                    <surName>López</surName>
            </individualName>
<organizationName>Universidad Simón Bolívar</organizationName><positionName>Profesor Universitario/Investigador</positionName>            <address>
<deliveryPoint>Valle de Sartenejas</deliveryPoint><administrativeArea>Estado Miranda</administrativeArea><country>VENEZUELA</country>            </address>
<electronicMailAddress>adrilopez@usb.ve</electronicMailAddress>            <userId directory="http://orcid.org/">0000-0001-9852-0976</userId>
            </metadataProvider>
            <associatedParty>
            <individualName>
<givenName>Adriana</givenName>                    <surName>López</surName>
            </individualName>
<organizationName>Universidad Simón Bolívar</organizationName><positionName>Profesor Universitario/Investigador</positionName>            <address>
<deliveryPoint>Valle de Sartenejas</deliveryPoint><administrativeArea>Estado Miranda</administrativeArea><country>VENEZUELA</country>            </address>
<electronicMailAddress>adrilopez@usb.ve</electronicMailAddress>            <userId directory="http://orcid.org/">0000-0001-9852-0976</userId>
            <role>AUTHOR</role>
            </associatedParty>
            <associatedParty>
            <individualName>
<givenName>Jose</givenName>                    <surName>Rodríguez</surName>
            </individualName>
<organizationName>Universidad de Carabobo</organizationName><positionName>Profesor Universitario/Investigador</positionName>            <address>
<city>Valencia</city><administrativeArea>Carabobo</administrativeArea><country>VENEZUELA</country>            </address>
<electronicMailAddress>stegastes@hotmail.com</electronicMailAddress>            <role>EDITOR</role>
            </associatedParty>
            <associatedParty>
            <individualName>
<givenName>Herrera</givenName>                    <surName>Ana</surName>
            </individualName>
<organizationName>Universidad Central de Venezuela</organizationName><positionName>Profesor Universitario/Investigador</positionName>            <address>
<administrativeArea>Distrito capital</administrativeArea><country>VENEZUELA</country>            </address>
            <role>CONTENT_PROVIDER</role>
            </associatedParty>
            <associatedParty>
            <individualName>
<givenName>Martinez</givenName>                    <surName>Kimberly</surName>
            </individualName>
<organizationName>Universidad de Carabobo</organizationName><positionName>Biologo</positionName>            <address>
<country>VENEZUELA</country>            </address>
            <role>CONTENT_PROVIDER</role>
            </associatedParty>
            <associatedParty>
            <individualName>
<givenName>Lisette</givenName>                    <surName>Mollins</surName>
            </individualName>
<organizationName>Universidad de Carabobo</organizationName><positionName>Investigador</positionName>            <address>
<country>VENEZUELA</country>            </address>
            <role>CONTENT_PROVIDER</role>
            </associatedParty>
            <pubDate>
                2022-11-02
            </pubDate>
        <language>SPANISH</language>
            <abstract>
                    <para>Este conjunto de datos provienen de un proyecto de tesis doctoral titulado: Patrones de distribución espacial de los estadios juveniles de peces arrecifales en el Parque Nacional Morrocoy, con énfasis en la identificación de zonas guardería. Este set de datos corresponde a 5 muestreos realizados durante los meses de octubre 2012, enero, febrero, julio 2013 y junio 2014, en 5 localidades del Parque Nacional Morrocoy. En cada localidad se ubicaron de 2 a 3 transectos y se realizaron censos visuales reportando las especies de peces presentes y sus abundancias.</para>
            </abstract>
                <keywordSet>
                        <keyword>PN Morrocoy</keyword>
                        <keyword>mangrove roots</keyword>
                        <keyword>Occurrence</keyword>
                        <keyword>fishes</keyword>
                        <keyword>Caribe sur</keyword>
                        <keyword>ID: BID-CA2020-025-NAC</keyword>
                        <keywordThesaurus>GBIF Dataset Type Vocabulary: http://rs.gbif.org/vocabulary/gbif/datasetType/samplingEvent</keywordThesaurus>
                </keywordSet>
                <keywordSet>
                        <keyword>Samplingevent</keyword>
                        <keywordThesaurus>GBIF Dataset Type Vocabulary: http://rs.gbif.org/vocabulary/gbif/dataset_type.xml</keywordThesaurus>
                </keywordSet>
                <keywordSet>
                        <keyword>Samplingevent</keyword>
                        <keywordThesaurus>GBIF Dataset Type Vocabulary: http://rs.gbif.org/vocabulary/gbif/dataset_type_2015-07-10.xml</keywordThesaurus>
                </keywordSet>
            <additionalInfo>
                <para>La transcripción y curaduría de este conjunto de datos fue posible gracias al apoyo de CaribeSur, proyecto BID-CA2020-025-NAC</para>
            </additionalInfo>
            <intellectualRights>
                    <para>This work is licensed under a <ulink url="http://creativecommons.org/licenses/by/4.0/legalcode"><citetitle>Creative Commons Attribution (CC-BY) 4.0 License</citetitle></ulink>.</para>
            </intellectualRights>
            <coverage>
                    <geographicCoverage>
                            <geographicDescription>Los datos fueron tomados en cinco localidades del Parque Nacional Morrocoy el cual se encuentra ubicado en la zona costera centro occidental de Venezuela, conocida como Golfo Triste. Las localidades se ubicaron considerando un gradiente oeste-este y la presencia de bosques de manglar: Tumba Cuatro, Bajo Caimán, Playa Mero, Boca Seca y Pescadores.</geographicDescription>
                            <boundingCoordinates>
                                <westBoundingCoordinate>-68.365</westBoundingCoordinate>
                                <eastBoundingCoordinate>-68.187</eastBoundingCoordinate>
                                <northBoundingCoordinate>10.948</northBoundingCoordinate>
                                <southBoundingCoordinate>10.778</southBoundingCoordinate>
                            </boundingCoordinates>
                    </geographicCoverage>
                    <temporalCoverage>
                            <rangeOfDates>
                                <beginDate>
                                    <calendarDate>                2012-10-28
</calendarDate>
                                </beginDate>
                                <endDate>
                                    <calendarDate>                2014-06-18
</calendarDate>
                                </endDate>
                            </rangeOfDates>
                    </temporalCoverage>
                        <taxonomicCoverage>
                                <generalTaxonomicCoverage>Todos los peces reportados fueron identificaron hasta nivel de especie</generalTaxonomicCoverage>
                                <taxonomicClassification>
                                        <taxonRankName>Species</taxonRankName>
                                    <taxonRankValue>Abudefduf saxatilis</taxonRankValue>
                                </taxonomicClassification>
                                <taxonomicClassification>
                                        <taxonRankName>Species</taxonRankName>
                                    <taxonRankValue>Acanthurus bahianus</taxonRankValue>
                                </taxonomicClassification>
                                <taxonomicClassification>
                                        <taxonRankName>Species</taxonRankName>
                                    <taxonRankValue>Acanthurus chirurgus</taxonRankValue>
                                </taxonomicClassification>
                                <taxonomicClassification>
                                        <taxonRankName>Species</taxonRankName>
                                    <taxonRankValue>Acanthurus coeruleus</taxonRankValue>
                                </taxonomicClassification>
                                <taxonomicClassification>
                                        <taxonRankName>Species</taxonRankName>
                                    <taxonRankValue>Archosargus rhomboidalis</taxonRankValue>
                                </taxonomicClassification>
                                <taxonomicClassification>
                                        <taxonRankName>Species</taxonRankName>
                                    <taxonRankValue>Atherinomorus stipes</taxonRankValue>
                                </taxonomicClassification>
                                <taxonomicClassification>
                                        <taxonRankName>Species</taxonRankName>
                                    <taxonRankValue>Chaetodon capistratus</taxonRankValue>
                                </taxonomicClassification>
                                <taxonomicClassification>
                                        <taxonRankName>Species</taxonRankName>
                                    <taxonRankValue>Chaetodon striatus</taxonRankValue>
                                </taxonomicClassification>
                                <taxonomicClassification>
                                        <taxonRankName>Species</taxonRankName>
                                    <taxonRankValue>Diodon holocanthus</taxonRankValue>
                                </taxonomicClassification>
                                <taxonomicClassification>
                                        <taxonRankName>Species</taxonRankName>
                                    <taxonRankValue>Eucinostomus argenteus</taxonRankValue>
                                </taxonomicClassification>
                                <taxonomicClassification>
                                        <taxonRankName>Species</taxonRankName>
                                    <taxonRankValue>Eucinostomus melanopterus</taxonRankValue>
                                </taxonomicClassification>
                                <taxonomicClassification>
                                        <taxonRankName>Species</taxonRankName>
                                    <taxonRankValue>Gerres cinereus</taxonRankValue>
                                </taxonomicClassification>
                                <taxonomicClassification>
                                        <taxonRankName>Species</taxonRankName>
                                    <taxonRankValue>Haemulon aurolineatum</taxonRankValue>
                                </taxonomicClassification>
                                <taxonomicClassification>
                                        <taxonRankName>Species</taxonRankName>
                                    <taxonRankValue>Haemulon chrysargyreum</taxonRankValue>
                                </taxonomicClassification>
                                <taxonomicClassification>
                                        <taxonRankName>Species</taxonRankName>
                                    <taxonRankValue>Haemulon flavolineatum</taxonRankValue>
                                </taxonomicClassification>
                                <taxonomicClassification>
                                        <taxonRankName>Species</taxonRankName>
                                    <taxonRankValue>Haemulon melanurum</taxonRankValue>
                                </taxonomicClassification>
                                <taxonomicClassification>
                                        <taxonRankName>Species</taxonRankName>
                                    <taxonRankValue>Haemulon parra</taxonRankValue>
                                </taxonomicClassification>
                                <taxonomicClassification>
                                        <taxonRankName>Species</taxonRankName>
                                    <taxonRankValue>Haemulon sciurus</taxonRankValue>
                                </taxonomicClassification>
                                <taxonomicClassification>
                                        <taxonRankName>Species</taxonRankName>
                                    <taxonRankValue>Halichoeres bivittatus</taxonRankValue>
                                </taxonomicClassification>
                                <taxonomicClassification>
                                        <taxonRankName>Species</taxonRankName>
                                    <taxonRankValue>Halichoeres maculipinna</taxonRankValue>
                                </taxonomicClassification>
                                <taxonomicClassification>
                                        <taxonRankName>Species</taxonRankName>
                                    <taxonRankValue>Halichoeres radiatus</taxonRankValue>
                                </taxonomicClassification>
                                <taxonomicClassification>
                                        <taxonRankName>Species</taxonRankName>
                                    <taxonRankValue>Hypoplectrus puella</taxonRankValue>
                                </taxonomicClassification>
                                <taxonomicClassification>
                                        <taxonRankName>Species</taxonRankName>
                                    <taxonRankValue>Kyphosus sectatrix</taxonRankValue>
                                </taxonomicClassification>
                                <taxonomicClassification>
                                        <taxonRankName>Species</taxonRankName>
                                    <taxonRankValue>Lutjanus analis</taxonRankValue>
                                </taxonomicClassification>
                                <taxonomicClassification>
                                        <taxonRankName>Species</taxonRankName>
                                    <taxonRankValue>Lutjanus apodus</taxonRankValue>
                                </taxonomicClassification>
                                <taxonomicClassification>
                                        <taxonRankName>Species</taxonRankName>
                                    <taxonRankValue>Lutjanus griseus</taxonRankValue>
                                </taxonomicClassification>
                                <taxonomicClassification>
                                        <taxonRankName>Species</taxonRankName>
                                    <taxonRankValue>Lutjanus mahogoni</taxonRankValue>
                                </taxonomicClassification>
                                <taxonomicClassification>
                                        <taxonRankName>Species</taxonRankName>
                                    <taxonRankValue>Lutjanus synagris</taxonRankValue>
                                </taxonomicClassification>
                                <taxonomicClassification>
                                        <taxonRankName>Species</taxonRankName>
                                    <taxonRankValue>Mulloidichthys martinicus</taxonRankValue>
                                </taxonomicClassification>
                                <taxonomicClassification>
                                        <taxonRankName>Species</taxonRankName>
                                    <taxonRankValue>Myrichthys ocellatus</taxonRankValue>
                                </taxonomicClassification>
                                <taxonomicClassification>
                                        <taxonRankName>Species</taxonRankName>
                                    <taxonRankValue>Ocyurus chrysurus</taxonRankValue>
                                </taxonomicClassification>
                                <taxonomicClassification>
                                        <taxonRankName>Species</taxonRankName>
                                    <taxonRankValue>Pseudupeneus maculatus</taxonRankValue>
                                </taxonomicClassification>
                                <taxonomicClassification>
                                        <taxonRankName>Species</taxonRankName>
                                    <taxonRankValue>Scarus guacamaia</taxonRankValue>
                                </taxonomicClassification>
                                <taxonomicClassification>
                                        <taxonRankName>Species</taxonRankName>
                                    <taxonRankValue>Scarus iseri</taxonRankValue>
                                </taxonomicClassification>
                                <taxonomicClassification>
                                        <taxonRankName>Species</taxonRankName>
                                    <taxonRankValue>Scarus taeniopterus</taxonRankValue>
                                </taxonomicClassification>
                                <taxonomicClassification>
                                        <taxonRankName>Species</taxonRankName>
                                    <taxonRankValue>Sparisoma aurofrenatum</taxonRankValue>
                                </taxonomicClassification>
                                <taxonomicClassification>
                                        <taxonRankName>Species</taxonRankName>
                                    <taxonRankValue>Sparisoma chrysopterum</taxonRankValue>
                                </taxonomicClassification>
                                <taxonomicClassification>
                                        <taxonRankName>Species</taxonRankName>
                                    <taxonRankValue>Sparisoma radians</taxonRankValue>
                                </taxonomicClassification>
                                <taxonomicClassification>
                                        <taxonRankName>Species</taxonRankName>
                                    <taxonRankValue>Sparisoma rubripinne</taxonRankValue>
                                </taxonomicClassification>
                                <taxonomicClassification>
                                        <taxonRankName>Species</taxonRankName>
                                    <taxonRankValue>Sparisoma viride</taxonRankValue>
                                </taxonomicClassification>
                                <taxonomicClassification>
                                        <taxonRankName>Species</taxonRankName>
                                    <taxonRankValue>Sphoeroides spengleri</taxonRankValue>
                                </taxonomicClassification>
                                <taxonomicClassification>
                                        <taxonRankName>Species</taxonRankName>
                                    <taxonRankValue>Sphoeroides testudineus</taxonRankValue>
                                </taxonomicClassification>
                                <taxonomicClassification>
                                        <taxonRankName>Species</taxonRankName>
                                    <taxonRankValue>Sphyraena picudilla</taxonRankValue>
                                </taxonomicClassification>
                                <taxonomicClassification>
                                        <taxonRankName>Species</taxonRankName>
                                    <taxonRankValue>Stegastes adustus</taxonRankValue>
                                </taxonomicClassification>
                                <taxonomicClassification>
                                        <taxonRankName>Species</taxonRankName>
                                    <taxonRankValue>Stegastes leucostictus</taxonRankValue>
                                </taxonomicClassification>
                                <taxonomicClassification>
                                        <taxonRankName>Species</taxonRankName>
                                    <taxonRankValue>Stegastes partitus</taxonRankValue>
                                </taxonomicClassification>
                        </taxonomicCoverage>
            </coverage>
            <purpose>
                <para>Estimar la importancia de ambientes de manglar para la ictiofauna arrecifal en el PNM, y evaluar e identificar potenciales sitios guardería para este grupo.</para>
            </purpose>
            <maintenance>
                <description>
                    <para></para>
                </description>
                <maintenanceUpdateFrequency>notPlanned</maintenanceUpdateFrequency>
            </maintenance>
            <contact>
            <individualName>
<givenName>Adriana</givenName>                    <surName>López</surName>
            </individualName>
<organizationName>Universidad Simón Bolívar</organizationName><positionName>Profesor Universitario/Investigador</positionName>            <address>
<deliveryPoint>Valle de Sartenejas</deliveryPoint><administrativeArea>Estado Miranda</administrativeArea><country>VENEZUELA</country>            </address>
<electronicMailAddress>adrilopez@usb.ve</electronicMailAddress>            <userId directory="http://orcid.org/">0000-0001-9852-0976</userId>
            </contact>
            <methods>
                    <methodStep>
                        <description>
                            <para>Para caracterizar la comunidad íctica se ubicaron en cada ambiente bandas transeptos de 30 m de longitud por 2 m de ancho cuando fue posible, a lo largo de las cuales se realizaron censos visuales identificando y cuantificando las especies presentes. El número de transeptos fue variable y dependió de la extensión del ambiente tratando de estandarizar la intensidad de muestreo en términos de área y tiempo empleado, sin embargo se trató de realizar 3 replicas en cada ambiente. Para el caso de los manglares los transeptos fueron colocados paralelos a las raíces y se tomaron los 2 metros desde el borde hacia interior del manglar. Para la identificación de las especies presentes se utilizarán claves de campo (Humann 1996, Cervigón &amp; Ramírez 2012). Con los datos obtenidos se construyeron matrices de abundancia por especie reportada en cada localidad.</para>
                        </description>
                    </methodStep>
                    <sampling>
                        <studyExtent>
                            <description>
                                <para>Se seleccionaron 5 localidades ubicadas a lo largo de un gradiente oeste-este que va desde zonas con una mayor influencia continental y características de humedales hasta zonas con una mayor influencia oceánica, siguiendo este orden: Tumba Cuatro (TC), Bajo Caimán (BC), Boca Seca (BS), Playa Mero (ME) y Cayo Pescadores (PE)</para>
                            </description>
                        </studyExtent>
                        <samplingDescription>
                            <para>Para evaluar la comunidad íctica se ubicaron en cada localidad 3 a 4 banda-transeptos de 30 m de longitud por 2 m paralelos a las raíces de manglar, a lo largo de los cuales se realizaron censos visuales identificando y cuantificando las especies presentes.</para>
                        </samplingDescription>
                    </sampling>
            </methods>

            <project id="BID-CA2020-025-NAC">
                <title>Patrones de distribución espacial de los estadios juveniles de peces arrecifales en el Parque Nacional Morrocoy, con énfasis en la identificación de zonas guardería</title>
                    <personnel>
            <individualName>
<givenName>Adriana</givenName>                    <surName>López</surName>
            </individualName>
            <userId directory="http://orcid.org/">0000-0001-9852-0976</userId>
            <role>AUTHOR</role>
                    </personnel>
                    <personnel>
            <individualName>
<givenName>Jose gregorio</givenName>                    <surName>Rodríguez</surName>
            </individualName>
            <role>EDITOR</role>
                    </personnel>
                    <personnel>
            <individualName>
<givenName>Kimberly</givenName>                    <surName>Martínez</surName>
            </individualName>
            <role>CONTENT_PROVIDER</role>
                    </personnel>
                    <personnel>
            <individualName>
<givenName>Mollins</givenName>                    <surName>Lisette</surName>
            </individualName>
            <role>CONTENT_PROVIDER</role>
                    </personnel>
                    <personnel>
            <individualName>
<givenName>Herrera</givenName>                    <surName>Ana</surName>
            </individualName>
            <role>CONTENT_PROVIDER</role>
                    </personnel>
                <abstract>
                    <para>En este proyecto se plantéo como objetivo general: describir el patrón de distribución espacial de los estadios juveniles y adultos de peces arrecifales y su relación con la estructura del hábitat a lo largo de un gradiente oeste-este en el Parque Nacional Morrocoy (PNM), haciendo énfasis en la identificación de zonas y/o ambientes potencialmente importantes para estos estadios</para>
                </abstract>
                <funding>
                    <para>Curaduría y movilización de datos Proyecto GBIF-CaribeSurID: BID-CA2020-025-NAC</para>
                </funding>
                    <studyAreaDescription>
                        <descriptor name="generic" citableClassificationSystem="false">
                            <descriptorValue>El Parque Nacional Morrocoy se encuentra ubicado en la zona costera centro occidental de Venezuela, conocida como Golfo Triste (10º 52’N y 68º 16’O), comprende unos 320 km2 de ecosistemas continentales, insulares y marinos entre los que destacan los bosques de manglar, dominados por Rizophora mangle, praderas de pastos marinos, dominadas por Thalassia testudinum, fondos arenosos desprovistos de vegetación y arrecifes coralinos costeros.</descriptorValue>
                        </descriptor>
                    </studyAreaDescription>
                    <designDescription>
                        <description>
                            <para>se planteó un diseño mixto para evaluar las variaciones en la comunidad de peces a diferentes escalas espaciales y a su vez determinar en cuál de las escalas consideradas se presenta la mayor fuente de variación, se incluyeron factores tanto fijos (ambientes) como aleatorios (sitios y tiempos).  Se seleccionaron 5 sitios ubicados lo largo de un gradiente oeste-este que va desde zonas con una mayor influencia continental y características de humedales (Tumba Cuatro) hasta zonas con una mayor influencia oceánica (Pescadores). En cada uno de los sitios seleccionados  se ubicaron entre 3 y 4 transectas para evaluar la comunidad de peces durante los diferentes muestreos.</para>
                        </description>
                    </designDescription>
            </project>
    </dataset>

    <additionalMetadata>
        <metadata>
            <gbif>
                <dateStamp>2024-07-11T14:26:27Z</dateStamp>
                <citation>López A (2022): Peces asociados a raíces de manglar en el PN Morrocoy, Venezuela. v1.4. Caribbean OBIS Node. Dataset/Samplingevent. https://ipt.iobis.org/caribbeanobis/resource?r=pecesmanglar&amp;v=1.4 https://doi.org/10.15468/ujx72p accessed via GBIF.org on 2024-07-11.</citation>
                    <bibliography>
                <citation>López-Ordaz, A., Rodríguez-Quintal, JG, Herrera-Reveles, AT. 2020. LAS RAÍCES DE MANGLAR COMO AMBIENTE GUARDERÍA PARA LA ICTIOFAUNA ARRECIFAL EN EL PARQUE NACIONAL MORROCOY, VENEZUELA. Acta Biol. Venez., 40(1):65-82</citation>
                    </bibliography>
                    <resourceLogoUrl>http://ipt.iobis.org/caribbeanobis/logo.do?r=pecesmanglar</resourceLogoUrl>
            </gbif>
        </metadata>
    </additionalMetadata>

</eml:eml>
