<?xml version="1.0" encoding="utf-8"?>
<eml:eml xmlns:eml="eml://ecoinformatics.org/eml-2.1.1" xmlns:xsi="http://www.w3.org/2001/XMLSchema-instance"
         xsi:schemaLocation="eml://ecoinformatics.org/eml-2.1.1 http://rs.gbif.org/schema/eml-gbif-profile/1.2/eml.xsd"
packageId="20e8d7fb-9b3b-43c6-a81d-8ebcd6c0ab11"  system="http://gbif.org" scope="system"
xml:lang="en">

    <dataset>
            <alternateIdentifier>10.15468/nawlft</alternateIdentifier>
                <alternateIdentifier>https://obis.org/dataset/5702d4da-3041-4601-94f7-7a2e3c6e722c</alternateIdentifier>
                <alternateIdentifier>https://ipt-obis.gbif.us/resource?r=drytortugasreefvisualcensus2014</alternateIdentifier>
                <alternateIdentifier>20e8d7fb-9b3b-43c6-a81d-8ebcd6c0ab11</alternateIdentifier>
                <alternateIdentifier>https://www1.usgs.gov/obis-usa/ipt/resource?r=drytortugasreefvisualcensus2014</alternateIdentifier>
        <title>National Coral Reef Monitoring Program: Assessment of fish communities in the Dry Tortugas during 2014</title>
            <creator>
<organizationName>National Oceanic and Atmospheric Administration</organizationName><onlineUrl>https://www.noaa.gov/</onlineUrl>            </creator>
            <creator>
<organizationName>Florida Fish and Wildlife Commission</organizationName><onlineUrl>http://myfwc.com/</onlineUrl>            </creator>
            <creator>
<organizationName>National Park Service</organizationName><onlineUrl>https://www.nps.gov</onlineUrl>            </creator>
            <creator>
<organizationName>University of Miami</organizationName><onlineUrl>http://www.miami.edu/</onlineUrl>            </creator>
            <creator>
<organizationName>Nova Southeastern University</organizationName><onlineUrl>http://www.nova.edu/index.html</onlineUrl>            </creator>
            <metadataProvider>
            <individualName>
<givenName>Jeremiah</givenName>                    <surName>Blondeau</surName>
            </individualName>
<organizationName>US DOC; NOAA; NMFS; Southeast Fisheries Science Center; Miami, FL Laboratory</organizationName><electronicMailAddress>jeremiah.blondeau@noaa.gov</electronicMailAddress>            </metadataProvider>
            <metadataProvider>
<organizationName>US DOC; NOAA; NMFS; Southeast Fisheries Science Center (NMFS/SEFSC)</organizationName><onlineUrl>https://www.sefsc.noaa.gov</onlineUrl>            </metadataProvider>
            <associatedParty>
<organizationName>National Oceanic and Atmospheric Administration</organizationName><onlineUrl>https://www.noaa.gov/</onlineUrl>            <role>AUTHOR</role>
            </associatedParty>
            <associatedParty>
<organizationName>Florida Fish and Wildlife Commission</organizationName><onlineUrl>http://myfwc.com/</onlineUrl>            <role>AUTHOR</role>
            </associatedParty>
            <associatedParty>
<organizationName>National Park Service</organizationName><onlineUrl>https://www.nps.gov</onlineUrl>            <role>AUTHOR</role>
            </associatedParty>
            <associatedParty>
<organizationName>University of Miami</organizationName><onlineUrl>http://www.miami.edu/</onlineUrl>            <role>AUTHOR</role>
            </associatedParty>
            <associatedParty>
<organizationName>Nova Southeastern University</organizationName><onlineUrl>http://www.nova.edu/index.html</onlineUrl>            <role>AUTHOR</role>
            </associatedParty>
            <associatedParty>
            <individualName>
<givenName>Jeremiah</givenName>                    <surName>Blondeau</surName>
            </individualName>
<organizationName>US DOC; NOAA; NMFS; Southeast Fisheries Science Center; Miami, FL Laboratory</organizationName><electronicMailAddress>jeremiah.blondeau@noaa.gov</electronicMailAddress>            <role>CONTENT_PROVIDER</role>
            </associatedParty>
            <associatedParty>
<organizationName>US DOC; NOAA; NMFS; Southeast Fisheries Science Center (NMFS/SEFSC)</organizationName><onlineUrl>https://www.sefsc.noaa.gov</onlineUrl>            <role>CONTENT_PROVIDER</role>
            </associatedParty>
            <associatedParty>
            <individualName>
<givenName>Stephen K.</givenName>                    <surName>Formel</surName>
            </individualName>
<organizationName>U.S. Geological Survey</organizationName><positionName>Biologist</positionName><electronicMailAddress>sformel@usgs.gov</electronicMailAddress>            <userId directory="https://orcid.org/">0000-0001-7418-1244</userId>
            <role>PROCESSOR</role>
            </associatedParty>
            <associatedParty>
            <individualName>
<givenName>Stephen K.</givenName>                    <surName>Formel</surName>
            </individualName>
<organizationName>U.S. Geological Survey</organizationName><positionName>Biologist</positionName><electronicMailAddress>sformel@usgs.gov</electronicMailAddress>            <userId directory="https://orcid.org/">0000-0001-7418-1244</userId>
            <role>PUBLISHER</role>
            </associatedParty>
            <associatedParty>
            <individualName>
<givenName>Abby</givenName>                    <surName>Benson</surName>
            </individualName>
<organizationName>U.S. Geological Survey</organizationName><positionName>Biologist</positionName><electronicMailAddress>albenson@usgs.gov</electronicMailAddress>            <userId directory="https://orcid.org/">0000-0002-4391-107X</userId>
            <role>PROCESSOR</role>
            </associatedParty>
            <associatedParty>
            <individualName>
<givenName>Abby</givenName>                    <surName>Benson</surName>
            </individualName>
<organizationName>U.S. Geological Survey</organizationName><positionName>Biologist</positionName><electronicMailAddress>albenson@usgs.gov</electronicMailAddress>            <userId directory="https://orcid.org/">0000-0002-4391-107X</userId>
            <role>PUBLISHER</role>
            </associatedParty>
            <associatedParty>
            <individualName>
<givenName>Erica</givenName>                    <surName>Towle</surName>
            </individualName>
<organizationName>National Coral Reef Monitoring Program (NCRMP)</organizationName><positionName>Coordinator</positionName><electronicMailAddress>erica.towle@noaa.gov</electronicMailAddress>            <userId directory="https://www.linkedin.com/profile/view?id=">erica-k-towle-ph-d-461598b1</userId>
            <role>POINT_OF_CONTACT</role>
            </associatedParty>
            <associatedParty>
            <individualName>
<givenName>Erica</givenName>                    <surName>Towle</surName>
            </individualName>
<organizationName>National Coral Reef Monitoring Program (NCRMP)</organizationName><positionName>Coordinator</positionName><electronicMailAddress>erica.towle@noaa.gov</electronicMailAddress>            <userId directory="https://www.linkedin.com/profile/view?id=">erica-k-towle-ph-d-461598b1</userId>
            <role>DISTRIBUTOR</role>
            </associatedParty>
            <associatedParty>
            <individualName>
<givenName>Marion</givenName>                    <surName>Stoessel</surName>
            </individualName>
<organizationName>Gulf of Mexico Coastal Ocean Observing System</organizationName><positionName>Data manager</positionName><electronicMailAddress>mstoessel@ocean.tamu.edu</electronicMailAddress>            <role>PROCESSOR</role>
            </associatedParty>
            <pubDate>
                2023-07-24
            </pubDate>
        <language>ENGLISH</language>
            <abstract>
                    <para>This dataset includes observations of reef fish near the Dry Tortugas in 2014. Data were sourced from the SEFSC Data Portal and aligned to Darwin Core. This data is a subset of data from an ongoing project that includes data from other regions and years and is dependent on the sampling design. Data were collected by divers conducting reef visual census (RVC) fish surveys and habitat assessments at 436 sites in the Dry Tortugas. NOAA Southeast Fisheries Science Center (SEFSC) divers collaborated with the University of Miami and the Rosenstiel School of Marine &amp;amp; Atmospheric Science (RSMAS), Florida Keys National Marine Sanctuary (FKNMS), Florida Fish and Wildlife Department/Fish and Wildlife Research Institute (FWRI), State of Florida, Nova Southeastern University, and the National Park Service (South Florida and Caribbean Network). Data are used to assess population and habitat trends (e.g., whether species are overfished), ecosystem responses to fisheries management actions, including determining the effectiveness of no-take marine protected areas (MPAs) and benthic community and coral demographics.</para>
            </abstract>
                <keywordSet>
                        <keyword>Occurrence</keyword>
                        <keywordThesaurus>GBIF Dataset Type Vocabulary: http://rs.gbif.org/vocabulary/gbif/dataset_type.xml</keywordThesaurus>
                </keywordSet>
                <keywordSet>
                        <keyword>Samplingevent</keyword>
                        <keywordThesaurus>GBIF Dataset Type Vocabulary: http://rs.gbif.org/vocabulary/gbif/dataset_type_2015-07-10.xml</keywordThesaurus>
                </keywordSet>
                <keywordSet>
                        <keyword>BENTHIC SPECIES</keyword>
                        <keyword>biological data</keyword>
                        <keyword>CORAL</keyword>
                        <keyword>FISH CENSUS</keyword>
                        <keyword>FISH SPECIES</keyword>
                        <keyword>HABITAT - BENTHIC</keyword>
                        <keyword>SPECIES IDENTIFICATION</keyword>
                        <keyword>SPECIES IDENTIFICATION - COUNT</keyword>
                        <keyword>DEPTH - OBSERVATION</keyword>
                        <keyword>HABITAT</keyword>
                        <keyword>FISH - CORAL REEF</keyword>
                        <keyword>Fish</keyword>
                        <keyword>BENTHIC COMMUNITIES</keyword>
                        <keywordThesaurus>NODC DATA TYPES THESAURUS</keywordThesaurus>
                </keywordSet>
                <keywordSet>
                        <keyword>swimmer/diver</keyword>
                        <keywordThesaurus>NODC INSTRUMENT TYPES THESAURUS</keywordThesaurus>
                </keywordSet>
                <keywordSet>
                        <keyword>survey - swimmer/diver</keyword>
                        <keyword>benthic</keyword>
                        <keyword>biological</keyword>
                        <keyword>survey - coral reef</keyword>
                        <keyword>survey - biological</keyword>
                        <keyword>in situ</keyword>
                        <keywordThesaurus>NODC OBSERVATION TYPES THESAURUS</keywordThesaurus>
                </keywordSet>
                <keywordSet>
                        <keyword>Rosenstiel School of Marine and Atmospheric Science</keyword>
                        <keyword>US DOC; NOAA; NMFS; Southeast Fisheries Science Center</keyword>
                        <keyword>Florida Fish and Wildlife Conservation Commission; Fish and Wildlife Research Institute</keyword>
                        <keyword>US DOC; NOAA; NOS; ONMS; Florida Keys National Marine Sanctuary</keyword>
                        <keyword>Florida State Department of Environmental Protection</keyword>
                        <keyword>Nova Southeastern University</keyword>
                        <keyword>US DOC; NOAA; NOS; Coral Reef Conservation Program</keyword>
                        <keyword>US DOI; National Park Service</keyword>
                        <keyword>University of Miami</keyword>
                        <keywordThesaurus>NODC COLLECTING INSTITUTION NAMES THESAURUS</keywordThesaurus>
                </keywordSet>
                <keywordSet>
                        <keyword>US DOC; NOAA; NMFS; Southeast Fisheries Science Center</keyword>
                        <keywordThesaurus>NODC SUBMITTING INSTITUTION NAMES THESAURUS</keywordThesaurus>
                </keywordSet>
                <keywordSet>
                        <keyword>Coral Reef Conservation Program (CRCP)</keyword>
                        <keyword>CORAL REEF STUDIES</keyword>
                        <keyword>National Coral Reef Monitoring Program (NCRMP)</keyword>
                        <keywordThesaurus>NODC PROJECT NAMES THESAURUS</keywordThesaurus>
                </keywordSet>
                <keywordSet>
                        <keyword>Coastal Waters of Florida</keyword>
                        <keyword>Florida Keys National Marine Sanctuary</keyword>
                        <keyword>Gulf of Mexico</keyword>
                        <keyword>North Atlantic Ocean</keyword>
                        <keywordThesaurus>NODC SEA AREA NAMES THESAURUS</keywordThesaurus>
                </keywordSet>
                <keywordSet>
                        <keyword>oceanography</keyword>
                        <keywordThesaurus>WMO_CategoryCode</keywordThesaurus>
                </keywordSet>
                <keywordSet>
                        <keyword>Southeast Fisheries Science Center</keyword>
                        <keyword>SEFSC</keyword>
                        <keywordThesaurus>Contributing Data Centers</keywordThesaurus>
                </keywordSet>
                <keywordSet>
                        <keyword>DOC/NOAA/NMFS/SEFSC &gt; Southeast Fisheries Science Center</keyword>
                        <keyword>National Marine Fisheries Service</keyword>
                        <keyword>DOC/NOAA/NOS/NMS &gt; National Marine Sanctuaries</keyword>
                        <keyword>U.S. Department of the Interior</keyword>
                        <keyword>NOAA</keyword>
                        <keyword>National Ocean Service</keyword>
                        <keyword>U-MIAMI/RSMAS &gt; Rosenstiel School of Marine and Atmospheric Science</keyword>
                        <keyword>U.S. Department of Commerce</keyword>
                        <keyword>DOI/NPS &gt; National Park Service</keyword>
                        <keyword>University of Miami</keyword>
                        <keywordThesaurus>Global Change Master Directory (GCMD) Data Center Keywords</keywordThesaurus>
                </keywordSet>
                <keywordSet>
                        <keyword>Numeric Data Sets &gt; Biology</keyword>
                        <keyword>Numeric Data Sets &gt; Fish Census</keyword>
                        <keywordThesaurus>CoRIS Discovery Thesaurus</keywordThesaurus>
                </keywordSet>
                <keywordSet>
                        <keyword>EARTH SCIENCE &gt; Oceans &gt; Marine Biology &gt; Fish &gt; Fish Census</keyword>
                        <keyword>EARTH SCIENCE &gt; Biosphere &gt; Zoology &gt; Corals &gt; Reef Monitoring and Assessment &gt; Reef Fish Census</keyword>
                        <keywordThesaurus>CoRIS Theme Thesaurus</keywordThesaurus>
                </keywordSet>
                <keywordSet>
                        <keyword>EARTH SCIENCE &gt; SOLID EARTH &gt; GEOMORPHIC LANDFORMS/PROCESSES &gt; COASTAL LANDFORMS &gt; CORAL REEFS</keyword>
                        <keyword>EARTH SCIENCE &gt; BIOLOGICAL CLASSIFICATION &gt; ANIMALS/VERTEBRATES &gt; FISH</keyword>
                        <keyword>EARTH SCIENCE &gt; BIOSPHERE &gt; ECOSYSTEMS &gt; MARINE ECOSYSTEMS &gt; BENTHIC</keyword>
                        <keyword>EARTH SCIENCE &gt; BIOLOGICAL CLASSIFICATION</keyword>
                        <keywordThesaurus>Global Change Master Directory (GCMD) Science Keywords</keywordThesaurus>
                </keywordSet>
                <keywordSet>
                        <keyword>in situ</keyword>
                        <keywordThesaurus>Provider Observation Type Keywords</keywordThesaurus>
                </keywordSet>
                <keywordSet>
                        <keyword>Diver Visual Survey</keyword>
                        <keywordThesaurus>Provider Instruments</keywordThesaurus>
                </keywordSet>
                <keywordSet>
                        <keyword>COUNTRY/TERRITORY &gt; United States of America &gt; Florida &gt; Monroe County &gt; Florida Keys (24N081W0007)</keyword>
                        <keyword>OCEAN BASIN &gt; Atlantic Ocean &gt; North Atlantic Ocean &gt; Florida Reef Tract &gt; Florida Keys (24N081W0007)</keyword>
                        <keywordThesaurus>CoRIS Place Thesaurus</keywordThesaurus>
                </keywordSet>
                <keywordSet>
                        <keyword>OCEAN &gt; ATLANTIC OCEAN &gt; NORTH ATLANTIC OCEAN</keyword>
                        <keyword>OCEAN &gt; ATLANTIC OCEAN &gt; NORTH ATLANTIC OCEAN &gt; GULF OF MEXICO</keyword>
                        <keywordThesaurus>Global Change Master Directory (GCMD) Location Keywords</keywordThesaurus>
                </keywordSet>
                <keywordSet>
                        <keyword>Florida Keys Reef Tract</keyword>
                        <keywordThesaurus>Provider Place Names</keywordThesaurus>
                </keywordSet>
                <keywordSet>
                        <keyword>Biennial</keyword>
                        <keywordThesaurus>Provider Temporal Keywords</keywordThesaurus>
                </keywordSet>
            <additionalInfo>
                <para>marine, harvest by iOBIS
Documentation of codes and controlled vocabularies is included in the NCEI archive: https://www.ncei.noaa.gov/archive/accession/0156445</para>
            </additionalInfo>
            <intellectualRights>
                    <para>To the extent possible under law, the publisher has waived all rights to these data and has dedicated them to the <ulink url="http://creativecommons.org/publicdomain/zero/1.0/legalcode"><citetitle>Public Domain (CC0 1.0)</citetitle></ulink>. Users may copy, modify, distribute and use the work, including for commercial purposes, without restriction.</para>
            </intellectualRights>
            <distribution scope="document">
                <online>
                    <url function="information">https://www.sciencebase.gov/catalog/item/57fe9810e4b0824b2d14dd24</url>
                </online>
            </distribution>
            <coverage>
                    <geographicCoverage>
                            <geographicDescription>Florida Keys National Marine Sanctuary | Tortugas Ecological Reserves (TERs) | Dry Tortugas National Park – Research Natural Area (RNA)</geographicDescription>
                            <boundingCoordinates>
                                <westBoundingCoordinate>-83.104</westBoundingCoordinate>
                                <eastBoundingCoordinate>-82.77</eastBoundingCoordinate>
                                <northBoundingCoordinate>24.733</northBoundingCoordinate>
                                <southBoundingCoordinate>24.556</southBoundingCoordinate>
                            </boundingCoordinates>
                    </geographicCoverage>
                    <temporalCoverage>
                            <rangeOfDates>
                                <beginDate>
                                    <calendarDate>                2014-06-02
</calendarDate>
                                </beginDate>
                                <endDate>
                                    <calendarDate>                2014-07-27
</calendarDate>
                                </endDate>
                            </rangeOfDates>
                    </temporalCoverage>
                        <taxonomicCoverage>
                                <generalTaxonomicCoverage>Reef fish</generalTaxonomicCoverage>
                                <taxonomicClassification>
                                        <taxonRankName>Class</taxonRankName>
                                    <taxonRankValue>Teleostei</taxonRankValue>
                                </taxonomicClassification>
                                <taxonomicClassification>
                                        <taxonRankName>Class</taxonRankName>
                                    <taxonRankValue>Elasmobranchii</taxonRankValue>
                                </taxonomicClassification>
                        </taxonomicCoverage>
            </coverage>
            <purpose>
                <para>To provide continued reef fish and habitat monitoring in Florida’s coral reef tract to assess population and habitat trends, fish-habitat associations, and ecosystem responses to natural events (e.g., hurricanes), management measures and anthropogenic impacts. To examine the effectiveness of marine reserves and other management strategies in the Florida Keys National Marine Sanctuary (FKNMS –Sanctuary Preservation Areas SPAs, Tortugas Ecological Reserves TERs and Dry Tortugas National Park – Research Natural Area RNA).</para>
            </purpose>
            <maintenance>
                <description>
                    <para>As needed</para>
                </description>
                <maintenanceUpdateFrequency>asNeeded</maintenanceUpdateFrequency>
            </maintenance>
            <contact>
<organizationName>Florida State Department of Environmental Protection (FLADEP)</organizationName><onlineUrl>http://www.dep.state.fl.us/</onlineUrl>            </contact>
            <contact>
<organizationName>US DOC; NOAA; NOS; ONMS; Florida Keys National Marine Sanctuary (FKNMS)</organizationName><onlineUrl>http://floridakeys.noaa.gov</onlineUrl>            </contact>
            <contact>
<organizationName>US DOC; NOAA; NMFS; Southeast Fisheries Science Center (NMFS/SEFSC)</organizationName><onlineUrl>https://www.sefsc.noaa.gov</onlineUrl>            </contact>
            <contact>
<organizationName>US DOI; National Park Service (NPS)</organizationName><onlineUrl>https://www.nps.gov</onlineUrl>            </contact>
            <contact>
<organizationName>University of Miami (UM)</organizationName><onlineUrl>http://www.miami.edu/</onlineUrl>            </contact>
            <contact>
<organizationName>Florida Fish and Wildlife Conservation Commission; Fish and Wildlife Research Institute (FWRI)</organizationName><onlineUrl>http://myfwc.com/research/</onlineUrl>            </contact>
            <contact>
<organizationName>US DOC; NOAA; NOS; Coral Reef Conservation Program (CRCP)</organizationName><electronicMailAddress>coralreef@noaa.gov</electronicMailAddress><onlineUrl>https://coralreef.noaa.gov</onlineUrl>            </contact>
            <contact>
<organizationName>Nova Southeastern University (NSU)</organizationName><onlineUrl>http://www.nova.edu/index.html</onlineUrl>            </contact>
            <contact>
<organizationName>Rosenstiel School of Marine and Atmospheric Science (RSMAS)</organizationName><onlineUrl>http://www.rsmas.miami.edu</onlineUrl>            </contact>
            <contact>
            <individualName>
<givenName>Mathew</givenName>                    <surName>Biddle</surName>
            </individualName>
<organizationName>United States Marine Biodiversity Observation Network (US MBON)</organizationName><positionName>Physical Scientist</positionName>            </contact>
            <contact>
            <individualName>
<givenName>Jeremiah</givenName>                    <surName>Blondeau</surName>
            </individualName>
<organizationName>US DOC; NOAA; NMFS; Southeast Fisheries Science Center; Miami, FL Laboratory</organizationName><electronicMailAddress>jeremiah.blondeau@noaa.gov</electronicMailAddress>            </contact>
            <methods>
                    <methodStep>
                        <description>
                            <para>For detailed Standard Operating Procedures, see: Brandt, Marilyn E., et al. &apos;A cooperative multi-agency reef fish monitoring protocol for the Florida Keys coral reef ecosystem.&apos; (2009) https://repository.library.noaa.gov/view/noaa/546</para>
                        </description>
                    </methodStep>
                    <sampling>
                        <studyExtent>
                            <description>
                                <para>National Coral Reef Monitoring Program (NCRMP) monitoring of coral reef ecosystems focuses on status and changes in the benthic community, with emphasis on the reef-building corals and on the assemblages of reef fishes that utilize the coral reef environment.</para>
                            </description>
                        </studyExtent>
                        <samplingDescription>
                            <para>For detailed Standard Operating Procedures, see: Brandt, Marilyn E., et al. &apos;A cooperative multi-agency reef fish monitoring protocol for the Florida Keys coral reef ecosystem.&apos; (2009) https://repository.library.noaa.gov/view/noaa/546</para>
                        </samplingDescription>
                    </sampling>
                    <qualityControl>
                        <description>
                            <para>All field data undergo extensive QA/QC procedures. For detailed Standard Operating Procedures, see: Brandt, Marilyn E., et al. &apos;A cooperative multi-agency reef fish monitoring protocol for the Florida Keys coral reef ecosystem.&apos; (2009) https://repository.library.noaa.gov/view/noaa/546</para>
                        </description>
                    </qualityControl>
            </methods>

            <project id="NCRMP">
                <title>NOAA&apos;S National Coral Reef Monitoring Program</title>
                    <personnel>
            <individualName>
<givenName>Erica</givenName>                    <surName>Towle</surName>
            </individualName>
            <userId directory="https://www.linkedin.com/profile/view?id=">erica-k-towle-ph-d-461598b1</userId>
            <role>POINT_OF_CONTACT</role>
                    </personnel>
                <abstract>
                    <para>Coral reefs are among the most valuable ecosystems on earth, providing people with goods and services that include food, storm protection, and recreational opportunities. Despite their importance, coral reef ecosystems are in decline from a myriad of man-made and natural threats. In response, the NOAA Coral Reef Conservation Program established an integrated and focused monitoring effort with partners across the U.S.—the National Coral Reef Monitoring Program (NCRMP).This program is a strategic framework for conducting sustained observations of biological, climatic, and socioeconomic indicators in U.S. states and territories. The resulting data provide a robust picture of the condition of U.S. coral reef ecosystems and the communities connected to them.</para>
                </abstract>
                <funding>
                    <para>NOAA&apos;s Coral Reef Conservation Program project #743</para>
                </funding>
                    <studyAreaDescription>
                        <descriptor name="generic" citableClassificationSystem="false">
                            <descriptorValue>The National Coral Reef Monitoring Program surveys shallow water (0-30m) tropical coral reef ecosystems in the many priority geographic areas. See Miller et al. 2011 for more detail.</descriptorValue>
                        </descriptor>
                    </studyAreaDescription>
                    <designDescription>
                        <description>
                            <para>For detail, see: Towle, Erica K., et al. &apos;National coral reef monitoring plan.&apos; (2021) https://doi.org/10.25923/fqkq-w497</para>
                        </description>
                    </designDescription>
            </project>
    </dataset>

    <additionalMetadata>
        <metadata>
            <gbif>
                <dateStamp>2024-07-11T14:26:38Z</dateStamp>
                <citation>National Oceanic and Atmospheric Administration, Florida Fish and Wildlife Commission, National Park Service, University of Miami, Nova Southeastern University, Blondeau J, US DOC; NOAA; NMFS; Southeast Fisheries Science Center (NMFS/SEFSC) (2023). National Coral Reef Monitoring Program: Assessment of fish communities in the Dry Tortugas during 2014. Version 1.8. United States Geological Survey. Samplingevent dataset. https://ipt-obis.gbif.us/resource?r=drytortugasreefvisualcensus2014&amp;v=1.8 https://doi.org/10.15468/nawlft accessed via GBIF.org on 2024-07-11.</citation>
                    <bibliography>
                <citation identifier="https://repository.library.noaa.gov/view/noaa/546">A Cooperative Multi-agency Reef Fish Monitoring Protocol for the Florida Keys Coral Reef Ecosystem. Brandt, M.E., N. Zurcher, A. Acosta, J.S. Ault, J.A. Bohnsack, M.W. Feeley, D.E. Harper, John Hunt, T. Kellison, D.B. McClellan , M.E. Patterson , S.G. Smith. Natural Resource Report NPS/SFCN/NRR-2009/150. National Park Service, Ft. Collins, CO. 107 pp.</citation>
                <citation identifier="https://doi.org/10.1016/j.fishres.2011.01.012">Multispecies survey design for assessing reef-fish stocks, spatially-explicit management performance, and ecosystem condition. Smith, S.G., J.S. Ault, J.A. Bohnsack, D.E. Harper, J. Luo, and D.B. McClellan. Journal of Fisheries Research 109(1): 25-41.</citation>
                <citation identifier="https://repository.library.noaa.gov/view/noaa/650">Miller, J., et al. &apos;Coral Reef Conservation Program mapping achievements and unmet needs. US Department of Commerce, National Oceanic and Atmospheric Administration.&apos; Coral Reef Conservation Program (2011).</citation>
                <citation identifier="https://doi.org/10.25923/fqkq-w497">Towle, Erica K., et al. &apos;National coral reef monitoring plan.&apos; (2021).</citation>
                    </bibliography>
                    <physical>
                        <objectName>CRCP Florida Fish Files</objectName>
                        <characterEncoding>Unknown</characterEncoding>
                        <dataFormat>
                            <externallyDefinedFormat>
                                <formatName>ERDDAP</formatName>
                            </externallyDefinedFormat>
                        </dataFormat>
                        <distribution>
                            <online>
                                <url function="download">https://www.ncei.noaa.gov/erddap/tabledap/CRCP_Reef_Fish_Surveys_Florida.html</url>
                            </online>
                        </distribution>
                    </physical>
                    <physical>
                        <objectName>NCEI Dataset Landing Page</objectName>
                        <characterEncoding>Unknown</characterEncoding>
                        <dataFormat>
                            <externallyDefinedFormat>
                                <formatName>CSV</formatName>
                            </externallyDefinedFormat>
                        </dataFormat>
                        <distribution>
                            <online>
                                <url function="download">https://www.ncei.noaa.gov/archive/accession/0156445</url>
                            </online>
                        </distribution>
                    </physical>
                    <physical>
                        <objectName>SEFSC South Florida National Coral Reef Monitoring Program Data Portal</objectName>
                        <characterEncoding>Unknown</characterEncoding>
                        <dataFormat>
                            <externallyDefinedFormat>
                                <formatName>CSV</formatName>
                            </externallyDefinedFormat>
                        </dataFormat>
                        <distribution>
                            <online>
                                <url function="download">https://grunt.sefsc.noaa.gov/rvc_analysis20/?acton=index</url>
                            </online>
                        </distribution>
                    </physical>
            </gbif>
        </metadata>
    </additionalMetadata>

</eml:eml>
