<?xml version="1.0" encoding="utf-8"?>
<eml:eml xmlns:eml="eml://ecoinformatics.org/eml-2.1.1" xmlns:xsi="http://www.w3.org/2001/XMLSchema-instance"
         xsi:schemaLocation="eml://ecoinformatics.org/eml-2.1.1 http://rs.gbif.org/schema/eml-gbif-profile/1.2/eml.xsd"
packageId="2bd4874a-949b-45ca-afcb-87285eb15038"  system="http://gbif.org" scope="system"
xml:lang="es">

    <dataset>
            <alternateIdentifier>10.15472/6ctu5r</alternateIdentifier>
                <alternateIdentifier>2bd4874a-949b-45ca-afcb-87285eb15038</alternateIdentifier>
                <alternateIdentifier>https://ipt.biodiversidad.co/sibm/resource?r=unal_ictio_seaflower_2018</alternateIdentifier>
        <title>Comunidad íctica del atolón Albuquerque durante la Expedición Seaflower 2018 - Proyecto Colombia BIO</title>
            <creator>
            <individualName>
<givenName>Adriana</givenName>                    <surName>Santos Martínez</surName>
            </individualName>
<organizationName>Universidad Nacional de Colombia - Sede Caribe</organizationName><positionName>Investigadora</positionName>            <address>
<deliveryPoint>Carr. circulv. San Luis Feetown # 52-44</deliveryPoint><city>San Andrés</city><administrativeArea>Archipiélago de San Andrés, Providencia y Santa Catalina</administrativeArea><country>COLOMBIA</country>            </address>
<phone>316 5000 Ext. 29624</phone><electronicMailAddress>asantosma@unal.edu.co</electronicMailAddress><onlineUrl>http://caribe.unal.edu.co/</onlineUrl>            </creator>
            <metadataProvider>
            <individualName>
<givenName>Julian</givenName>                    <surName>Patro Valderrrama</surName>
            </individualName>
<organizationName>Universidad Nacional de Colombia - Sede Caribe</organizationName><positionName>Investigador</positionName>            <address>
<deliveryPoint>Carr. circulv. San Luis Feetown # 52-44</deliveryPoint><city>San Andrés</city><administrativeArea>Archipiélago de San Andrés, Providencia y Santa Catalina</administrativeArea><country>COLOMBIA</country>            </address>
<phone>316 5000 Ext. 29610</phone><electronicMailAddress>jprato@unal.edu.co</electronicMailAddress><onlineUrl>http://caribe.unal.edu.co/</onlineUrl>            </metadataProvider>
            <associatedParty>
            <individualName>
<givenName>Julian</givenName>                    <surName>Prato</surName>
            </individualName>
<organizationName>Universidad Nacional de Colombia - Sede Caribe</organizationName><positionName>Estudiante maestría</positionName>            <address>
<deliveryPoint>Carr. circulv. San Luis Feetown # 52-44</deliveryPoint><city>San Andrés</city><administrativeArea>Archipiélago de San Andrés, Providencia y Santa Catalina</administrativeArea><country>COLOMBIA</country>            </address>
<phone>57 8 5133310 Ext. 29610</phone><electronicMailAddress>jprato@unal.edu.co</electronicMailAddress>            <role>AUTHOR</role>
            </associatedParty>
            <associatedParty>
            <individualName>
<givenName>Adriana</givenName>                    <surName>Santos Martínez</surName>
            </individualName>
<organizationName>Universidad Nacional de Colombia - Sede Caribe</organizationName><positionName>Directora</positionName>            <address>
<deliveryPoint>Carr. circulv. San Luis Feetown # 52-44</deliveryPoint><city>San Andrés</city><administrativeArea>Archipiélago de San Andrés, Providencia y Santa Catalina</administrativeArea><country>COLOMBIA</country>            </address>
<phone>57 8 5133310 Ext. 29610</phone><electronicMailAddress>asantosma@unal.edu.co</electronicMailAddress>            <role>AUTHOR</role>
            </associatedParty>
            <associatedParty>
            <individualName>
<givenName>Diana</givenName>                    <surName>Castaño</surName>
            </individualName>
<organizationName>Universidad Nacional de Colombia - Sede Caribe</organizationName><positionName>Estudiante maestría</positionName>            <address>
<deliveryPoint>Carr. circulv. San Luis Feetown # 52-44</deliveryPoint><city>San Andrés</city><administrativeArea>Archipiélago de San Andrés, Providencia y Santa Catalina</administrativeArea><country>COLOMBIA</country>            </address>
<phone>57 8 5133310 Ext. 29610</phone><electronicMailAddress>dccastanoa@unal.edu.co</electronicMailAddress>            <role>AUTHOR</role>
            </associatedParty>
            <associatedParty>
            <individualName>
<givenName>Alfredo</givenName>                    <surName>Abril Howard</surName>
            </individualName>
<organizationName>Universidad Nacional de Colombia - Sede Caribe</organizationName><positionName>Estudiante doctorado</positionName>            <address>
<deliveryPoint>Carr. circulv. San Luis Feetown # 52-44</deliveryPoint><city>San Andrés</city><administrativeArea>Archipiélago de San Andrés, Providencia y Santa Catalina</administrativeArea><country>COLOMBIA</country>            </address>
<phone>57 8 5133310 Ext. 29610</phone><electronicMailAddress>aabrilh@unal.edu.co</electronicMailAddress>            <role>AUTHOR</role>
            </associatedParty>
            <associatedParty>
            <individualName>
<givenName>Omar</givenName>                    <surName>Abril Howard</surName>
            </individualName>
<organizationName>Universidad Nacional de Colombia - Sede Caribe</organizationName><positionName>Estudiante maestría</positionName>            <address>
<deliveryPoint>Carr. circulv. San Luis Feetown # 52-44</deliveryPoint><city>San Andrés</city><administrativeArea>Archipiélago de San Andrés, Providencia y Santa Catalina</administrativeArea><country>COLOMBIA</country>            </address>
<phone>57 8 5133310 Ext. 29610</phone><electronicMailAddress>omarabrilhoward@gmail.com</electronicMailAddress>            <role>AUTHOR</role>
            </associatedParty>
            <associatedParty>
            <individualName>
<givenName>Pablo</givenName>                    <surName>Ureña</surName>
            </individualName>
<organizationName>Universidad Nacional de Colombia - Sede Caribe</organizationName><positionName>Estudiante pregrado</positionName>            <address>
<deliveryPoint>Carr. circulv. San Luis Feetown # 52-44</deliveryPoint><city>San Andrés</city><administrativeArea>Archipiélago de San Andrés, Providencia y Santa Catalina</administrativeArea><country>COLOMBIA</country>            </address>
<phone>57 8 5133310 Ext. 29610</phone><electronicMailAddress>pjurenai@unal.edu.co</electronicMailAddress>            <role>AUTHOR</role>
            </associatedParty>
            <pubDate>
                2021-07-15
            </pubDate>
        <language>SPANISH</language>
            <abstract>
                    <para>El presente proyecto de valoración de servicios ecosistémicos se desarrolló con el objetivo de aportar conocimiento integral acerca de los servicios ecosistémicos aportados por arrecifes de coral de Isla Cayos de Albuquerque, generando conocimiento integral acerca de la biodiversidad y de los servicios ecosistémicos que aportan los arrecifes de coral, se enfatizaron en el trabajo de campo el servicio de provisión de hábitat y refugio de biodiversidad (macroalgas y peces arrecifales) con mediciones de atributos del arrecife como la complejidad topográfica submarina, porcentajes de cobertura del bentos, composición, abundancia y biomasa de peces arrecifales, de macroalgas e interacciones coral-céspedes algales), con un enfoque a la conectividad ecosistémica y el servicio de protección costera para evaluar de manera cuantitativa y con datos de campo la capacidad de atenuación de la energía del oleaje en distintas áreas de la barrera arrecifal ubicada al Este de la Isla Cayos de Albuquerque. Se logró cumplir con los objetivos y metas planteadas, como la toma de muestras e identificación de amplia biodiversidad de macroalgas, el levantamiento de complejidad topográfica submarina en más de 15 estaciones y su relación con el servicio ecosistémico de hábitat para peces arrecifales con el registro de las especies de peces presentes con datos cuantitativos de abundancia y rangos de tallas, con lo que se puede realizar análisis ecológicos y poder comparar también con otras islas como Serranilla con los datos tomados durante la expedición 2017.</para>
                    <para>Este recurso en particular consigna la información de peces censados visualmente durante la expedición Seaflower 2018 con un total de 122 registros.</para>
            </abstract>
                <keywordSet>
                        <keyword>Occurrence</keyword>
                        <keywordThesaurus>GBIF Dataset Type Vocabulary: http://rs.gbif.org/vocabulary/gbif/dataset_type.xml</keywordThesaurus>
                </keywordSet>
                <keywordSet>
                        <keyword>Observation</keyword>
                        <keywordThesaurus>GBIF Dataset Subtype Vocabulary: http://rs.gbif.org/vocabulary/gbif/dataset_subtype.xml</keywordThesaurus>
                </keywordSet>
                <keywordSet>
                        <keyword>Colomnia BIO</keyword>
                        <keyword>conectividad</keyword>
                        <keyword>peces</keyword>
                        <keyword>biodiversidad marina</keyword>
                        <keyword>comunidad</keyword>
                        <keyword>servicio ecosistémicos</keyword>
                        <keyword>ecosistemas estratégicos</keyword>
                        <keyword>área marina protegidas</keyword>
                        <keywordThesaurus>n/a</keywordThesaurus>
                </keywordSet>
                <keywordSet>
                        <keyword>COLOMBIA_BIO</keyword>
                        <keyword>SEAFLOWER</keyword>
                        <keyword>SIB_MARINO</keyword>
                        <keywordThesaurus>SiB Colombia</keywordThesaurus>
                </keywordSet>
            <intellectualRights>
                    <para>This work is licensed under a <ulink url="http://creativecommons.org/licenses/by-nc/4.0/legalcode"><citetitle>Creative Commons Attribution Non Commercial (CC-BY-NC) 4.0 License</citetitle></ulink>.</para>
            </intellectualRights>
            <distribution scope="document">
                <online>
                    <url function="information">https://ipt.biodiversidad.co/sibm/manage/metadata-parties.do?r=unal_ictio_seaflower_2018</url>
                </online>
            </distribution>
            <coverage>
                    <geographicCoverage>
                            <geographicDescription>Isla Cayo Albuquerque, Reserva de la Biósfera Seaflower, Colombia.</geographicDescription>
                            <boundingCoordinates>
                                <westBoundingCoordinate>-81.89</westBoundingCoordinate>
                                <eastBoundingCoordinate>-81.89</eastBoundingCoordinate>
                                <northBoundingCoordinate>12.08</northBoundingCoordinate>
                                <southBoundingCoordinate>12.08</southBoundingCoordinate>
                            </boundingCoordinates>
                    </geographicCoverage>
                    <temporalCoverage>
                            <rangeOfDates>
                                <beginDate>
                                    <calendarDate>                2018-09-25
</calendarDate>
                                </beginDate>
                                <endDate>
                                    <calendarDate>                2018-10-02
</calendarDate>
                                </endDate>
                            </rangeOfDates>
                    </temporalCoverage>
                        <taxonomicCoverage>
                                <generalTaxonomicCoverage>122 registros correspondientes a 37 familias.</generalTaxonomicCoverage>
                                <taxonomicClassification>
                                        <taxonRankName>Family</taxonRankName>
                                    <taxonRankValue>Pomacentridae</taxonRankValue>
                                </taxonomicClassification>
                                <taxonomicClassification>
                                        <taxonRankName>Family</taxonRankName>
                                    <taxonRankValue>Acanthuridae</taxonRankValue>
                                </taxonomicClassification>
                                <taxonomicClassification>
                                        <taxonRankName>Family</taxonRankName>
                                    <taxonRankValue>Myliobatidae</taxonRankValue>
                                </taxonomicClassification>
                                <taxonomicClassification>
                                        <taxonRankName>Family</taxonRankName>
                                    <taxonRankValue>Monacanthidae</taxonRankValue>
                                </taxonomicClassification>
                                <taxonomicClassification>
                                        <taxonRankName>Family</taxonRankName>
                                    <taxonRankValue>Aulostomidae</taxonRankValue>
                                </taxonomicClassification>
                                <taxonomicClassification>
                                        <taxonRankName>Family</taxonRankName>
                                    <taxonRankValue>Balistidae</taxonRankValue>
                                </taxonomicClassification>
                                <taxonomicClassification>
                                        <taxonRankName>Family</taxonRankName>
                                    <taxonRankValue>Labridae</taxonRankValue>
                                </taxonomicClassification>
                                <taxonomicClassification>
                                        <taxonRankName>Family</taxonRankName>
                                    <taxonRankValue>Sparidae</taxonRankValue>
                                </taxonomicClassification>
                                <taxonomicClassification>
                                        <taxonRankName>Family</taxonRankName>
                                    <taxonRankValue>Tetraodontidae</taxonRankValue>
                                </taxonomicClassification>
                                <taxonomicClassification>
                                        <taxonRankName>Family</taxonRankName>
                                    <taxonRankValue>Carangidae</taxonRankValue>
                                </taxonomicClassification>
                                <taxonomicClassification>
                                        <taxonRankName>Form</taxonRankName>
                                    <taxonRankValue>Carcharhinidae</taxonRankValue>
                                </taxonomicClassification>
                                <taxonomicClassification>
                                        <taxonRankName>Family</taxonRankName>
                                    <taxonRankValue>Cheloniidae</taxonRankValue>
                                </taxonomicClassification>
                                <taxonomicClassification>
                                        <taxonRankName>Family</taxonRankName>
                                    <taxonRankValue>Serranidae</taxonRankValue>
                                </taxonomicClassification>
                                <taxonomicClassification>
                                        <taxonRankName>Family</taxonRankName>
                                    <taxonRankValue>Chaetodontidae</taxonRankValue>
                                </taxonomicClassification>
                                <taxonomicClassification>
                                        <taxonRankName>Family</taxonRankName>
                                    <taxonRankValue>Gobiidae</taxonRankValue>
                                </taxonomicClassification>
                                <taxonomicClassification>
                                        <taxonRankName>Family</taxonRankName>
                                    <taxonRankValue>Scaridae</taxonRankValue>
                                </taxonomicClassification>
                                <taxonomicClassification>
                                        <taxonRankName>Family</taxonRankName>
                                    <taxonRankValue>Dasyatidae</taxonRankValue>
                                </taxonomicClassification>
                                <taxonomicClassification>
                                        <taxonRankName>Family</taxonRankName>
                                    <taxonRankValue>Diodontidae</taxonRankValue>
                                </taxonomicClassification>
                                <taxonomicClassification>
                                        <taxonRankName>Family</taxonRankName>
                                    <taxonRankValue>Gerreidae</taxonRankValue>
                                </taxonomicClassification>
                                <taxonomicClassification>
                                        <taxonRankName>Family</taxonRankName>
                                    <taxonRankValue>Ginglymostomatidae</taxonRankValue>
                                </taxonomicClassification>
                                <taxonomicClassification>
                                        <taxonRankName>Family</taxonRankName>
                                    <taxonRankValue>Grammatidae</taxonRankValue>
                                </taxonomicClassification>
                                <taxonomicClassification>
                                        <taxonRankName>Family</taxonRankName>
                                    <taxonRankValue>Muraenidae</taxonRankValue>
                                </taxonomicClassification>
                                <taxonomicClassification>
                                        <taxonRankName>Family</taxonRankName>
                                    <taxonRankValue>Haemulidae</taxonRankValue>
                                </taxonomicClassification>
                                <taxonomicClassification>
                                        <taxonRankName>Family</taxonRankName>
                                    <taxonRankValue>Priacanthidae</taxonRankValue>
                                </taxonomicClassification>
                                <taxonomicClassification>
                                        <taxonRankName>Family</taxonRankName>
                                    <taxonRankValue>Pomacanthidae</taxonRankValue>
                                </taxonomicClassification>
                                <taxonomicClassification>
                                        <taxonRankName>Family</taxonRankName>
                                    <taxonRankValue>Holocentridae</taxonRankValue>
                                </taxonomicClassification>
                                <taxonomicClassification>
                                        <taxonRankName>Family</taxonRankName>
                                    <taxonRankValue>Kyphosidae</taxonRankValue>
                                </taxonomicClassification>
                                <taxonomicClassification>
                                        <taxonRankName>Family</taxonRankName>
                                    <taxonRankValue>Ostraciidae</taxonRankValue>
                                </taxonomicClassification>
                                <taxonomicClassification>
                                        <taxonRankName>Family</taxonRankName>
                                    <taxonRankValue>Lutjanidae</taxonRankValue>
                                </taxonomicClassification>
                                <taxonomicClassification>
                                        <taxonRankName>Family</taxonRankName>
                                    <taxonRankValue>Malacanthidae</taxonRankValue>
                                </taxonomicClassification>
                                <taxonomicClassification>
                                        <taxonRankName>Family</taxonRankName>
                                    <taxonRankValue>Labrisomidae</taxonRankValue>
                                </taxonomicClassification>
                                <taxonomicClassification>
                                        <taxonRankName>Family</taxonRankName>
                                    <taxonRankValue>Mullidae</taxonRankValue>
                                </taxonomicClassification>
                                <taxonomicClassification>
                                        <taxonRankName>Family</taxonRankName>
                                    <taxonRankValue>Blenniidae</taxonRankValue>
                                </taxonomicClassification>
                                <taxonomicClassification>
                                        <taxonRankName>Family</taxonRankName>
                                    <taxonRankValue>Pempheridae</taxonRankValue>
                                </taxonomicClassification>
                                <taxonomicClassification>
                                        <taxonRankName>Family</taxonRankName>
                                    <taxonRankValue>Scorpaenidae</taxonRankValue>
                                </taxonomicClassification>
                                <taxonomicClassification>
                                        <taxonRankName>Family</taxonRankName>
                                    <taxonRankValue>Sphyraenidae</taxonRankValue>
                                </taxonomicClassification>
                                <taxonomicClassification>
                                        <taxonRankName>Family</taxonRankName>
                                    <taxonRankValue>Synodontidae</taxonRankValue>
                                </taxonomicClassification>
                        </taxonomicCoverage>
            </coverage>
            <purpose>
                <para>Visibilizar los beneficios que los arrecifes de coral de la Isla Cayos de Albuquerque aportan al bienestar, la biodiversidad, el territorio y la economía de los colombianos.</para>
            </purpose>
            <maintenance>
                <description>
                    <para></para>
                </description>
                <maintenanceUpdateFrequency>unkown</maintenanceUpdateFrequency>
            </maintenance>
            <contact>
            <individualName>
<givenName>Alexandra</givenName>                    <surName>Chadid</surName>
            </individualName>
<organizationName>Comisión Colombiana del Océano</organizationName><positionName>Teniente - Jefe Área de Asuntos Marinos y Costeros</positionName>            <address>
<deliveryPoint>Carrera 54 No. 26 - 50, Edificio DIMAR - Cuarto piso</deliveryPoint><city>Bogotá, D.C.</city><administrativeArea>Bogotá, D.C.</administrativeArea><country>COLOMBIA</country>            </address>
<electronicMailAddress>asuntos.marinocosteros@cco.gov.co</electronicMailAddress><onlineUrl>http://www.cco.gov.co</onlineUrl>            </contact>
            <methods>
                    <methodStep>
                        <description>
                            <para>En cuatro de las estaciones muestreadas se ubicaron sensores de oleaje para determinar la atenuación de la energía del oleaje gracias al servicio de protección costera de las barreras arrecifales de la Isla Cayos de Albuquerque. Se enfatizaron en el trabajo de campo el servicio de provisión de hábitat y refugio de biodiversidad (macroalgas y peces arrecifales) con mediciones de atributos del arrecife como la complejidad topográfica submarina, porcentajes de cobertura del bentos, composición, abundancia y biomasa de peces arrecifales, de macroalgas e interacciones coral-céspedes algales), con un enfoque a la conectividad ecosistémica y el servicio de protección costera para evaluar de manera cuantitativa y con datos de campo la capacidad de atenuación de la energía del oleaje en distintas áreas de la barrera arrecifal ubicada al Este de la Isla Cayos de Albuquerque</para>
                        </description>
                    </methodStep>
                    <sampling>
                        <studyExtent>
                            <description>
                                <para>Isla Cayo Albuquerque, Reserva de la Biósfera Seaflower, Colombia.</para>
                            </description>
                        </studyExtent>
                        <samplingDescription>
                            <para>Se realizaron muestreos integrales en estaciones entre profundidades de 1 a 27 m.</para>
                        </samplingDescription>
                    </sampling>
            </methods>

            <project id="Colombia_BIO">
                <title>Caracterización de biodiversidad para el fortalecimiento de colecciones científicas y la generación de información genética de la biodiversidad colombiana, en el marco del programa Colombia BIO</title>
                    <personnel>
            <individualName>
<givenName>Henry</givenName>                    <surName>Alteiro</surName>
            </individualName>
            <role>POINT_OF_CONTACT</role>
                    </personnel>
                <abstract>
                    <para></para>
                </abstract>
                <funding>
                    <para>Colombia BIO. Convenio especial de cooperación No. FP44842-398-2015. Aunar esfuerzos para caracterizar la biodiversidad en áreas de interés científico y con baja información biológica, para el fortalecimiento de las colecciones científicas y la generación de información genética de la biodiversidad Colombiana, en el marco del programa Colombia BIO.</para>
                </funding>
            </project>
    </dataset>

    <additionalMetadata>
        <metadata>
            <gbif>
                <dateStamp>2024-07-11T14:26:39Z</dateStamp>
                <citation identifier="https://doi.org/10.15472/6ctu5r">Universidad Nacional de Colombia (2019). Comunidad íctica del atolón Albuquerque durante la Expedición Seaflower 2018 - Proyecto Colombia BIO. Versión 1.0. 122 registros, aportados por: Santos A, Castaño D, Abril-Howard A, Abril-Howard O, Ureña P, Prato J. Conjunto de datos/Registros biológicos. https://doi.org/10.15472/6ctu5r accessed via GBIF.org on 2024-06-17. accessed via GBIF.org on 2024-06-17. accessed via GBIF.org on 2024-07-11.</citation>
                    <resourceLogoUrl>https://statics.sibcolombia.net/sib-resources/images/logos-socios/500px/unal.jpg</resourceLogoUrl>
            </gbif>
        </metadata>
    </additionalMetadata>

</eml:eml>
