<?xml version="1.0" encoding="utf-8"?>
<eml:eml xmlns:eml="eml://ecoinformatics.org/eml-2.1.1" xmlns:xsi="http://www.w3.org/2001/XMLSchema-instance"
         xsi:schemaLocation="eml://ecoinformatics.org/eml-2.1.1 http://rs.gbif.org/schema/eml-gbif-profile/1.2/eml.xsd"
packageId="38982729-3b8c-4699-9309-4b09e66bc72e"  system="http://gbif.org" scope="system"
xml:lang="es">

    <dataset>
            <alternateIdentifier>10.15472/5zrypo</alternateIdentifier>
                <alternateIdentifier>38982729-3b8c-4699-9309-4b09e66bc72e</alternateIdentifier>
                <alternateIdentifier>https://ipt.biodiversidad.co/sibm/resource?r=invemar_seagrass_pastos_peces</alternateIdentifier>
        <title>Datos de monitoreo de las praderas de pastos marinos del Caribe colombiano – Estructura peces</title>
            <creator>
            <individualName>
<givenName>Andrés Felipe</givenName>                    <surName>Acosta Chaparro</surName>
            </individualName>
<organizationName>Instituto de Investigaciones Marinas y Costeras José Benito Vives de Andréis</organizationName><positionName>Investigador Científico</positionName>            <address>
<deliveryPoint>Calle 25 No. 2-55 Playa Salguero, Rodadero</deliveryPoint><city>Santa Marta</city><administrativeArea>Magdalena</administrativeArea><country>COLOMBIA</country>            </address>
            </creator>
            <creator>
            <individualName>
<givenName>Juan David</givenName>                    <surName>González Corredor</surName>
            </individualName>
<organizationName>Instituto de Investigaciones Marinas y Costeras José Benito Vives de Andréis</organizationName><positionName>Investigador Científico</positionName>            <address>
<deliveryPoint>Calle 25 No. 2-55 Playa Salguero, Rodadero</deliveryPoint><city>Santa Marta</city><administrativeArea>Magdalena</administrativeArea><country>COLOMBIA</country>            </address>
            </creator>
            <creator>
            <individualName>
<givenName>Raúl</givenName>                    <surName>Navas Camacho</surName>
            </individualName>
<organizationName>Instituto de Investigaciones Marinas y Costeras José Benito Vives de Andréis</organizationName><positionName>Investigador Científico</positionName>            <address>
<deliveryPoint>Calle 25 No. 2-55 Playa Salguero, Rodadero</deliveryPoint><city>Santa Marta</city><administrativeArea>Magdalena</administrativeArea><country>COLOMBIA</country>            </address>
            </creator>
            <creator>
            <individualName>
<givenName>Johana Carolina</givenName>                    <surName>Vega-Sequeda</surName>
            </individualName>
<organizationName>Instituto de Investigaciones Marinas y Costeras José Benito Vives de Andréis</organizationName><positionName>Investigadora científica</positionName>            <address>
<deliveryPoint>Calle 25 No. 2-55 Playa Salguero, Rodadero</deliveryPoint><city>Santa Marta</city><administrativeArea>Magdalena</administrativeArea><country>COLOMBIA</country>            </address>
            </creator>
            <creator>
            <individualName>
<givenName>Elizabeth</givenName>                    <surName>Galeano Galeano</surName>
            </individualName>
<organizationName>Instituto de Investigaciones Marinas y Costeras José Benito Vives de Andréis</organizationName><positionName>Investigadora Científica</positionName>            <address>
<deliveryPoint>Calle 25 No. 2-55 Playa Salguero, Rodadero</deliveryPoint><city>Santa Marta</city><administrativeArea>Magdalena</administrativeArea><country>COLOMBIA</country>            </address>
            </creator>
            <creator>
            <individualName>
<givenName>Laura</givenName>                    <surName>Sánchez Valencia</surName>
            </individualName>
<organizationName>Instituto de Investigaciones Marinas y Costeras José Benito Vives de Andréis</organizationName><positionName>Investigadora Científica</positionName>            <address>
<deliveryPoint>Calle 25 No. 2-55 Playa Salguero, Rodadero</deliveryPoint><city>Santa Marta</city><administrativeArea>Magdalena</administrativeArea><country>COLOMBIA</country>            </address>
            </creator>
            <creator>
            <individualName>
<givenName>Laura</givenName>                    <surName>Muñoz Escobar</surName>
            </individualName>
<organizationName>Instituto de Investigaciones Marinas y Costeras José Benito Vives de Andréis</organizationName><positionName>Investigadora Científica</positionName>            <address>
<deliveryPoint>Calle 25 No. 2-55 Playa Salguero, Rodadero</deliveryPoint><city>Santa Marta</city><administrativeArea>Magdalena</administrativeArea><country>COLOMBIA</country>            </address>
            </creator>
            <creator>
            <individualName>
<givenName>Christian Michael</givenName>                    <surName>Díaz Sánchez</surName>
            </individualName>
<organizationName>Instituto de Investigaciones Marinas y Costeras José Benito Vives de Andréis</organizationName><positionName>Investigador Científico</positionName>            <address>
<deliveryPoint>Magdalena</deliveryPoint><city>Santa Marta</city><administrativeArea>Calle 25 No. 2-55 Playa Salguero, Rodadero</administrativeArea><country>COLOMBIA</country>            </address>
            </creator>
            <creator>
            <individualName>
<givenName>Cristian</givenName>                    <surName>Salinas Zapata</surName>
            </individualName>
<organizationName>Instituto de Investigaciones Marinas y Costeras José Benito Vives de Andréis</organizationName><positionName>Investigador Científico</positionName>            <address>
<deliveryPoint>Calle 25 No. 2-55 Playa Salguero, Rodadero</deliveryPoint><city>Santa Marta</city><administrativeArea>Magdalena</administrativeArea><country>COLOMBIA</country>            </address>
            </creator>
            <creator>
            <individualName>
<givenName>Karly Alejandra</givenName>                    <surName>Ojeda Ochoa</surName>
            </individualName>
<organizationName>SiB Colombia</organizationName><positionName>Pasante SiB Colombia</positionName>            <address>
<deliveryPoint>Calle 57b # 45-23</deliveryPoint><city>Bogotá</city><administrativeArea>Bogotá</administrativeArea><country>COLOMBIA</country>            </address>
<electronicMailAddress>kaojedao@unal.edu.co</electronicMailAddress>            </creator>
            <metadataProvider>
            <individualName>
<givenName>Erika</givenName>                    <surName>Montoya-Cadavid</surName>
            </individualName>
<organizationName>Instituto de Investigaciones Marinas y Costeras José Benito Vives de Andréis</organizationName><positionName>Administradora de Contenidos SiBM</positionName>            <address>
<deliveryPoint>Calle 25 No. 2-55 Playa Salguero, Rodadero</deliveryPoint><city>Santa Marta</city><administrativeArea>Magdalena</administrativeArea><country>COLOMBIA</country>            </address>
<electronicMailAddress>erika.montoya@invemar.org.co</electronicMailAddress>            </metadataProvider>
            <metadataProvider>
            <individualName>
<givenName>Julio Cesar</givenName>                    <surName>Bohórquez Naranjo</surName>
            </individualName>
<organizationName>Instituto de Investigaciones Marinas y Costeras José Benito Vives de Andréis</organizationName><positionName>Profesional Laboratorio Servicios de Información</positionName>            <address>
<deliveryPoint>Calle 25 No. 2-55 Playa Salguero, Rodadero</deliveryPoint><city>Santa Marta</city><administrativeArea>Magdalena</administrativeArea><postalCode>111321</postalCode><country>COLOMBIA</country>            </address>
<phone>+54328600</phone><electronicMailAddress>julio.bohorquez@invemar.org.co</electronicMailAddress>            </metadataProvider>
            <metadataProvider>
            <individualName>
<givenName>Karly Alejandra</givenName>                    <surName>Ojeda Ochoa</surName>
            </individualName>
<organizationName>SiB Colombia</organizationName><positionName>Pasante SiB Colombia</positionName>            <address>
<deliveryPoint>Calle 57b # 45-23</deliveryPoint><city>Bogotá</city><administrativeArea>Bogotá</administrativeArea><postalCode>111321</postalCode><country>COLOMBIA</country>            </address>
<electronicMailAddress>kaojedao@unal.edu.co</electronicMailAddress>            </metadataProvider>
            <associatedParty>
            <individualName>
<givenName>INVEMAR</givenName>                    <surName>Instituto de Investigaciones Marinas y Costeras José Benito Vives de Andréis</surName>
            </individualName>
<organizationName>Instituto de Investigaciones Marinas y Costeras José Benito Vives de Andréis</organizationName><positionName>Instituto de investigación</positionName>            <address>
<deliveryPoint>Calle 25 No. 2-55 Playa Salguero, Rodadero</deliveryPoint><city>Santa Marta</city><administrativeArea>Magdalena</administrativeArea><country>COLOMBIA</country>            </address>
<phone>+54328600</phone><electronicMailAddress>administrador_sibm@invemar.org.co</electronicMailAddress>            <role>AUTHOR</role>
            </associatedParty>
            <associatedParty>
            <individualName>
<givenName>Corpoguajira</givenName>                    <surName>Corporación Autónoma Regional de La Guajira</surName>
            </individualName>
<organizationName>Corporación Autónoma Regional de La Guajira</organizationName><positionName>Corporación autónoma regional</positionName>            <address>
<deliveryPoint>Carrera 7 N° 12 - 25</deliveryPoint><city>Riohacha</city><administrativeArea>Guajira</administrativeArea><country>COLOMBIA</country>            </address>
            <role>CONTENT_PROVIDER</role>
            </associatedParty>
            <associatedParty>
            <individualName>
<givenName>Coralina</givenName>                    <surName>Corporación para el Desarrollo Sostenible del Archipiélago de San Andrés, Providencia y Santa Catalina</surName>
            </individualName>
<organizationName>Corporación para el Desarrollo Sostenible del Archipiélago de San Andrés, Providencia y Santa Catalina</organizationName><positionName>Corporación autónoma regional</positionName>            <address>
<deliveryPoint>Vía San Luis, Bigth, Km 26</deliveryPoint><city>San Andrés</city><administrativeArea>San Andrés y Providencia</administrativeArea><country>COLOMBIA</country>            </address>
<onlineUrl>http://www.coralina.gov.co/</onlineUrl>            <role>CONTENT_PROVIDER</role>
            </associatedParty>
            <associatedParty>
            <individualName>
<givenName>CRA</givenName>                    <surName>Corporación Regional del Atlántico</surName>
            </individualName>
<organizationName>Corporación Regional del Atlántico</organizationName><positionName>Corporación autónoma regional</positionName>            <address>
<deliveryPoint>Carrera 58 #64</deliveryPoint><city>Barranquilla</city><administrativeArea>Barranquilla</administrativeArea><country>COLOMBIA</country>            </address>
            <role>CONTENT_PROVIDER</role>
            </associatedParty>
            <associatedParty>
            <individualName>
<givenName>Codechocó</givenName>                    <surName>Corporación Autónoma Regional para el Desarrollo Sostenible del Chocó</surName>
            </individualName>
<organizationName>Corporación Autónoma Regional para el Desarrollo Sostenible del Chocó</organizationName><positionName>Corporación autónoma regional</positionName>            <address>
<deliveryPoint>Cra 1 N° 22 – 96</deliveryPoint><city>Quibdó</city><administrativeArea>Chocó</administrativeArea><country>COLOMBIA</country>            </address>
            <role>CONTENT_PROVIDER</role>
            </associatedParty>
            <associatedParty>
            <individualName>
                    <surName>Parque Nacional Natural Old Providence Mc Bean Lagoon</surName>
            </individualName>
<organizationName>Parque Nacional Natural Old Providence Mc Bean Lagoon</organizationName><positionName>Entidad gubernamental</positionName>            <address>
<deliveryPoint>Isla de San Andrés y Providencia</deliveryPoint><city>San Andrés</city><administrativeArea>San Andrés y Providencia</administrativeArea><country>COLOMBIA</country>            </address>
            <role>CONTENT_PROVIDER</role>
            </associatedParty>
            <associatedParty>
            <individualName>
                    <surName>Parque Nacional Natural Corales del Rosario y San Bernardo</surName>
            </individualName>
<organizationName>Parque Nacional Natural Corales del Rosario y San Bernardo</organizationName><positionName>Entidad gubernamental</positionName>            <address>
<deliveryPoint>Calle 74 no 11 - 81</deliveryPoint><city>Bogotá</city><administrativeArea>Bogotá</administrativeArea><postalCode>111321</postalCode><country>COLOMBIA</country>            </address>
            <role>CONTENT_PROVIDER</role>
            </associatedParty>
            <associatedParty>
            <individualName>
                    <surName>Parque Nacional Natural Bahía Portete</surName>
            </individualName>
<organizationName>Parque Nacional Natural Bahía Portete</organizationName><positionName>Entidad gubernamental</positionName>            <address>
<deliveryPoint>Calle 74 no 11 - 81</deliveryPoint><city>Bogotá</city><administrativeArea>Bogotá</administrativeArea><postalCode>111321</postalCode><country>COLOMBIA</country>            </address>
            <role>CONTENT_PROVIDER</role>
            </associatedParty>
            <associatedParty>
            <individualName>
                    <surName>Distrito Regional de Manejo Integrado de Pastos Marinos Sawairú</surName>
            </individualName>
<organizationName>Distrito Regional de Manejo Integrado de Pastos Marinos Sawairú</organizationName><positionName>Entidad gubernamental</positionName>            <address>
<city>Bogotá</city><administrativeArea>Bogotá</administrativeArea><country>COLOMBIA</country>            </address>
            <role>CONTENT_PROVIDER</role>
            </associatedParty>
            <associatedParty>
            <individualName>
<givenName>ANH</givenName>                    <surName>Agencia Nacional de Hidrocarburos</surName>
            </individualName>
<organizationName>Agencia Nacional de Hidrocarburos</organizationName><positionName>Agencia nacional</positionName>            <address>
<deliveryPoint>Avenida Calle 26 N° 59 - 65 Piso 2 Edificio de la Cámara Colombiana de la Infraestructura</deliveryPoint><city>Bogotá</city><administrativeArea>Bogotá</administrativeArea><country>COLOMBIA</country>            </address>
            <role>CONTENT_PROVIDER</role>
            </associatedParty>
            <pubDate>
                2023-12-13
            </pubDate>
        <language>SPANISH</language>
            <abstract>
                    <para>En el contexto de los proyectos &amp;#34;Diseño e implementación del subsistema de áreas marinas protegidas en Colombia&amp;#34; y &amp;#34;Protección de la biodiversidad en el Caribe suroccidental&amp;#34;, financiados conjuntamente por el GEF y llevados a cabo por Invemar y Coralina, se han unido esfuerzos para desarrollar y establecer protocolos de monitoreo para los elementos de conservación más importantes en las diversas Áreas Marinas Protegidas (AMP) del país. Estos protocolos se basan en la experiencia adquirida en los últimos 15 años en Colombia, a través de iniciativas como el Sistema de Monitoreo de Arrecifes Coralinos (Simac), la Red de Monitoreo de la Calidad de Aguas Marinas y Costeras (Redcam) y el Sistema de Información Pesquera (Sipein). Estas iniciativas han demostrado su fortaleza al trabajar en conjunto con el Sistema Nacional Ambiental (SINA), en particular con las Corporaciones Autónomas Regionales costeras, el Sistema de Parques Nacionales Naturales y las instituciones académicas. El objetivo de estos protocolos de monitoreo para las AMP no solo consiste en obtener información científicamente sólida mediante la selección de variables mínimas, sino también en considerar la capacidad operativa y de mantenimiento a largo plazo de cada una de las instituciones responsables de estas actividades. La experiencia ha demostrado que resulta cada vez más difícil y costoso mantener sistemas de monitoreo que aborden los desafíos locales y proporcionen respuestas relevantes para evaluar la efectividad de la gestión de las áreas con menor incertidumbre.</para>
                    <para>Este trabajo fue realizado entre 2012 y 2014, aplicando la metodología Seagrass Net, adoptada por el INVEMAR desde 2015, y descrita en el documento de Protocolo Indicador Condición Tendencia Praderas de Pastos Marinos (ICTpm), logrando concertar que variables mínimas eran necesarias tomarlas en campo para responder a preguntas de manejo y gestión y  de esta forma poder diseñar la red de estaciones específica en cada una  de las áreas, partiendo de criterios como la zonificación del manejo y los  usos permitidos o no que se desarrollan al interior del AMP.</para>
                    <para>El conjunto de datos se compone de 1.633 registros biológicos de pastos marinos, representado en 1 filos, 2 clase, 18 órdenes, 37 familias, 62 géneros y 109 especies.</para>
            </abstract>
                <keywordSet>
                        <keyword>Condición tendencia</keyword>
                        <keyword>Seagrass Net</keyword>
                        <keyword>Subsistema de Áreas Marinas Protegidas (SAMP)</keyword>
                        <keyword>Praderas de pastos marinos</keyword>
                        <keyword>Integridad biótica</keyword>
                        <keyword>Monitoreo</keyword>
                        <keyword>Indicadores</keyword>
                        <keywordThesaurus>NA</keywordThesaurus>
                </keywordSet>
                <keywordSet>
                        <keyword>Samplingevent</keyword>
                        <keywordThesaurus>GBIF Dataset Type Vocabulary: http://rs.gbif.org/vocabulary/gbif/dataset_type_2015-07-10.xml</keywordThesaurus>
                </keywordSet>
            <intellectualRights>
                    <para>This work is licensed under a <ulink url="http://creativecommons.org/licenses/by/4.0/legalcode"><citetitle>Creative Commons Attribution (CC-BY) 4.0 License</citetitle></ulink>.</para>
            </intellectualRights>
            <coverage>
                    <geographicCoverage>
                            <geographicDescription>Las coordenadas de un punto central del sitio definido para la instalación  de la estación permanente de monitoreo deben tomarse con el GPS y  registrarse en un mapa que muestre la ubicación general de la estación.  Si la ubicación geográfica se toma desde la costa o a cierta distancia desde  una embarcación, por las condiciones de acceso, debe especificarse la  dirección y la distancia desde las coordenadas registradas.</geographicDescription>
                            <boundingCoordinates>
                                <westBoundingCoordinate>-81.98</westBoundingCoordinate>
                                <eastBoundingCoordinate>-70.312</eastBoundingCoordinate>
                                <northBoundingCoordinate>18.146</northBoundingCoordinate>
                                <southBoundingCoordinate>9.839</southBoundingCoordinate>
                            </boundingCoordinates>
                    </geographicCoverage>
                    <temporalCoverage>
                            <rangeOfDates>
                                <beginDate>
                                    <calendarDate>                2015-04-20
</calendarDate>
                                </beginDate>
                                <endDate>
                                    <calendarDate>                2022-05-13
</calendarDate>
                                </endDate>
                            </rangeOfDates>
                    </temporalCoverage>
                        <taxonomicCoverage>
                                <generalTaxonomicCoverage>El conjunto de datos se compone de 1.633 registros biológicos de pastos marinos, representado en 1 filos, 2 clase, 18 órdenes, 37 familias, 62 géneros y 109 especies.</generalTaxonomicCoverage>
                                <taxonomicClassification>
                                        <taxonRankName>Phylum</taxonRankName>
                                    <taxonRankValue>Tracheophyta</taxonRankValue>
                                </taxonomicClassification>
                                <taxonomicClassification>
                                        <taxonRankName>Phylum</taxonRankName>
                                    <taxonRankValue>Chordata</taxonRankValue>
                                </taxonomicClassification>
                                <taxonomicClassification>
                                        <taxonRankName>Class</taxonRankName>
                                    <taxonRankValue>Magnoliopsida</taxonRankValue>
                                </taxonomicClassification>
                                <taxonomicClassification>
                                        <taxonRankName>Class</taxonRankName>
                                    <taxonRankValue>Actinopteri</taxonRankValue>
                                </taxonomicClassification>
                                <taxonomicClassification>
                                        <taxonRankName>Class</taxonRankName>
                                    <taxonRankValue>Elasmobranchii</taxonRankValue>
                                </taxonomicClassification>
                                <taxonomicClassification>
                                        <taxonRankName>Order</taxonRankName>
                                    <taxonRankValue>Alismatales</taxonRankValue>
                                </taxonomicClassification>
                                <taxonomicClassification>
                                        <taxonRankName>Order</taxonRankName>
                                    <taxonRankValue>Acanthuriformes</taxonRankValue>
                                </taxonomicClassification>
                                <taxonomicClassification>
                                        <taxonRankName>Order</taxonRankName>
                                    <taxonRankValue>Anguilliformes</taxonRankValue>
                                </taxonomicClassification>
                                <taxonomicClassification>
                                        <taxonRankName>Order</taxonRankName>
                                    <taxonRankValue>Aulopiformes</taxonRankValue>
                                </taxonomicClassification>
                                <taxonomicClassification>
                                        <taxonRankName>Order</taxonRankName>
                                    <taxonRankValue>Batrachoidiformes</taxonRankValue>
                                </taxonomicClassification>
                                <taxonomicClassification>
                                        <taxonRankName>Order</taxonRankName>
                                    <taxonRankValue>Batrachoidiformes</taxonRankValue>
                                </taxonomicClassification>
                                <taxonomicClassification>
                                        <taxonRankName>Order</taxonRankName>
                                    <taxonRankValue>Blenniiformes</taxonRankValue>
                                </taxonomicClassification>
                                <taxonomicClassification>
                                        <taxonRankName>Order</taxonRankName>
                                    <taxonRankValue>Carangiformes</taxonRankValue>
                                </taxonomicClassification>
                                <taxonomicClassification>
                                        <taxonRankName>Order</taxonRankName>
                                    <taxonRankValue>Carangaria incertae sedis</taxonRankValue>
                                </taxonomicClassification>
                                <taxonomicClassification>
                                        <taxonRankName>Order</taxonRankName>
                                    <taxonRankValue>Clupeiformes</taxonRankValue>
                                </taxonomicClassification>
                                <taxonomicClassification>
                                        <taxonRankName>Order</taxonRankName>
                                    <taxonRankValue>Eupercaria incertae sedis</taxonRankValue>
                                </taxonomicClassification>
                                <taxonomicClassification>
                                        <taxonRankName>Order</taxonRankName>
                                    <taxonRankValue>Gobiiformes</taxonRankValue>
                                </taxonomicClassification>
                                <taxonomicClassification>
                                        <taxonRankName>Order</taxonRankName>
                                    <taxonRankValue>Holocentriformes</taxonRankValue>
                                </taxonomicClassification>
                                <taxonomicClassification>
                                        <taxonRankName>Order</taxonRankName>
                                    <taxonRankValue>Mugiliformes</taxonRankValue>
                                </taxonomicClassification>
                                <taxonomicClassification>
                                        <taxonRankName>Order</taxonRankName>
                                    <taxonRankValue>Mulliformes</taxonRankValue>
                                </taxonomicClassification>
                                <taxonomicClassification>
                                        <taxonRankName>Order</taxonRankName>
                                    <taxonRankValue>Myliobatiformes</taxonRankValue>
                                </taxonomicClassification>
                                <taxonomicClassification>
                                        <taxonRankName>Order</taxonRankName>
                                    <taxonRankValue>Ovalentaria incertae sedis</taxonRankValue>
                                </taxonomicClassification>
                                <taxonomicClassification>
                                        <taxonRankName>Order</taxonRankName>
                                    <taxonRankValue>Perciformes</taxonRankValue>
                                </taxonomicClassification>
                                <taxonomicClassification>
                                        <taxonRankName>Order</taxonRankName>
                                    <taxonRankValue>Syngnathiformes</taxonRankValue>
                                </taxonomicClassification>
                                <taxonomicClassification>
                                        <taxonRankName>Order</taxonRankName>
                                    <taxonRankValue>Tetraodontiformes</taxonRankValue>
                                </taxonomicClassification>
                        </taxonomicCoverage>
            </coverage>
            <maintenance>
                <description>
                    <para></para>
                </description>
                <maintenanceUpdateFrequency>unkown</maintenanceUpdateFrequency>
            </maintenance>
            <contact>
            <individualName>
<givenName>Erika</givenName>                    <surName>Montoya-Cadavid</surName>
            </individualName>
<organizationName>Instituto de Investigaciones Marinas y Costeras José Benito Vives de Andréis</organizationName><positionName>Administradora de Contenidos SiBM</positionName>            <address>
<deliveryPoint>Calle 25 No. 2-55 Playa Salguero, Rodadero</deliveryPoint><city>Santa Marta</city><administrativeArea>Magdalena</administrativeArea><country>COLOMBIA</country>            </address>
<electronicMailAddress>erika.montoya@invemar.org.co</electronicMailAddress>            </contact>
            <contact>
            <individualName>
<givenName>Julio Cesar</givenName>                    <surName>Bohórquez Naranjo</surName>
            </individualName>
<organizationName>Instituto de Investigaciones Marinas y Costeras José Benito Vives de Andréis</organizationName><positionName>Profesional Laboratorio Servicios de Información</positionName>            <address>
<deliveryPoint>Calle 25 No. 2-55 Playa Salguero, Rodadero</deliveryPoint><city>Santa Marta</city><administrativeArea>Magdalena</administrativeArea><country>COLOMBIA</country>            </address>
<phone>+54328600</phone><electronicMailAddress>julio.bohorquez@invemar.org.co</electronicMailAddress>            </contact>
            <methods>
                    <methodStep>
                        <description>
                            <para>Partiendo de la revisión cartográfica inicial, sobre la zonificación de manejo y las unidades ecológicas de cada AMP, se definirán las áreas para  el monitoreo de las praderas de pastos marinos, además de que deben realizarse buceos piloto para seleccionar los sitios donde se establecerán las estaciones permanentes.</para>
                        </description>
                    </methodStep>
                    <methodStep>
                        <description>
                            <para>Para medir el primer metro de la pradera en donde se ubicará el transecto  A, debe partirse del borde de la pradera que se encuentre más cercano  a la playa. Una vez esta distancia sea ubicada, se procede a instalar  una de las estacas tornillo en el lugar donde quedará uno de los extremos del transecto A. Para esto se recomienda introducir los  primeros centímetros de la estaca en el sedimento con la ayuda del mazo  y posteriormente girar la estaca hasta que quede expuesta únicamente  la cabeza o argolla de la misma.</para>
                        </description>
                    </methodStep>
                    <methodStep>
                        <description>
                            <para>Para instalar las estacas permanentes del otro lado de la estación, deben medirse 50 m paralelos a la costa desde el extremo inicial del transecto  A y desde ahí repetir la misma operación realizada anteriormente para instalar las estacas faltantes de cada transecto.</para>
                        </description>
                    </methodStep>
                    <methodStep>
                        <description>
                            <para>Las boyas permanentes, una amarrada a cada estaca o al menos en los puntos más extremos de la estación, deben quedar a media agua, esto permitirá encontrar fácilmente la ubicación de los transectos durante los monitoreos posteriores.</para>
                        </description>
                    </methodStep>
                    <methodStep>
                        <description>
                            <para>A parte de la ubicación general de la estación, es muy importante registrar  la ubicación de cada estaca con el GPS y realizar un esquema general de la estación mostrando su ubicación dentro de la pradera y algunas características notorias del medio circundante en superficie.</para>
                        </description>
                    </methodStep>
                    <methodStep>
                        <description>
                            <para>Empezando por el transecto C (el más alejado de la playa), una pareja  de buzos debe desplegar la cinta métrica de 50 m entre las estacas  para instalar el transecto y empezar, desde el metro cero, se utilizan  cuadrantes de 25 × 25 cm. Se deben contar todos los vástagos presentes dentro del cuadrante (25 × 25 cm). El resultado se expresa  como Número de vástagos / m2 .</para>
                        </description>
                    </methodStep>
                    <methodStep>
                        <description>
                            <para>A partir de recorridos a lo largo de toda la estación de monitoreo  (50 × 50 m), se debe registrar el número de individuos por especie  de herbívoros, carnívoros y detritívoros/omnívoros. Preferiblemente  deben identificarse los organismos a nivel de género o especie, para esto  pueden estudiarse previamente guías de identificación o fotografías de  las principales especies de fauna que históricamente se han registrado  asociada a las praderas de pastos marinos del Caribe colombiano. Esta variable se expresa como Número de individuos por  categoría / m2 .</para>
                        </description>
                    </methodStep>
                    <methodStep>
                        <description>
                            <para>A partir de censos en cuadrantes de 50 × 50 cm, se debe registrar si el  cuadrante que está siendo observado presenta afectación por Labyrinthula  spp. En la estación se monitorean 36 cuadrantes, lo que equivaldría al  100%, a partir del número de cuadrantes con presencia de afectación establecer el porcentaje correspondiente. El resultado se expresa como  porcentaje de cuadrantes afectados dentro de la estación. Además,  se debe registrar si el  cuadrante que está siendo observado presenta afectación por invertebrados. En la estación se monitorean 36 cuadrantes, lo que equivaldrán  al 100%, a partir del número de cuadrantes con presencia de afectación,  establecer el porcentaje correspondiente. El resultado se expresa como  porcentaje de cuadrantes afectados dentro de la estación.</para>
                        </description>
                    </methodStep>
                    <methodStep>
                        <description>
                            <para>Para la parte de fauna asociada, en cada una de las estaciones se realizó un muestreo  combinado de censos visuales, que registran la presencia y abundancia de la fauna más conspicua, y arrastres o barridos del fondo mediante una red de marco metálico (boca de la red  0,7x0,3m, ojo de malla en el copo de 5mm), halada por la embarcación o manualmente, para colectar animales poco conspicuos y de talla pequeña que pudieran ser omitidos en los  censos  visuales.  Así,  la  información  obtenida  por ambas técnicas fue complementaria, haciéndose comparable al aplicarlas sobre la misma área de muestreo (corredores de 2x30m). La fauna asociada, entendida aquí como los animales retenidos en un tamiz de cinco milímetros que fueron colectados u observados en cada estación,  fue  identificada  hasta  especie  y  contada  en campo, o, de no ser posible, fijada para su identificación en laboratorio.</para>
                        </description>
                    </methodStep>
                    <sampling>
                        <studyExtent>
                            <description>
                                <para>En 12 de las 17 áreas geográficas con mayor abundancia de praderas en el Caribe colombiano se establecieron en total 55 estaciones o sitios de muestreo (Estación, EST), así: Puerto López (1 estación), bahía Portete (3), cabo de La Vela-Riohacha (8), Santa Marta y Parque Tayrona (8), Cartagena (6), Barú - islas del Rosario (5), golfo de Morrosquillo (5), islas de San Bernardo (4), isla Fuerte (4), Urabá chocoano (3), isla de San Andrés (4) e isla Providencia (4).</para>
                            </description>
                        </studyExtent>
                        <samplingDescription>
                            <para>Se aclara que la metodología utilizada para este protocolo es una versión adaptada de la Red Global de Monitoreo de Pastos Marinos (SeagrassNet, por sus siglas en ingles) y facilita la revisión de los 36 cuadrantes de cada  estación. Dichos cuadrantes han sido escogidos previamente al azar y se encuentran estandarizados a nivel mundial. Se aconseja que cada estación tenga un área de muestreo de 2.500 m2 compuesta  por tres transectos separados por 50 m en los extremos, ubicados paralelamente a la línea de costa; cada transecto tiene una longitud de 50 m, y recibe una denominación de acuerdo a su ubicación. El transecto A  se encuentra ubicado a 1 m o menos de profundidad, el transecto B se encuentra ubicado a 25 m del transecto A y el transecto C se encuentra ubicado a 25 m del transecto B, formando un cuadrado.
Para que el muestreo se considere como ideal, se recomienda realizar el monitoreo de las praderas cada tres meses durante dos años (obteniendo 8 muestreos consecutivos), a fin de poder establecer la línea base en términos de comportamiento y tendencias de las variables, para cada pradera.</para>
                        </samplingDescription>
                    </sampling>
                    <qualityControl>
                        <description>
                            <para>Los datos se estandarizaron al formato Darwin Core. Las fechas, los datos geográficos y la información taxonómica fueron sometidos a un proceso de validación y limpieza. La validación taxonómica se hizo contrastando la información con el árbol taxonómico de WoRMS</para>
                        </description>
                    </qualityControl>
            </methods>

            <project >
                <title>Diseño e implementación del subsistema de áreas  marinas protegidas en Colombia y protección de la biodiversidad en el  Caribe suroccidental, Proyectos COL75241 y GRT/FM-11865-CO</title>
                    <personnel>
            <individualName>
<givenName>Erika</givenName>                    <surName>Montoya-Cadavid</surName>
            </individualName>
            <role>CUSTODIAN_STEWARD</role>
                    </personnel>
                    <personnel>
            <individualName>
<givenName>Julio Cesar</givenName>                    <surName>Bohórquez Naranjo</surName>
            </individualName>
            <role>CUSTODIAN_STEWARD</role>
                    </personnel>
                <abstract>
                    <para>El objetivo de estos protocolos de monitoreo para las AMP no solo tuvo en cuenta la necesidad de adquirir información robusta desde el punto de vista científica, con la selección de algunas mínimas variables, sino que fue importante revisar para su futura operatividad y mantenimiento en el tiempo, la capacidad instalada en cada una de las instituciones responsables de esta actividad, dado que la experiencia nos ha demostrado que cada vez se hace más difícil y costoso mantener sistemas de monitoreo que respondan a preguntas de manejo para las problemáticas locales  y permitir de esta forma entender la dinámica y evaluar con menor incertidumbre la efectividad del manejo de las Área.
Este trabajo fue realizado entre 2012 y 2014 en el marco de los dos  proyectos logrando concertar que variables mínimas eran necesarias tomarlas en campo para responder a preguntas de manejo y gestión y  de esta forma poder diseñar la red de estaciones específica en cada una  de las áreas, partiendo de criterios como la zonificación del manejo y los usos permitidos o no que se desarrollan al interior del AMP.</para>
                </abstract>
                <funding>
                    <para>Proyectos COL75241 y  GRT/FM-11865-CO</para>
                </funding>
                    <studyAreaDescription>
                        <descriptor name="generic" citableClassificationSystem="false">
                            <descriptorValue>En 12 de las 17 áreas geográficas con mayor abundancia de praderas en el Caribe colombiano, se establecieron en total 55 estaciones o sitios de muestreo (Estación, EST), así: Puerto López (1 estación), bahía Portete (3), cabo de La Vela-Riohacha (8), Santa Marta y Parque Tayrona (8), Cartagena (6), Barú - islas del Rosario (5), golfo de Morrosquillo (5), islas de San Bernardo (4), isla Fuerte (4), Urabá chocoano (3), isla de San Andrés (4) e isla Providencia (4).</descriptorValue>
                        </descriptor>
                    </studyAreaDescription>
                    <designDescription>
                        <description>
                            <para>Cada estación consistió en una extensión aproximada de 60m2 (30x2m) para el componente de fauna y de 2500 m2 para el vegetal, consideradas suficientemente representativas de una pradera con base en muestreos previos. Con el fin de acotar el universo de posibilidades en cuanto al tipo de praderas y gradientes de profundidad, y hacer comparables los resultados, se seleccionaron sitios ampliamente dominados por Thalassia, el pasto más abundante en el Caribe colombiano, en los que la cobertura de dicha especie fuese superior al 30% y en dos niveles de profundidad: 1-2m (“somero”) y/o 4-5m (“profundo”). Sin embargo, con el fin de obtener inventarios de fauna y flora más completos, también se hicieron en cada área observaciones y muestreos aleatorios (Censos Rápidos, CR, 66 en total).</para>
                        </description>
                    </designDescription>
            </project>
    </dataset>

    <additionalMetadata>
        <metadata>
            <gbif>
                <dateStamp>2024-07-11T14:26:42Z</dateStamp>
                <citation identifier="https://doi.org/10.15472/5zrypo">Acosta Chaparro A F, González Corredor J D, Navas Camacho R, Vega-Sequeda J C, Galeano Galeano E, Sánchez Valencia L, Muñoz Escobar L, Díaz Sánchez C M, Salinas Zapata C, Ojeda Ochoa K A, Montoya-Cadavid E, Bohórquez Naranjo J C (2023). Datos de monitoreo de las praderas de pastos marinos del Caribe colombiano – Estructura peces. Version 1.1. Instituto de Investigaciones Marinas y Costeras - Invemar. Sampling event dataset https://doi.org/10.15472/5zrypo accessed via GBIF.org on 2024-07-11.</citation>
                    <bibliography>
                <citation identifier="http://www.invemar.org.co/documents/10182/14479/02+ProtocoloIndicadorPastosMarinosdigital.pdf/1686f1fe-4669-40bf-ab25-5468d656ad73">Gómez-López, D. I., S. M. Navarrete-Ramírez, R. Navas-Camacho, C. M. Díaz-Sánchez,  L. Muñoz-Escobar y E. Galeano. 2014. Protocolo  Indicador Condición Tendencia Praderas de Pastos  Marinos (ICTPM). Indicadores de monitoreo biológico  del Subsistema de Áreas Marinas Protegidas (SAMP). Invemar, GEF y PNUD. Serie de Publicaciones Generales del Invemar No. 68, Santa Marta. 36 p.</citation>
                <citation identifier="http://www.seagrassnet.org/assets/about/SeagrassNet%20Worldwide%20Manual%202015.pdf">Short, F.T., Coles, R.G., Short, C.A. 2015. SeagrassNet Manual for  Scientific Monitoring of Seagrass Habitat, Worldwide edition. University  of New Hampshire Publication. 73 pp</citation>
                    </bibliography>
                    <resourceLogoUrl>https://raw.githubusercontent.com/SIB-Colombia/logos/main/socio-SiB-invemar.png</resourceLogoUrl>
            </gbif>
        </metadata>
    </additionalMetadata>

</eml:eml>
