<?xml version="1.0" encoding="utf-8"?>
<eml:eml xmlns:eml="eml://ecoinformatics.org/eml-2.1.1" xmlns:xsi="http://www.w3.org/2001/XMLSchema-instance"
         xsi:schemaLocation="eml://ecoinformatics.org/eml-2.1.1 http://rs.gbif.org/schema/eml-gbif-profile/1.2/eml.xsd"
packageId="38f06820-08c5-42b2-94f6-47cc3e83a54a"  system="http://gbif.org" scope="system"
xml:lang="en">

    <dataset>
            <alternateIdentifier>10.15468/qjgwba</alternateIdentifier>
                <alternateIdentifier>https://collections.ala.org.au/public/show/dr7969</alternateIdentifier>
                <alternateIdentifier>125f2111-4f70-3ff4-a5de-76a22c5ceabd</alternateIdentifier>
                <alternateIdentifier>10.1038/sdata.2014.7</alternateIdentifier>
                <alternateIdentifier>38f06820-08c5-42b2-94f6-47cc3e83a54a</alternateIdentifier>
                <alternateIdentifier>10.1038/sdata.2014.7</alternateIdentifier>
                <alternateIdentifier>10.15468/4ze7tr</alternateIdentifier>
                <alternateIdentifier>http://ipt.ala.org.au/resource?r=global</alternateIdentifier>
        <title>Reef Life Survey: Global reef fish dataset</title>
            <creator>
<organizationName>Reef Life Survey</organizationName>            </creator>
            <metadataProvider>
<organizationName>Reef Life Survey</organizationName>            </metadataProvider>
            <associatedParty>
<organizationName>Atlas of Living Australia</organizationName>            <address>
<deliveryPoint>CSIRO Ecosystems Services</deliveryPoint><city>Canberra</city><administrativeArea>ACT</administrativeArea><postalCode>2601</postalCode><country>AUSTRALIA</country>            </address>
<electronicMailAddress>info@ala.org.au</electronicMailAddress>            <role>DISTRIBUTOR</role>
            </associatedParty>
            <pubDate>
                2022-02-16
            </pubDate>
        <language>ENGLISH</language>
            <abstract>
                    <para>This dataset contains records of bony fishes and elasmobranchs collected by Reef Life Survey (RLS) divers along 50m transects on shallow rocky and coral reefs, worldwide. Abundance information is available for all records found within quantitative survey limits (50 x 5 m swathes during a single swim either side of the transect line, each distinguished as a Block), and out-of-survey records are identified as presence-only (Method 0). Although surveys are undertaken as part of monitoring programs at particular locations (mostly in Australia), this dataset contains does not include repeat surveys of sites.</para>
            </abstract>
            <intellectualRights>
                    <para>This work is licensed under a <ulink url="http://creativecommons.org/licenses/by/4.0/legalcode"><citetitle>Creative Commons Attribution (CC-BY) 4.0 License</citetitle></ulink>.</para>
            </intellectualRights>
            <distribution scope="document">
                <online>
                    <url function="information">https://reeflifesurvey.com/</url>
                </online>
            </distribution>
            <purpose>
                <para>The dataset generated by recreational divers provides a national framework for monitoring the state of the inshore environment and the identification of those threats and locations of greatest conservation concern. The project also increases awareness and interest by the recreational diving community in marine issues, and enhanced scientific capacity of personnel in regional areas.</para>
            </purpose>
            <contact>
            <individualName>
<givenName>Rick</givenName>                    <surName>Stuart-Smith</surName>
            </individualName>
<positionName>Co investigator</positionName><phone>(03) 6227 7214</phone><electronicMailAddress>Rick.StuartSmith@utas.edu.au</electronicMailAddress>            </contact>
            <methods>
                    <methodStep>
                        <description>
                            <para>Line transects 50 m in length are laid along a depth contour. Fishes are surveyed in two 5 m wide by 5 m high bands or (&quot;blocks&quot;), parallel with the 50 m transect line. During the fish survey, the number and estimated size-category of all fishes sighted within 5 m blocks either side of the transect line, and within a 5 m high ceiling (and 5 m deep floor if applicable, see section on methods for surveying walls in appendix 2, in manual) is recorded as the divers swim slowly along the block.

Size-classes of total fish length (from snout to tip of tail, or longest distance, including for stingrays) used are 2.5, 5.0, 7.5, 10.0, 12.5, 15.0, 20.0, 25.0, 30.0, 35.0, 40.0, 50.0, 62.5 cm, and above. Lengths of fish larger than 62.5 cm should be estimated to the nearest 12.5 cm and individually recorded.

GPS location, date, time, depth and visibility are also recorded.

See link to the Methods Manual: A Standardized Survey Procedures for Monitoring Reef Ecosystems, for more information.</para>
                        </description>
                    </methodStep>
                    <qualityControl>
                        <description>
                            <para>Data in the RLS global reef fish dataset have been collected by a combination of experienced scientists and skilled recreational divers, with all divers having either substantial prior experience in reef fish surveys or extensive training in the RLS methods. Quality control procedures are described in detail in Edgar &amp; Stuart-Smith 2014 and results of an analysis of data quality differences between volunteer divers and professional scientists are presented in Edgar &amp; Stuart-Smith 2009.</para>
                        </description>
                    </qualityControl>
            </methods>

    </dataset>

    <additionalMetadata>
        <metadata>
            <gbif>
                <dateStamp>2024-07-11T14:26:31Z</dateStamp>
                <citation>Reef Life Survey (2022). Reef Life Survey: Global reef fish dataset. Sampling event dataset https://doi.org/10.15468/qjgwba accessed via GBIF.org on 2024-07-11.</citation>
                    <resourceLogoUrl>https://collections.ala.org.au/data/dataProvider/RLS+Logo.jpg</resourceLogoUrl>
            </gbif>
        </metadata>
    </additionalMetadata>

</eml:eml>
