<?xml version="1.0" encoding="utf-8"?>
<eml:eml xmlns:eml="eml://ecoinformatics.org/eml-2.1.1" xmlns:xsi="http://www.w3.org/2001/XMLSchema-instance"
         xsi:schemaLocation="eml://ecoinformatics.org/eml-2.1.1 http://rs.gbif.org/schema/eml-gbif-profile/1.2/eml.xsd"
packageId="6ab92616-e7f9-47a9-8dd6-d7d129fafd08"  system="http://gbif.org" scope="system"
xml:lang="es">

    <dataset>
            <alternateIdentifier>10.15472/oee2kl</alternateIdentifier>
                <alternateIdentifier>6ab92616-e7f9-47a9-8dd6-d7d129fafd08</alternateIdentifier>
                <alternateIdentifier>https://ipt.biodiversidad.co/sibm/resource?r=peces_unal_seaflower</alternateIdentifier>
        <title>Biodiversidad íctica de Providencia durante la Expedición Seaflower 2019 - Proyecto Colombia BIO</title>
            <creator>
            <individualName>
<givenName>Natalia</givenName>                    <surName>Rivas Escobar</surName>
            </individualName>
<organizationName>Universidad Nacional de Colombia</organizationName><positionName>Investigador</positionName>            <address>
<deliveryPoint>Carrera 45 # 26-85</deliveryPoint><city>Bogotá, D.C.</city><administrativeArea>Bogotá, D.C.</administrativeArea><country>COLOMBIA</country>            </address>
<electronicMailAddress>nrivase@unal.edu.co</electronicMailAddress>            </creator>
            <creator>
            <individualName>
<givenName>José Julián</givenName>                    <surName>Tavera</surName>
            </individualName>
<organizationName>Universidad del Valle</organizationName><positionName>investigador</positionName>            <address>
<deliveryPoint>Calle 13 # 100-00</deliveryPoint><city>Cali</city><administrativeArea>Valle del Cauca</administrativeArea><country>COLOMBIA</country>            </address>
<electronicMailAddress>jose.tavera@correounivalle.edu.co</electronicMailAddress>            </creator>
            <creator>
            <individualName>
<givenName>Alejandra</givenName>                    <surName>Puentes</surName>
            </individualName>
<organizationName>Universidad Nacional de Colombia</organizationName><positionName>Investigadora</positionName>            <address>
<deliveryPoint>Carrera 45 # 26-85</deliveryPoint><city>Bogotá, D.C.</city><administrativeArea>Bogotá, D.C.</administrativeArea><country>COLOMBIA</country>            </address>
            </creator>
            <creator>
            <individualName>
<givenName>Arturo</givenName>                    <surName>Acero Pizarro</surName>
            </individualName>
<organizationName>Universidad Nacional de Colombia</organizationName><positionName>Profesor asociado/Investigador</positionName>            <address>
<deliveryPoint>Carrera 45 # 26-85</deliveryPoint><city>Bogotá, D.C.</city><administrativeArea>Bogotá, D.C.</administrativeArea><country>COLOMBIA</country>            </address>
<electronicMailAddress>aacerop@unal.edu.co</electronicMailAddress>            </creator>
            <metadataProvider>
            <individualName>
<givenName>Natalia</givenName>                    <surName>Rivas Escobar</surName>
            </individualName>
<organizationName>Universidad Nacional de Colombia</organizationName><positionName>Investigador</positionName>            <address>
<deliveryPoint>Carrera 45 # 26-85</deliveryPoint><city>Bogotá, D.C.</city><administrativeArea>Bogotá, D.C.</administrativeArea><country>COLOMBIA</country>            </address>
<electronicMailAddress>nrivase@unal.edu.co</electronicMailAddress>            </metadataProvider>
            <metadataProvider>
            <individualName>
<givenName>Lina Paola</givenName>                    <surName>Ochoa Sanabria</surName>
            </individualName>
<organizationName>Universidad Nacional de Colombia</organizationName><positionName>Contratista</positionName>            <address>
<deliveryPoint>Carrera 45 # 26-85</deliveryPoint><city>Bogotá, D.C.</city><administrativeArea>Bogotá, D.C.</administrativeArea><country>COLOMBIA</country>            </address>
<electronicMailAddress>lpochoas@unal.edu.co</electronicMailAddress>            </metadataProvider>
            <associatedParty>
            <individualName>
                    <surName>Universidad del Valle</surName>
            </individualName>
<organizationName>Universidad del Valle</organizationName><positionName>Universidad</positionName>            <address>
<deliveryPoint>Calle 13 # 100-00, Ciudad Universitaria Meléndez</deliveryPoint><city>Cali</city><administrativeArea>Valle del Cauca</administrativeArea><country>COLOMBIA</country>            </address>
<phone>018000220021</phone><onlineUrl>https://www.univalle.edu.co/</onlineUrl>            <role>AUTHOR</role>
            </associatedParty>
            <pubDate>
                2021-07-15
            </pubDate>
        <language>SPANISH</language>
            <abstract>
                    <para>En el marco de las expediciones científicas a la Reserva Seaflower, en el año 2019 se realizaron salidas de campo dirigidas al ecosistema de manglar en la laguna del Parque Nacional Natural McBean Lagoon y los arrecifes coralinos adyacentes. En total se realizaron 10 días de muestreo efectivo en campo, 2 para el parque y 8 para los arrecifes adyacentes.E valuando un total de 23 estaciones.

Se registraron un total de 242 especies de peces, la mayoria de registros fueron identificados visualmente a nivel de especie.</para>
            </abstract>
                <keywordSet>
                        <keyword>Santa Catalina</keyword>
                        <keyword>Expedición Seaflower</keyword>
                        <keyword>Providencia</keyword>
                        <keyword>Ictiofauna</keyword>
                        <keywordThesaurus>na</keywordThesaurus>
                </keywordSet>
                <keywordSet>
                        <keyword>SEAFLOWER</keyword>
                        <keyword>SIB_MARINO</keyword>
                        <keywordThesaurus>SiB Colombia</keywordThesaurus>
                </keywordSet>
                <keywordSet>
                        <keyword>Occurrence</keyword>
                        <keywordThesaurus>GBIF Dataset Type Vocabulary: http://rs.gbif.org/vocabulary/gbif/dataset_type.xml</keywordThesaurus>
                </keywordSet>
                <keywordSet>
                        <keyword>Observation</keyword>
                        <keywordThesaurus>GBIF Dataset Subtype Vocabulary: http://rs.gbif.org/vocabulary/gbif/dataset_subtype.xml</keywordThesaurus>
                </keywordSet>
            <intellectualRights>
                    <para>This work is licensed under a <ulink url="http://creativecommons.org/licenses/by-nc/4.0/legalcode"><citetitle>Creative Commons Attribution Non Commercial (CC-BY-NC) 4.0 License</citetitle></ulink>.</para>
            </intellectualRights>
            <coverage>
                    <geographicCoverage>
                            <geographicDescription>Las islas de Providencia y Santa Catalina se encuentran localizadas en la zona central de la Reserva de Biosfera Seaflower. En las islas confluyen diferentes ecosistemas estratégicos que albergan una gran biodiversidad. Destacan los bosques de manglar, fondos arenosos, sustratos rocosos, pastos marinos, acantilados y formaciones coralinas (CORALINA-Invemar, 2012). Los arrecifes de coral, manglares y pastos marinos están dentro de los ecosistemas más productivos y biodiversos del mundo, importantes como fuentes de alimentación y sustento para poblaciones humanas, zonas de cría para especies comerciales, entre otros (Uribe y Urrego, 2009; Burke et al., 2011; Lasso et al., 2015; Mtwana, Koch, Barbier y Creed, 2016).</geographicDescription>
                            <boundingCoordinates>
                                <westBoundingCoordinate>-81.424</westBoundingCoordinate>
                                <eastBoundingCoordinate>-81.306</eastBoundingCoordinate>
                                <northBoundingCoordinate>13.521</northBoundingCoordinate>
                                <southBoundingCoordinate>13.322</southBoundingCoordinate>
                            </boundingCoordinates>
                    </geographicCoverage>
                    <temporalCoverage>
                            <rangeOfDates>
                                <beginDate>
                                    <calendarDate>                2019-09-21
</calendarDate>
                                </beginDate>
                                <endDate>
                                    <calendarDate>                2019-10-01
</calendarDate>
                                </endDate>
                            </rangeOfDates>
                    </temporalCoverage>
                        <taxonomicCoverage>
                                <generalTaxonomicCoverage>Este recurso contiene la información de 242 peces, pertenecientes a 37 ordenes, 64 familias, 125 géneros y 231 especies. Un 95% de los registros esta determinado a especie, 3% a género, 1% a familia y 1% a subespecie.</generalTaxonomicCoverage>
                                <taxonomicClassification>
                                        <taxonRankName>Order</taxonRankName>
                                    <taxonRankValue>Acanthuriformes</taxonRankValue>
                                </taxonomicClassification>
                                <taxonomicClassification>
                                        <taxonRankName>Order</taxonRankName>
                                    <taxonRankValue>Albuliformes</taxonRankValue>
                                </taxonomicClassification>
                                <taxonomicClassification>
                                        <taxonRankName>Order</taxonRankName>
                                    <taxonRankValue>Anguilliformes</taxonRankValue>
                                </taxonomicClassification>
                                <taxonomicClassification>
                                        <taxonRankName>Order</taxonRankName>
                                    <taxonRankValue>Atheriniformes</taxonRankValue>
                                </taxonomicClassification>
                                <taxonomicClassification>
                                        <taxonRankName>Order</taxonRankName>
                                    <taxonRankValue>Aulopiformes</taxonRankValue>
                                </taxonomicClassification>
                                <taxonomicClassification>
                                        <taxonRankName>Order</taxonRankName>
                                    <taxonRankValue>Beloniformes</taxonRankValue>
                                </taxonomicClassification>
                                <taxonomicClassification>
                                        <taxonRankName>Order</taxonRankName>
                                    <taxonRankValue>Blenniiformes</taxonRankValue>
                                </taxonomicClassification>
                                <taxonomicClassification>
                                        <taxonRankName>Order</taxonRankName>
                                    <taxonRankValue>Carangaria</taxonRankValue>
                                </taxonomicClassification>
                                <taxonomicClassification>
                                        <taxonRankName>Order</taxonRankName>
                                    <taxonRankValue>Carangiformes</taxonRankValue>
                                </taxonomicClassification>
                                <taxonomicClassification>
                                        <taxonRankName>Order</taxonRankName>
                                    <taxonRankValue>Carcharhiniformes</taxonRankValue>
                                </taxonomicClassification>
                                <taxonomicClassification>
                                        <taxonRankName>Order</taxonRankName>
                                    <taxonRankValue>Centrarchiformes</taxonRankValue>
                                </taxonomicClassification>
                                <taxonomicClassification>
                                        <taxonRankName>Order</taxonRankName>
                                    <taxonRankValue>Chaetodontiformes</taxonRankValue>
                                </taxonomicClassification>
                                <taxonomicClassification>
                                        <taxonRankName>Order</taxonRankName>
                                    <taxonRankValue>Clupeiformes</taxonRankValue>
                                </taxonomicClassification>
                                <taxonomicClassification>
                                        <taxonRankName>Order</taxonRankName>
                                    <taxonRankValue>Cyprinodontiformes</taxonRankValue>
                                </taxonomicClassification>
                                <taxonomicClassification>
                                        <taxonRankName>Order</taxonRankName>
                                    <taxonRankValue>Elopiformes</taxonRankValue>
                                </taxonomicClassification>
                                <taxonomicClassification>
                                        <taxonRankName>Order</taxonRankName>
                                    <taxonRankValue>Ephippiformes</taxonRankValue>
                                </taxonomicClassification>
                                <taxonomicClassification>
                                        <taxonRankName>Order</taxonRankName>
                                    <taxonRankValue>Eupercaria</taxonRankValue>
                                </taxonomicClassification>
                                <taxonomicClassification>
                                        <taxonRankName>Order</taxonRankName>
                                    <taxonRankValue>Gerreiformes</taxonRankValue>
                                </taxonomicClassification>
                                <taxonomicClassification>
                                        <taxonRankName>Order</taxonRankName>
                                    <taxonRankValue>Gobiesociformes</taxonRankValue>
                                </taxonomicClassification>
                                <taxonomicClassification>
                                        <taxonRankName>Order</taxonRankName>
                                    <taxonRankValue>Gobiiformes</taxonRankValue>
                                </taxonomicClassification>
                                <taxonomicClassification>
                                        <taxonRankName>Order</taxonRankName>
                                    <taxonRankValue>Holocentriformes</taxonRankValue>
                                </taxonomicClassification>
                                <taxonomicClassification>
                                        <taxonRankName>Order</taxonRankName>
                                    <taxonRankValue>Kurtiformes</taxonRankValue>
                                </taxonomicClassification>
                                <taxonomicClassification>
                                        <taxonRankName>Order</taxonRankName>
                                    <taxonRankValue>Labriformes</taxonRankValue>
                                </taxonomicClassification>
                                <taxonomicClassification>
                                        <taxonRankName>Order</taxonRankName>
                                    <taxonRankValue>Lutjaniformes</taxonRankValue>
                                </taxonomicClassification>
                                <taxonomicClassification>
                                        <taxonRankName>Order</taxonRankName>
                                    <taxonRankValue>Mugiliformes</taxonRankValue>
                                </taxonomicClassification>
                                <taxonomicClassification>
                                        <taxonRankName>Order</taxonRankName>
                                    <taxonRankValue>Myliobatiformes</taxonRankValue>
                                </taxonomicClassification>
                                <taxonomicClassification>
                                        <taxonRankName>Order</taxonRankName>
                                    <taxonRankValue>Orectolobiformes</taxonRankValue>
                                </taxonomicClassification>
                                <taxonomicClassification>
                                        <taxonRankName>Order</taxonRankName>
                                    <taxonRankValue>Ovalentaria</taxonRankValue>
                                </taxonomicClassification>
                                <taxonomicClassification>
                                        <taxonRankName>Order</taxonRankName>
                                    <taxonRankValue>Pempheriformes</taxonRankValue>
                                </taxonomicClassification>
                                <taxonomicClassification>
                                        <taxonRankName>Order</taxonRankName>
                                    <taxonRankValue>Perciformes</taxonRankValue>
                                </taxonomicClassification>
                                <taxonomicClassification>
                                        <taxonRankName>Order</taxonRankName>
                                    <taxonRankValue>Pleuronectiformes</taxonRankValue>
                                </taxonomicClassification>
                                <taxonomicClassification>
                                        <taxonRankName>Order</taxonRankName>
                                    <taxonRankValue>Priacanthiformes</taxonRankValue>
                                </taxonomicClassification>
                                <taxonomicClassification>
                                        <taxonRankName>Order</taxonRankName>
                                    <taxonRankValue>Scombriformes</taxonRankValue>
                                </taxonomicClassification>
                                <taxonomicClassification>
                                        <taxonRankName>Order</taxonRankName>
                                    <taxonRankValue>Scorpaeniformes</taxonRankValue>
                                </taxonomicClassification>
                                <taxonomicClassification>
                                        <taxonRankName>Order</taxonRankName>
                                    <taxonRankValue>Spariformes</taxonRankValue>
                                </taxonomicClassification>
                                <taxonomicClassification>
                                        <taxonRankName>Order</taxonRankName>
                                    <taxonRankValue>Syngnathiformes</taxonRankValue>
                                </taxonomicClassification>
                                <taxonomicClassification>
                                        <taxonRankName>Order</taxonRankName>
                                    <taxonRankValue>Tetraodontiformes</taxonRankValue>
                                </taxonomicClassification>
                        </taxonomicCoverage>
            </coverage>
            <maintenance>
                <description>
                    <para></para>
                </description>
                <maintenanceUpdateFrequency>asNeeded</maintenanceUpdateFrequency>
            </maintenance>
            <contact>
            <individualName>
<givenName>Natalia</givenName>                    <surName>Rivas Escobar</surName>
            </individualName>
<organizationName>Universidad Nacional de Colombia</organizationName><positionName>Investigador</positionName>            <address>
<deliveryPoint>Carrera 45 # 26-85</deliveryPoint><city>Bogotá, D.C.</city><administrativeArea>Bogotá, D.C.</administrativeArea><country>COLOMBIA</country>            </address>
<electronicMailAddress>nrivase@unal.edu.co</electronicMailAddress>            </contact>
            <methods>
                    <methodStep>
                        <description>
                            <para>El muestreo fue realizado con equipo autónomo, nadando a una profundidad uniforme a lo largo de cada buceo (50 minutos) a cuatro niveles diferentes en arrecifes de coral (0-5 m, 8-10 m, 12-15 y 18-20 m) y de 0-5 metros en manglar. Fueron anotadas en tablas acrílicas las especies observadas y sus rangos de abundancia y estadíos de madurez cuando fue posible y pertinente. Así mismo se examinaron ejemplares capturados por pescadores artesanales.</para>
                        </description>
                    </methodStep>
                    <sampling>
                        <studyExtent>
                            <description>
                                <para>Las islas de Providencia y Santa Catalina se encuentran localizadas en la zona central de la Reserva de Biosfera Seaflower. En las islas confluyen diferentes ecosistemas estratégicos que albergan una gran biodiversidad. Destacan los bosques de manglar, fondos arenosos, sustratos rocosos, pastos marinos, acantilados y formaciones coralinas (CORALINA-Invemar, 2012).</para>
                            </description>
                        </studyExtent>
                        <samplingDescription>
                            <para>Durante los diez días de muestreo efectivo en campo, se realizaron salidas de campo de aproximadamente seis horas de duración cada una. El equivalente de dos días de muestreo fue dirigido al ecosistema de manglar en la laguna del PNN McBean Lagoon y los ocho días restantes fueron evaluados los arrecifes coralinos adyacentes. En total fueron muestreadas 23 estaciones en total.</para>
                        </samplingDescription>
                    </sampling>
            </methods>

            <project id="Colombia_BIO | ECS2019">
                <title>Biodiversidad íctica de las islas de Providencia y Santa Catalina, Expedición Seaflower 2019 proyecto Colombia BIO</title>
                    <personnel>
            <individualName>
<givenName>Natalia</givenName>                    <surName>Rivas Escobar</surName>
            </individualName>
            <role>CONTENT_PROVIDER</role>
                    </personnel>
                    <personnel>
            <individualName>
<givenName>Arturo</givenName>                    <surName>Acero Pizarro</surName>
            </individualName>
            <role>PRINCIPAL_INVESTIGATOR</role>
                    </personnel>
                    <personnel>
            <individualName>
<givenName>José Julián</givenName>                    <surName>Tavera</surName>
            </individualName>
            <role>CONTENT_PROVIDER</role>
                    </personnel>
                    <personnel>
            <individualName>
<givenName>Alejandra</givenName>                    <surName>Puentes</surName>
            </individualName>
            <role>CONTENT_PROVIDER</role>
                    </personnel>
                <abstract>
                    <para>Se registraron un total de 242 especies de peces. Dichos registros se realizaron durante la expedición Seaflower 2019 a las islas de Providencia y Santa Catalina. La mayoria de registros fueron identificados visualmente a nivel de especie.</para>
                </abstract>
                <funding>
                    <para></para>
                </funding>
            </project>
    </dataset>

    <additionalMetadata>
        <metadata>
            <gbif>
                <dateStamp>2024-07-11T14:26:24Z</dateStamp>
                <citation identifier="https://doi.org/10.15472/oee2kl">Rivas Escobar N, Tavera J J, Puentes A, Acero Pizarro A, Ochoa Sanabria L P (2021). Biodiversidad íctica de Providencia durante la Expedición Seaflower 2019 - Proyecto Colombia BIO. Version 1.1. Universidad Nacional de Colombia. Occurrence dataset https://doi.org/10.15472/oee2kl accessed via GBIF.org on 2024-07-11.</citation>
                    <bibliography>
                <citation>Bolaños-Cubillos, N., A. Abril- Howard, N. Bent-Hooker, J.P. Caldas y A. Acero P. 2015. Lista de peces conocidos del archipiélago de San Andrés, Providencia y Santa Catalina, Reserva de Biosfera Seaflower, Caribe occidental colombiano. Bol. Invest. Mar. Cost. 44 (1): 127-162.</citation>
                <citation>Burke, L., Reytar, K., Spalding, M., &amp; Perry, A. (2011). Reefs at risk. National Geographic. https://doi.org/10.1016/0022-0981(79)90136-9.</citation>
                <citation>CORALINA-INVEMAR. (2012). Atlas de la Reserva de Biósfera Seaflower. Archipiélago de San Andrés, Providencia y Santa Catalina. Instituto de Investigaciones Marinas y Costeras “José Benito Vives De Andréis” -INVEMAR- y Corporación para el Desarrollo Sostenible del Archipiélago de San Andrés, Providencia y Santa Catalina -CORALINA. Serie de Publicaciones Especiales de INVEMAR- 28. Santa Marta. 180 p.</citation>
                <citation>Gómez, D.P. y P. Victoria. 1986. Peces de la isla de San Andrés y noreste de la isla de Providencia (mar Caribe de Colombia): inventario en arrecifes coralinos, praderas marinas y aguas costeras. Bol. Ecotrópica, 13: 41-85.</citation>
                <citation>Lasso, C.A., F.A. Villa-Navarro, A. Acero P., P. Sánchez-Duarte, M.A. Morales-Betancourt y N. Bolaños. 2015. Peces de las aguas interiores del archipiélago de San Andrés, Providencia y Santa Catalina, Colombia: diversidad, amenazas y recomendaciones para su conservación: 277-291. En Lasso, C.A., J.F. Blanco-Libreros y P. Sánchez-Duarte (Eds.) Cuencas pericontinentales de Colombia, Ecuador, Perú y Venezuela: tipología, biodiversidad, servicios ecosistémicos y sostenibilidad de los ríos, quebradas y arroyos costeros. Instituto Humboldt, Bogotá. 455 p.</citation>
                <citation>Mtwana, L. N., E. W. Koch, E. B. Barbier y J. C. Creed, 2016. Seagrass Ecosystem Services and Their Variability across Genera and Geographical Regions. PLOS ONE 12(1): e0169942. https://doi.org/10.1371/journal.pone.0169942
Uribe, J. y L.E. Urrego. 2009. Gestión ambiental de los ecosistemas de manglar. Rev. Gestión Amb., 12(2): 57-72.</citation>
                    </bibliography>
                    <resourceLogoUrl>https://statics.sibcolombia.net/sib-resources/images/logos-socios/500px/unal.jpg</resourceLogoUrl>
            </gbif>
        </metadata>
    </additionalMetadata>

</eml:eml>
