<?xml version="1.0" encoding="utf-8"?>
<eml:eml xmlns:eml="eml://ecoinformatics.org/eml-2.1.1" xmlns:xsi="http://www.w3.org/2001/XMLSchema-instance"
         xsi:schemaLocation="eml://ecoinformatics.org/eml-2.1.1 http://rs.gbif.org/schema/eml-gbif-profile/1.2/eml.xsd"
packageId="75301af4-c7b0-4b93-818f-bdf5d7cdabe0"  system="http://gbif.org" scope="system"
xml:lang="es">

    <dataset>
            <alternateIdentifier>10.15472/4a8ygj</alternateIdentifier>
                <alternateIdentifier>https://ipt.biodiversidad.co/sibm/resource?r=unal_biodiversidadictica_bolivar2022</alternateIdentifier>
        <title>Biodiversidad íctica de Isla Cayos de Bolívar: potencial del territorio insular colombiano en la conservación de especies amenazadas</title>
            <creator>
            <individualName>
<givenName>Arturo</givenName>                    <surName>Acero</surName>
            </individualName>
<organizationName>Universidad Nacional de Colombia</organizationName><positionName>Investigador principal</positionName>            <address>
<country>COLOMBIA</country>            </address>
<electronicMailAddress>aacerop@unal.edu.co</electronicMailAddress>            <userId directory="http://orcid.org/">0000-0002-6637-9901</userId>
            </creator>
            <creator>
            <individualName>
<givenName>Paola Alejandra</givenName>                    <surName>Puentes Sayo</surName>
            </individualName>
<organizationName>Universidad Nacional de Colombia</organizationName><positionName>Coinvestigador</positionName>            <address>
<country>COLOMBIA</country>            </address>
<electronicMailAddress>ppunetes@unal.edu.co</electronicMailAddress>            </creator>
            <creator>
            <individualName>
<givenName>Jose J.</givenName>                    <surName>Tavera</surName>
            </individualName>
<organizationName>Universidad del Valle</organizationName><positionName>Coinvestigador</positionName>            <address>
<country>COLOMBIA</country>            </address>
<electronicMailAddress>jose.tavera@correounivalle.edu.co</electronicMailAddress>            </creator>
            <creator>
            <individualName>
<givenName>Paula Estefanny</givenName>                    <surName>Pabon Quintero</surName>
            </individualName>
<organizationName>Universidad Nacional de Colombia</organizationName><positionName>Coinvestigador</positionName>            <address>
<country>COLOMBIA</country>            </address>
<electronicMailAddress>pepabonq@unal.edu.co</electronicMailAddress>            </creator>
            <creator>
            <individualName>
<givenName>Natalia</givenName>                    <surName>Rivas Escobar</surName>
            </individualName>
<organizationName>Universidad Nacional de Colombia</organizationName><positionName>Coinvestigador</positionName>            <address>
<country>COLOMBIA</country>            </address>
<electronicMailAddress>narivase@unal.edu.co</electronicMailAddress>            </creator>
            <creator>
            <individualName>
<givenName>Natalia</givenName>                    <surName>Ossa Hernández</surName>
            </individualName>
<organizationName>Universidad del Valle</organizationName><positionName>Coinvestigador</positionName>            <address>
<country>COLOMBIA</country>            </address>
<electronicMailAddress>natalia.ossa@correounivalle.edu.co</electronicMailAddress>            </creator>
            <metadataProvider>
            <individualName>
<givenName>Arturo</givenName>                    <surName>Acero</surName>
            </individualName>
<organizationName>Universidad Nacional de Colombia</organizationName><positionName>Investigador principal</positionName>            <address>
<country>COLOMBIA</country>            </address>
<electronicMailAddress>aacerop@unal.edu.co</electronicMailAddress>            <userId directory="http://orcid.org/">0000-0002-6637-9901</userId>
            </metadataProvider>
            <metadataProvider>
            <individualName>
<givenName>Paola Alejandra</givenName>                    <surName>Puentes Sayo</surName>
            </individualName>
<organizationName>Universidad Nacional de Colombia</organizationName><positionName>Coinvestigador</positionName>            <address>
<country>COLOMBIA</country>            </address>
<electronicMailAddress>ppunetes@unal.edu.co</electronicMailAddress>            </metadataProvider>
            <associatedParty>
            <individualName>
                    <surName>Universidad Nacional de Colombia</surName>
            </individualName>
<organizationName>Universidad Nacional de Colombia</organizationName><positionName>Institución propietaria</positionName>            <address>
<deliveryPoint>Carrera 45 # 26-85</deliveryPoint><city>Bogotá D.C.</city><administrativeArea>Bogotá D.C.</administrativeArea><country>COLOMBIA</country>            </address>
<phone>6013165000</phone><onlineUrl>https://unal.edu.co</onlineUrl>            <role>OWNER</role>
            </associatedParty>
            <associatedParty>
            <individualName>
                    <surName>Universidad del Valle</surName>
            </individualName>
<organizationName>Universidad del Valle</organizationName><positionName>Copropietario</positionName>            <address>
<deliveryPoint>Calle 13 # 100-00 Santiago de Cali,</deliveryPoint><city>Cali</city><administrativeArea>Valle del Cauca</administrativeArea><postalCode>760042</postalCode><country>COLOMBIA</country>            </address>
<phone>6023212100</phone><onlineUrl>https://www.univalle.edu.co</onlineUrl>            <role>OWNER</role>
            </associatedParty>
            <associatedParty>
            <individualName>
<givenName>Alvaro</givenName>                    <surName>Sandoval Riveros</surName>
            </individualName>
<organizationName>Universidad Nacional de Colombia</organizationName><positionName>Publicador</positionName>            <address>
<deliveryPoint>Calle 11 a bis # 72b - 15</deliveryPoint><city>Bogotá, D.C.</city><administrativeArea>Bogotá, D.C.</administrativeArea><country>COLOMBIA</country>            </address>
<electronicMailAddress>aasandovalr@unal.edu.co</electronicMailAddress>            <userId directory="http://orcid.org/">0009-0004-5024-4318</userId>
            <role>PUBLISHER</role>
            </associatedParty>
            <pubDate>
                2023-10-11
            </pubDate>
        <language>SPANISH</language>
            <abstract>
                    <para>La Reserva de la Biosfera Seaflower posee una altísima biodiversidad marina, destacándose por su muy rica fauna de peces; sin embargo, muchas de las especies que habitan allí se encuentran bajo alguna categoría de amenaza. A la fecha se han registrado 336 especies de peces en las islas al sur del Archipiélago de San Andrés, Providencia y Santa Catalina (isla cayos de Albuquerque e isla cayos de Bolívar) (Bolaños-Cubillos et al., 2015). No obstante, no existe un listado de peces exclusivo para la isla cayos de Bolívar, de manera que, con el ánimo de continuar aumentando el conocimiento científico de la fauna íctica de este lugar, se llevaron a cabo buceos a diferentes profundidades (0-25 m) en distintos puntos del cayo, prestando especial atención a los nuevos registros para el área, a la población residente del invasor pez león y a las especies amenazadas. El género Coryphopterus de la familia Gobiidae fue usado como modelo de interés entre las especies amenazadas, ya que incluye en los arrecifes de la Reserva siete especies consideradas bajo la categoría de “vulnerables”, de modo que se hizo una aproximación detallada hacia la riqueza de especies, evaluando su relación con determinados microhábitats y el ámbito de profundidad. Así mismo, de los registros de este trabajo se derivó el proyecto &amp;#34;Estructura poblacional de especies de peces amenazadas y de interés comercial de Isla Cayo Bolívar, reserva de la biosfera Seaflower&amp;#34;, que generó datos cuantificables y verificables que permitan evaluar los cambios de dichas variables en el tiempo.</para>
            </abstract>
                <keywordSet>
                        <keyword>Estructura poblacional</keyword>
                        <keyword>interés comercial</keyword>
                        <keywordThesaurus>NA</keywordThesaurus>
                </keywordSet>
                <keywordSet>
                        <keyword>Occurrence</keyword>
                        <keywordThesaurus>GBIF Dataset Type Vocabulary: http://rs.gbif.org/vocabulary/gbif/dataset_type_2015-07-10.xml</keywordThesaurus>
                </keywordSet>
                <keywordSet>
                        <keyword>Observation</keyword>
                        <keywordThesaurus>GBIF Dataset Subtype Vocabulary: http://rs.gbif.org/vocabulary/gbif/dataset_subtype.xml</keywordThesaurus>
                </keywordSet>
            <intellectualRights>
                    <para>This work is licensed under a <ulink url="http://creativecommons.org/licenses/by-nc/4.0/legalcode"><citetitle>Creative Commons Attribution Non Commercial (CC-BY-NC) 4.0 License</citetitle></ulink>.</para>
            </intellectualRights>
            <coverage>
                    <geographicCoverage>
                            <geographicDescription>La cobertura geográfica de los datos corresponde a el Cayo Bolívar o Cayos del Este-sureste es un atolón del mar Caribe que se encuentra ubicado en la tercera sección, en la parte sur (14.780 km2) de la reserva de la biosfera Seaflower.</geographicDescription>
                            <boundingCoordinates>
                                <westBoundingCoordinate>-81.497</westBoundingCoordinate>
                                <eastBoundingCoordinate>-81.355</eastBoundingCoordinate>
                                <northBoundingCoordinate>12.489</northBoundingCoordinate>
                                <southBoundingCoordinate>12.382</southBoundingCoordinate>
                            </boundingCoordinates>
                    </geographicCoverage>
                    <temporalCoverage>
                            <rangeOfDates>
                                <beginDate>
                                    <calendarDate>                2022-09-10
</calendarDate>
                                </beginDate>
                                <endDate>
                                    <calendarDate>                2022-09-19
</calendarDate>
                                </endDate>
                            </rangeOfDates>
                    </temporalCoverage>
                        <taxonomicCoverage>
                                <generalTaxonomicCoverage>El proyecto contiene 222 registros ictiológicos, que representan 214 especies y 9 registros que se identificaron a un mayor nivel taxonómico: 8 a género y 1 a familia. Estos registros incluyen 2 clases (Elasmobranchii, Teleostei), 26 órdenes, 58 familias y 118 géneros.</generalTaxonomicCoverage>
                                <taxonomicClassification>
                                        <taxonRankName>Family</taxonRankName>
                                    <taxonRankValue>Acanthuridae</taxonRankValue>
                                </taxonomicClassification>
                                <taxonomicClassification>
                                        <taxonRankName>Family</taxonRankName>
                                    <taxonRankValue>Antennariidae</taxonRankValue>
                                </taxonomicClassification>
                                <taxonomicClassification>
                                        <taxonRankName>Family</taxonRankName>
                                    <taxonRankValue>Apogonidae</taxonRankValue>
                                </taxonomicClassification>
                                <taxonomicClassification>
                                        <taxonRankName>Family</taxonRankName>
                                    <taxonRankValue>Aulostomidae</taxonRankValue>
                                </taxonomicClassification>
                                <taxonomicClassification>
                                        <taxonRankName>Family</taxonRankName>
                                    <taxonRankValue>Balistidae</taxonRankValue>
                                </taxonomicClassification>
                                <taxonomicClassification>
                                        <taxonRankName>Family</taxonRankName>
                                    <taxonRankValue>Belonidae</taxonRankValue>
                                </taxonomicClassification>
                                <taxonomicClassification>
                                        <taxonRankName>Family</taxonRankName>
                                    <taxonRankValue>Blenniidae</taxonRankValue>
                                </taxonomicClassification>
                                <taxonomicClassification>
                                        <taxonRankName>Family</taxonRankName>
                                    <taxonRankValue>Bothidae</taxonRankValue>
                                </taxonomicClassification>
                                <taxonomicClassification>
                                        <taxonRankName>Family</taxonRankName>
                                    <taxonRankValue>Carangidae</taxonRankValue>
                                </taxonomicClassification>
                                <taxonomicClassification>
                                        <taxonRankName>Family</taxonRankName>
                                    <taxonRankValue>Carcharhinidae</taxonRankValue>
                                </taxonomicClassification>
                                <taxonomicClassification>
                                        <taxonRankName>Family</taxonRankName>
                                    <taxonRankValue>Chaenopsidae</taxonRankValue>
                                </taxonomicClassification>
                                <taxonomicClassification>
                                        <taxonRankName>Family</taxonRankName>
                                    <taxonRankValue>Chaetodontidae</taxonRankValue>
                                </taxonomicClassification>
                                <taxonomicClassification>
                                        <taxonRankName>Family</taxonRankName>
                                    <taxonRankValue>Cirrhitidae</taxonRankValue>
                                </taxonomicClassification>
                                <taxonomicClassification>
                                        <taxonRankName>Family</taxonRankName>
                                    <taxonRankValue>Congridae</taxonRankValue>
                                </taxonomicClassification>
                                <taxonomicClassification>
                                        <taxonRankName>Family</taxonRankName>
                                    <taxonRankValue>Coryphaenidae</taxonRankValue>
                                </taxonomicClassification>
                                <taxonomicClassification>
                                        <taxonRankName>Family</taxonRankName>
                                    <taxonRankValue>Dactylopteridae</taxonRankValue>
                                </taxonomicClassification>
                                <taxonomicClassification>
                                        <taxonRankName>Family</taxonRankName>
                                    <taxonRankValue>Dasyatidae</taxonRankValue>
                                </taxonomicClassification>
                                <taxonomicClassification>
                                        <taxonRankName>Family</taxonRankName>
                                    <taxonRankValue>Diodontidae</taxonRankValue>
                                </taxonomicClassification>
                                <taxonomicClassification>
                                        <taxonRankName>Family</taxonRankName>
                                    <taxonRankValue>Echeneidae</taxonRankValue>
                                </taxonomicClassification>
                                <taxonomicClassification>
                                        <taxonRankName>Family</taxonRankName>
                                    <taxonRankValue>Exocoetidae</taxonRankValue>
                                </taxonomicClassification>
                                <taxonomicClassification>
                                        <taxonRankName>Family</taxonRankName>
                                    <taxonRankValue>Gerreidae</taxonRankValue>
                                </taxonomicClassification>
                                <taxonomicClassification>
                                        <taxonRankName>Family</taxonRankName>
                                    <taxonRankValue>Ginglymostomatidae</taxonRankValue>
                                </taxonomicClassification>
                                <taxonomicClassification>
                                        <taxonRankName>Family</taxonRankName>
                                    <taxonRankValue>Gobiidae</taxonRankValue>
                                </taxonomicClassification>
                                <taxonomicClassification>
                                        <taxonRankName>Family</taxonRankName>
                                    <taxonRankValue>Grammatidae</taxonRankValue>
                                </taxonomicClassification>
                                <taxonomicClassification>
                                        <taxonRankName>Family</taxonRankName>
                                    <taxonRankValue>Haemulidae</taxonRankValue>
                                </taxonomicClassification>
                                <taxonomicClassification>
                                        <taxonRankName>Family</taxonRankName>
                                    <taxonRankValue>Hemiramphidae</taxonRankValue>
                                </taxonomicClassification>
                                <taxonomicClassification>
                                        <taxonRankName>Family</taxonRankName>
                                    <taxonRankValue>Holocentridae</taxonRankValue>
                                </taxonomicClassification>
                                <taxonomicClassification>
                                        <taxonRankName>Family</taxonRankName>
                                    <taxonRankValue>Kyphosidae</taxonRankValue>
                                </taxonomicClassification>
                                <taxonomicClassification>
                                        <taxonRankName>Family</taxonRankName>
                                    <taxonRankValue>Labridae</taxonRankValue>
                                </taxonomicClassification>
                                <taxonomicClassification>
                                        <taxonRankName>Family</taxonRankName>
                                    <taxonRankValue>Labrisomidae</taxonRankValue>
                                </taxonomicClassification>
                                <taxonomicClassification>
                                        <taxonRankName>Family</taxonRankName>
                                    <taxonRankValue>Lobotidae</taxonRankValue>
                                </taxonomicClassification>
                                <taxonomicClassification>
                                        <taxonRankName>Family</taxonRankName>
                                    <taxonRankValue>Lutjanidae</taxonRankValue>
                                </taxonomicClassification>
                                <taxonomicClassification>
                                        <taxonRankName>Family</taxonRankName>
                                    <taxonRankValue>Malacanthidae</taxonRankValue>
                                </taxonomicClassification>
                                <taxonomicClassification>
                                        <taxonRankName>Family</taxonRankName>
                                    <taxonRankValue>Microdesmidae</taxonRankValue>
                                </taxonomicClassification>
                                <taxonomicClassification>
                                        <taxonRankName>Family</taxonRankName>
                                    <taxonRankValue>Monacanthidae</taxonRankValue>
                                </taxonomicClassification>
                                <taxonomicClassification>
                                        <taxonRankName>Family</taxonRankName>
                                    <taxonRankValue>Mullidae</taxonRankValue>
                                </taxonomicClassification>
                                <taxonomicClassification>
                                        <taxonRankName>Family</taxonRankName>
                                    <taxonRankValue>Muraenidae</taxonRankValue>
                                </taxonomicClassification>
                                <taxonomicClassification>
                                        <taxonRankName>Family</taxonRankName>
                                    <taxonRankValue>Myliobatidae</taxonRankValue>
                                </taxonomicClassification>
                                <taxonomicClassification>
                                        <taxonRankName>Family</taxonRankName>
                                    <taxonRankValue>Ophichthidae</taxonRankValue>
                                </taxonomicClassification>
                                <taxonomicClassification>
                                        <taxonRankName>Family</taxonRankName>
                                    <taxonRankValue>Opistognathidae</taxonRankValue>
                                </taxonomicClassification>
                                <taxonomicClassification>
                                        <taxonRankName>Family</taxonRankName>
                                    <taxonRankValue>Ostraciidae</taxonRankValue>
                                </taxonomicClassification>
                                <taxonomicClassification>
                                        <taxonRankName>Family</taxonRankName>
                                    <taxonRankValue>Pempheridae</taxonRankValue>
                                </taxonomicClassification>
                                <taxonomicClassification>
                                        <taxonRankName>Family</taxonRankName>
                                    <taxonRankValue>Pomacanthidae</taxonRankValue>
                                </taxonomicClassification>
                                <taxonomicClassification>
                                        <taxonRankName>Family</taxonRankName>
                                    <taxonRankValue>Pomacentridae</taxonRankValue>
                                </taxonomicClassification>
                                <taxonomicClassification>
                                        <taxonRankName>Family</taxonRankName>
                                    <taxonRankValue>Priacanthidae</taxonRankValue>
                                </taxonomicClassification>
                                <taxonomicClassification>
                                        <taxonRankName>Family</taxonRankName>
                                    <taxonRankValue>Scaridae</taxonRankValue>
                                </taxonomicClassification>
                                <taxonomicClassification>
                                        <taxonRankName>Family</taxonRankName>
                                    <taxonRankValue>Sciaenidae</taxonRankValue>
                                </taxonomicClassification>
                                <taxonomicClassification>
                                        <taxonRankName>Family</taxonRankName>
                                    <taxonRankValue>Scombridae</taxonRankValue>
                                </taxonomicClassification>
                                <taxonomicClassification>
                                        <taxonRankName>Family</taxonRankName>
                                    <taxonRankValue>Scorpaenidae</taxonRankValue>
                                </taxonomicClassification>
                                <taxonomicClassification>
                                        <taxonRankName>Family</taxonRankName>
                                    <taxonRankValue>Serranidae</taxonRankValue>
                                </taxonomicClassification>
                                <taxonomicClassification>
                                        <taxonRankName>Family</taxonRankName>
                                    <taxonRankValue>Sparidae</taxonRankValue>
                                </taxonomicClassification>
                                <taxonomicClassification>
                                        <taxonRankName>Family</taxonRankName>
                                    <taxonRankValue>Sphyraenidae</taxonRankValue>
                                </taxonomicClassification>
                                <taxonomicClassification>
                                        <taxonRankName>Family</taxonRankName>
                                    <taxonRankValue>Sphyrnidae</taxonRankValue>
                                </taxonomicClassification>
                                <taxonomicClassification>
                                        <taxonRankName>Family</taxonRankName>
                                    <taxonRankValue>Spratelloididae</taxonRankValue>
                                </taxonomicClassification>
                                <taxonomicClassification>
                                        <taxonRankName>Family</taxonRankName>
                                    <taxonRankValue>Syngnathidae</taxonRankValue>
                                </taxonomicClassification>
                                <taxonomicClassification>
                                        <taxonRankName>Family</taxonRankName>
                                    <taxonRankValue>Synodontidae</taxonRankValue>
                                </taxonomicClassification>
                                <taxonomicClassification>
                                        <taxonRankName>Family</taxonRankName>
                                    <taxonRankValue>Tetraodontidae</taxonRankValue>
                                </taxonomicClassification>
                                <taxonomicClassification>
                                        <taxonRankName>Family</taxonRankName>
                                    <taxonRankValue>Tripterygiidae</taxonRankValue>
                                </taxonomicClassification>
                        </taxonomicCoverage>
            </coverage>
            <maintenance>
                <description>
                    <para></para>
                </description>
                <maintenanceUpdateFrequency>unkown</maintenanceUpdateFrequency>
            </maintenance>
            <contact>
            <individualName>
<givenName>Arturo</givenName>                    <surName>Acero</surName>
            </individualName>
<organizationName>Universidad Nacional de Colombia</organizationName><positionName>Investigador principal</positionName>            <address>
<country>COLOMBIA</country>            </address>
<electronicMailAddress>aacerop@unal.edu.co</electronicMailAddress>            <userId directory="http://orcid.org/">0000-0002-6637-9901</userId>
            </contact>
            <contact>
            <individualName>
<givenName>Paola Alejandra</givenName>                    <surName>Puentes Sayo</surName>
            </individualName>
<organizationName>Universidad Nacional de Colombia</organizationName><positionName>Coinvestigador</positionName>            <address>
<country>COLOMBIA</country>            </address>
<electronicMailAddress>ppunetes@unal.edu.co</electronicMailAddress>            </contact>
            <methods>
                    <methodStep>
                        <description>
                            <para>Los especímenes selectos de las especies de interés fueron fotografiados en el medio durante las jornadas de buceo. Algunos de estos especímenes fueron colectados con el ánimo de ratificar su identificación, tomar datos morfológicos y muestras de tejido para análisis genéticos. 
Con el fin de preservar las características y pigmentación de los individuos colectados, la identificación morfológica y el registro fotográfico de los mismos se realizó inmediatamente al finalizar cada jornada diaria de buceo, con ayuda del montaje de un acuario de 20 cm, una placa de vidrio y un set de luces de 800 lumen.</para>
                        </description>
                    </methodStep>
                    <methodStep>
                        <description>
                            <para>Las especies del género Coryphopterus fueron detalladas e identificadas en campo y relacionadas con el tipo de hábitat y profundidad en las que se encontraron. Con ayuda de aceite de clavo y trampas de ojo de malla fino (8 mm) se colectaron individuos de las especies identificadas para su corroboración morfológica y para la toma de muestras de tejido.</para>
                        </description>
                    </methodStep>
                    <methodStep>
                        <description>
                            <para>Las muestras fueron conservadas en etanol 96 % en viales de 1.5 mL para su análisis genético posterior. Las muestras serán secuenciadas analizando una región del gen mitocondrial Citocromo oxidasa I (COI) y la evaluación de la identidad genética de las especies se llevará a cabo contrastando los resultados obtenidos con las bases de datos de GenBank. La construcción de una filogenia permitirá ver las afinidades sistemáticas de las diferentes especies.</para>
                        </description>
                    </methodStep>
                    <sampling>
                        <studyExtent>
                            <description>
                                <para>La cobertura geográfica de los datos corresponde a el Cayo Bolívar o Cayos del Este-sureste, el cual es un atolón del mar Caribe que se encuentra ubicado en la reserva de la biosfera Seaflower.</para>
                            </description>
                        </studyExtent>
                        <samplingDescription>
                            <para>Se realizaron actividades durante la fase de campo en nueve días de buceo efectivo, en los cuales se llevó a cabo el método de buceo errante de Agra a lo largo del complejo arrecifal de isla Cayos de Bolívar. Se hicieron anotaciones en tablas acrílicas sobre las especies observadas y se estimaron sus abundancias relativas. Así mismo se examinaron y registraron los ejemplares capturados por parte de los pescadores locales.</para>
                        </samplingDescription>
                    </sampling>
                    <qualityControl>
                        <description>
                            <para>Ajuste de diferentes elementos del DwC: Realizado por el Equipo Coordinador del SIB Colombia de acuerdo a la naturaleza de los datos. Validación de las plantillas DwC con la herramienta GBIF Validator.</para>
                        </description>
                    </qualityControl>
            </methods>

            <project id="Expedición Científica Seaflower - 2022 Islas Cayos de Bolívar">
                <title>Biodiversidad íctica de Isla Cayos de Bolívar: potencial del territorio insular colombiano en la conservación de especies amenazadas</title>
                    <personnel>
            <individualName>
<givenName>Arturo</givenName>                    <surName>Acero</surName>
            </individualName>
            <userId directory="http://orcid.org/">0000-0002-6637-9901</userId>
            <role>PRINCIPAL_INVESTIGATOR</role>
                    </personnel>
                <abstract>
                    <para>La Expedición Científica Seaflower 2022, Isla Cayos del Este Sureste, se llevó a cabo entre el 9 de septiembre y 2 de octubre de 2022. Esta expedición fue coordinada por la Secretaría Ejecutiva de la Comisión Colombiana del Océano, Armada Nacional de Colombia, Dirección General Marítima, el Programa Colombia Bio del Ministerio de Ciencia, Tecnología e Innovación, Coralina y el CEMarin. Se contó con la participación de 64 expedicionarios de 26 instituciones, de los cuales 18 corresponden a investigadores y participantes locales, se desarrollaron 17 proyectos de investigación relacionados con biodiversidad, recurso hidrobiológico y pesquero, cultura y educación, valoración de servicios ecosistémicos, calidad ambiental marina, cartografía y sistemas de información geográfica. Se realizaron 473 puntos de muestreo a lo largo y ancho del complejo arrecifal, lo que permitirá construir un concepto científicamente sólido sobre las dinámicas socioecosistémicas de la Isla Cayos del Este Sureste. Adicionalmente, los estudios de bioprospección con esponjas y algas, la evaluación del estado de los ecosistemas estratégicos y especies clave proveerán información fundamental para la conservación y crecimiento bioeconómico del Archipiélago.</para>
                </abstract>
                <funding>
                    <para>Secretaría Ejecutiva de la Comisión Colombiana del Océano (CCO), Armada Nacional de Colombia (ARC), Dirección General Marítima (DIMAR), Programa Colombia Bio del Ministerio de Ciencia, Tecnología e Innovación, Corporación para el Desarrollo Sostenible del Archipielago de San Andrés, Providencia y Santa Catalina (CORALINA), Corporación Centro de Excelencia en Ciencias Marinas (CEMarin).</para>
                </funding>
                    <studyAreaDescription>
                        <descriptor name="generic" citableClassificationSystem="false">
                            <descriptorValue>El complejo arrecifal de las Islas Cayos del Este Sureste (Bolívar), está localizado en 120°24&apos;N y 81°28&apos;W a 25 km al sur este de San Andrés, con dimensiones aproximadas de 11,7km de largo y un ancho de 5,1km hasta la isobata de 45m (Díaz et al., 1996). Es en forma de elipse, a unos 3,5 km E-W y 6,5 km SSE-NNW. Aunque este atolón actualmente tiene dos cayos (East Cay y West o Bolívar Cay) y un pequeño esputo de arena, su tamaño, forma y número parecen ser bastante variables en el transcurso del tiempo, pueden deducirse fácilmente de una descripción y mapa anteriores del atolón (Díaz et al.,1996).</descriptorValue>
                        </descriptor>
                    </studyAreaDescription>
            </project>
    </dataset>

    <additionalMetadata>
        <metadata>
            <gbif>
                <dateStamp>2024-07-11T14:26:40Z</dateStamp>
                <citation identifier="https://doi.org/10.15472/4a8ygj">Acero A, Puentes Sayo P A, Tavera J J, Pabon Quintero P E, Rivas Escobar N, Ossa Hernández N (2023). Biodiversidad íctica de Isla Cayos de Bolívar: potencial del territorio insular colombiano en la conservación de especies amenazadas. Universidad Nacional de Colombia. Occurrence dataset https://doi.org/10.15472/4a8ygj accessed via GBIF.org on 2024-07-11.</citation>
                    <bibliography>
                <citation identifier="DOI: 10.3389/fmars.2019.00113">Acero, A., Tavera, J.J., Polanco, A. y Bolaños-Cubillos, N. 2019. Fish Biodiversity in Three Northern islands of the Seaflower Biosphere Reserve (Colombian Caribbean). Frontiers in Marine Science, 6:113.</citation>
                <citation>Alejo-Plata, M.C., Ahumada-Sempoal, M.A., Gómez-Márquez, J..L, González-Acosta, A. 2016. Estructura poblacional y aspectos reproductivos del tiburon piloto Carcharhinus falciformis (Müller &amp; Henle, 1839) (Charcharhiniformes: Charcharhinidae) en la costa de Oaxaca, Mexico. Lat Am J Aquat Res 44(3): 513-524</citation>
                <citation identifier="DOI: 10.25268/bimc.invemar.2015.44.1.24.">Bolaños-Cubillos, N., Abril, A., Bent-Hooker, H., Caldas, J.P., Acero, A. 2015. Lista de peces conocidos del Archipiélago de San Andrés, Providencia y Santa Catalina, Reserva de la Biosfera Seaflower, Caribe colombiano. Boletín de Investigaciones Marinas y Costeras - INVEMAR, 44: 127–162.</citation>
                <citation>Prada, M. 2009. Plan de Manejo Ambiental del Complejo Arrecifal East-South-East (Cayo Bolívar), Sección Sur AMP Seaflower. San Andrés: CORALINA.</citation>
                <citation>O´Farrel, S., Luckhurst, B.E., Box S.J., Mumby, P.J. 2016. Parrotfish sex ratios recover rapidly in Bermuda following a fishing ban. Coral Reefs 35(2): 421-425.</citation>
                <citation>Robertson, D.R., Peña, E.A., Posada, J.M. y Claro, R. 2019. Peces Costeros del Gran Caribe: sistema de Información en línea. Version 2.0 Instituto Smithsonian de Investigaciones Tropicales, Balboa, República de Panamá.</citation>
                    </bibliography>
                    <resourceLogoUrl>https://raw.githubusercontent.com/SIB-Colombia/logos/main/socio-SiB-unal.png</resourceLogoUrl>
            </gbif>
        </metadata>
    </additionalMetadata>

</eml:eml>
