<?xml version="1.0" encoding="utf-8"?>
<eml:eml xmlns:eml="eml://ecoinformatics.org/eml-2.1.1" xmlns:xsi="http://www.w3.org/2001/XMLSchema-instance"
         xsi:schemaLocation="eml://ecoinformatics.org/eml-2.1.1 http://rs.gbif.org/schema/eml-gbif-profile/1.2/eml.xsd"
packageId="8743becd-77f2-4982-a115-02f167f52cae"  system="http://gbif.org" scope="system"
xml:lang="en">

    <dataset>
            <alternateIdentifier>10.15468/tthg2n</alternateIdentifier>
        <title>Checklist of Fishes from Madagascar Reef, Campeche Bank, México</title>
            <creator>
            <individualName>
<givenName>Nuno</givenName>                    <surName>Simões</surName>
            </individualName>
<organizationName>Unidad Multidisciplinaria de Docencia e Investigación Sisal, Facultad de Ciencias, Universidad Nacional Autónoma de México</organizationName><positionName>Dr</positionName>            <address>
<city>Sisal</city><country>MEXICO</country>            </address>
<electronicMailAddress>ns@ciencias.unam.mx</electronicMailAddress>            </creator>
            <metadataProvider>
            <individualName>
<givenName>Nuno</givenName>                    <surName>Simões</surName>
            </individualName>
<organizationName>Unidad Multidisciplinaria de Docencia e Investigación Sisal, Facultad de Ciencias, Universidad Nacional Autónoma de México</organizationName><positionName>Dr</positionName>            <address>
<city>Sisal</city><country>MEXICO</country>            </address>
<electronicMailAddress>ns@ciencias.unam.mx</electronicMailAddress>            </metadataProvider>
            <pubDate>
                2014-05-08
            </pubDate>
        <language>ENGLISH</language>
            <abstract>
                    <para>This study presents the first list of fish species from Madagascar Reef, Campeche Bank, Gulf of México. Field surveys and literature review identified 54 species belonging to 8 orders, 30 families and 43 genera, comprising both conspicuous and cryptic fishes. Species richness was lower at this reef site compared to reefs in the Mexican Caribbean, Veracruz or Tuxpan, but was similar to other reefs in the same region. Species composition was a mixture of species present in all the reef systems of the Mexican Atlantic. Hypoplectrus ecosur was recorded here for the first time in the Gulf of Mexico, Mycteroperca microlepis, Equetus lanceolatus and Chaetodipterus faber were new records for the reefs of the Campeche Bank, Elacatinus xanthiprora was recorded for the second time in Mexico and expanded its known distribution westwards from Alacranes Reef and Sanopus reticulatus, endemic of the Yucatan state, was recorded here for the first time on a reef.</para>
            </abstract>
            <intellectualRights>
                    <para>This work is licensed under a <ulink url="http://creativecommons.org/licenses/by/4.0/legalcode"><citetitle>Creative Commons Attribution (CC-BY) 4.0 License</citetitle></ulink>.</para>
            </intellectualRights>
            <contact>
            <individualName>
<givenName>Nuno</givenName>                    <surName>Simões</surName>
            </individualName>
<organizationName>Unidad Multidisciplinaria de Docencia e Investigación Sisal, Facultad de Ciencias, Universidad Nacional Autónoma de México</organizationName><positionName>Dr</positionName>            <address>
<city>Sisal</city><country>MEXICO</country>            </address>
<electronicMailAddress>ns@ciencias.unam.mx</electronicMailAddress>            </contact>

    </dataset>

    <additionalMetadata>
        <metadata>
            <gbif>
                <dateStamp>2024-07-11T14:26:30Z</dateStamp>
                <citation identifier="Citation Identifier">Simões N (2014). Checklist of Fishes from Madagascar Reef, Campeche Bank, México. Biodiversity Data Journal. Checklist dataset https://doi.org/10.15468/tthg2n accessed via GBIF.org on 2024-07-11.</citation>
            </gbif>
        </metadata>
    </additionalMetadata>

</eml:eml>
