<?xml version="1.0" encoding="utf-8"?>
<eml:eml xmlns:eml="eml://ecoinformatics.org/eml-2.1.1" xmlns:xsi="http://www.w3.org/2001/XMLSchema-instance"
         xsi:schemaLocation="eml://ecoinformatics.org/eml-2.1.1 http://rs.gbif.org/schema/eml-gbif-profile/1.2/eml.xsd"
packageId="8797a31d-1d10-425f-8e95-c83ffc1a9e77"  system="http://gbif.org" scope="system"
xml:lang="es">

    <dataset>
            <alternateIdentifier>10.15472/sevdgx</alternateIdentifier>
                <alternateIdentifier>https://ipt.biodiversidad.co/sib/resource?r=unal_algas-ictio_seaflower_2016</alternateIdentifier>
                <alternateIdentifier>8797a31d-1d10-425f-8e95-c83ffc1a9e77</alternateIdentifier>
                <alternateIdentifier>http://ipt.biodiversidad.co/sib/resource?r=unal_algas-ictio_seaflower_2016</alternateIdentifier>
        <title>Caracterización de algas y comunidad íctica de la Isla Cayo Serrana durante la Expedición Seaflower 2016 - Proyecto Colombia BIO</title>
            <creator>
            <individualName>
<givenName>Adriana</givenName>                    <surName>Santos Martínez</surName>
            </individualName>
<organizationName>Universidad Nacional de Colombia - Sede Caribe</organizationName><positionName>Investigadora</positionName>            <address>
<deliveryPoint>Carr. circulv. San Luis Feetown # 52-44</deliveryPoint><city>San Andrés</city><administrativeArea>Archipiélago de San Andrés, Providencia y Santa Catalina</administrativeArea><country>COLOMBIA</country>            </address>
<phone>316 5000</phone><electronicMailAddress>asantosma@unal.edu.co</electronicMailAddress><onlineUrl>http://caribe.unal.edu.co/</onlineUrl>            </creator>
            <metadataProvider>
            <individualName>
<givenName>Adriana</givenName>                    <surName>Santos Martínez</surName>
            </individualName>
<organizationName>Universidad Nacional de Colombia - Sede Caribe</organizationName><positionName>Investigadora</positionName>            <address>
<deliveryPoint>Carr. circulv. San Luis Feetown # 52-44</deliveryPoint><city>San Andrés</city><administrativeArea>Archipiélago de San Andrés, Providencia y Santa Catalina</administrativeArea><country>COLOMBIA</country>            </address>
<phone>316 5000</phone><electronicMailAddress>asantosma@unal.edu.co</electronicMailAddress><onlineUrl>http://caribe.unal.edu.co/</onlineUrl>            </metadataProvider>
            <associatedParty>
            <individualName>
<givenName>Alfredo Abril</givenName>                    <surName>Howard</surName>
            </individualName>
<organizationName>CORALINA y Universidad Nacional de Colombia - Sede Caribe</organizationName><positionName>Investigador</positionName>            <address>
<deliveryPoint>Carr. circulv. San Luis Feetown # 52-44</deliveryPoint><city>San Andrés</city><administrativeArea>Archipiélago de San Andrés, Providencia y Santa Catalina</administrativeArea><country>COLOMBIA</country>            </address>
<phone>316 5000</phone><onlineUrl>http://caribe.unal.edu.co/</onlineUrl>            <userId directory="https://www.linkedin.com/profile/view?id=">alfredo-abril-howard-1163791a/es</userId>
            <role>CONTENT_PROVIDER</role>
            </associatedParty>
            <associatedParty>
            <individualName>
<givenName>Violeta</givenName>                    <surName>Posada Riaño</surName>
            </individualName>
<organizationName>Universidad Nacional de Colombia - Sede Caribe</organizationName><positionName>Investigadora</positionName>            <address>
<deliveryPoint>Carr. circulv. San Luis Feetown # 52-44</deliveryPoint><city>San Andrés</city><administrativeArea>Archipiélago de San Andrés, Providencia y Santa Catalina</administrativeArea><country>COLOMBIA</country>            </address>
<electronicMailAddress>vposadar@unal.edu.co</electronicMailAddress><onlineUrl>http://caribe.unal.edu.co/</onlineUrl>            <role>CONTENT_PROVIDER</role>
            </associatedParty>
            <associatedParty>
            <individualName>
<givenName>Brigitte</givenName>                    <surName>Gavio</surName>
            </individualName>
<organizationName>Universidad Nacional de Colombia</organizationName><positionName>Investigadores</positionName>            <address>
<deliveryPoint>Carr. circulv. San Luis Feetown # 52-44</deliveryPoint><city>San Andres</city><administrativeArea>Archipiélago de San Andrés, Providencia y Santa Catalina</administrativeArea><country>COLOMBIA</country>            </address>
<electronicMailAddress>bgavio@unal.edu.co</electronicMailAddress>            <role>PRINCIPAL_INVESTIGATOR</role>
            </associatedParty>
            <associatedParty>
            <individualName>
<givenName>Jairo</givenName>                    <surName>Medina Calderón</surName>
            </individualName>
<organizationName>Universidad Nacional de Colombia</organizationName><positionName>Investigador</positionName>            <address>
<deliveryPoint>Carr. circulv. San Luis Feetown # 52-44</deliveryPoint><city>San Andrés</city><administrativeArea>Archipiélago de San Andrés, Providencia y Santa Catalina</administrativeArea><country>COLOMBIA</country>            </address>
<electronicMailAddress>jhmedinac@unal.edu.co</electronicMailAddress>            <role>PRINCIPAL_INVESTIGATOR</role>
            </associatedParty>
            <associatedParty>
            <individualName>
<givenName>Ernesto</givenName>                    <surName>Mancera Pineda</surName>
            </individualName>
<organizationName>Universidad Nacional de Colombia</organizationName><positionName>Investigador</positionName>            <address>
<deliveryPoint>Carr. circulv. San Luis Feetown # 52-44</deliveryPoint><city>San Andrés</city><administrativeArea>Archipiélago de San Andrés, Providencia y Santa Catalina</administrativeArea><country>COLOMBIA</country>            </address>
<electronicMailAddress>jemancerap@unal.edu.co</electronicMailAddress>            <role>PRINCIPAL_INVESTIGATOR</role>
            </associatedParty>
            <associatedParty>
            <individualName>
<givenName>Adriana</givenName>                    <surName>Santos Martínez</surName>
            </individualName>
<organizationName>Universidad Nacional de Colombia</organizationName><positionName>Investigador Profesora</positionName>            <address>
<deliveryPoint>Carr. circulv. San Luis Feetown # 52-44</deliveryPoint><city>San Andrés</city><administrativeArea>Archipiélago de San Andrés, Providencia y Santa Catalina</administrativeArea>            </address>
<phone>57+8+5133310</phone><electronicMailAddress>asantosma@unal.edu.co</electronicMailAddress>            <role>PRINCIPAL_INVESTIGATOR</role>
            </associatedParty>
            <pubDate>
                2021-07-15
            </pubDate>
        <language>SPANISH</language>
            <abstract>
                    <para>Los arrecifes de coral son considerados uno de los ecosistemas de mayor importancia a nivel mundial, debido a que alberga una gran diversidad de organismos así como su alta producción biológica, así como un valor muy importante en la población humana, no solo porque provee de recursos pesqueros, sino además por su connotación económica social y cultural. El estado en el que se encuentre el ecosistema de arrecife de coral, por lo tanto repercutirá directamente sobre las comunidades de organismos que habitan en él, su conservación incide entonces en la preservación de esas especies.</para>
                    <para>Los ecosistemas de arrecifes coralinos están siendo afectados debido a una suma de factores globales y locales que están poniendo en riesgo su existencia, presiones antrópicas como el desarrollo costero, la contaminación y la sobrepesca amenazan alrededor del 60% de los arrecifes coralinos del Caribe, igualmente otros factores como la sedimentación y calentamiento global aumenta el grado de vulnerabilidad del ecosistema. Ante esto, las áreas marinas protegidas (AMPs) surgen como una herramienta de los países para conservar los ecosistemas marinos, mediante la generación de políticas públicas que llevaran a la planeación y ejecución de planes de manejo acordes a los requerimientos de cada área en particular.</para>
                    <para>Sin embargo, faltan estudios sobre las propiedades funcionales de estos ecosistemas a la luz de las comunidades que soportan y su relación con la producción de las aguas costeras, los cuales resultan fundamentales para comprender su valor ecológico y pesquero dado las implicaciones socioeconómicas que se dan en estas zonas. Así mismo los organismos marinos comercialmente importantes usan estos hábitats y sus interacciones ecológicas afectan la productividad local y exterior.</para>
                    <para>Uno de los retos fundamentales para el manejo sustentable es comprender cómo se distribuyen los animales a lo largo de los hábitats disponibles y cómo su distribución espacial varía durante la ontogenia. Para los peces y demás recursos como los moluscos o crustáceos, el asentamiento en hábitats y los subsiguientes cambios de hábitat se han reconocido como críticos en sus ciclos de vida.</para>
                    <para>Teniendo en cuenta lo anterior, es importante que en el caso concreto de la isla Cayo Serrana se caractericen los paisajes y su complejidad de hábitat y topográfica para conocer la composición de los grupos funcionales del bentos y la caracterización estructural y funciona indirecta de la densidad de peces juveniles y adultos, a partir de censos visuales y videotranseptos, con lo cual se pueden comparar con investigaciones anteriores y tener medidas de manejo sustentable de la conectividad de la biodiversidad y el paisaje subacuático para las áreas marinas de la Reserva de Biosfera Seaflower.</para>
                    <para>Por lo tanto, este proyecto de investigación científico propuso en el marco de la Expedición Seaflower 2016 - Isla Cayo Serrana, analizar la complejidad ecosistémica mediante la caracterización de algas y la cuantificación de la estructura de la comunidad íctica, (abundancia, densidad, riqueza y diversidad) y su función indirecta (proporción de juveniles, adultos), de los paisajes arrecifales en la isla Cayo Serrana para contribuir a la sustentabilidad de las Áreas Marinas Protegidas de la Reserva de Biosfera Seaflower.

Durante la expedición llevada a cabo en agosto de 2016 se caracterizó un total de 239 registros correspondientes a 57 algas, 180 peces y 2 bacterias.</para>
            </abstract>
                <keywordSet>
                        <keyword>Occurrence</keyword>
                        <keywordThesaurus>GBIF Dataset Type Vocabulary: http://rs.gbif.org/vocabulary/gbif/dataset_type.xml</keywordThesaurus>
                </keywordSet>
                <keywordSet>
                        <keyword>Colomnia BIO</keyword>
                        <keyword>conectividad</keyword>
                        <keyword>peces</keyword>
                        <keyword>biodiversidad marina</keyword>
                        <keyword>algas</keyword>
                        <keyword>comunidad</keyword>
                        <keyword>ecosistemas estratégicos</keyword>
                        <keyword>área marina protegidas</keyword>
                        <keywordThesaurus>N/A</keywordThesaurus>
                </keywordSet>
                <keywordSet>
                        <keyword>Specimen</keyword>
                        <keywordThesaurus>GBIF Dataset Subtype Vocabulary: http://rs.gbif.org/vocabulary/gbif/dataset_subtype.xml</keywordThesaurus>
                </keywordSet>
            <intellectualRights>
                    <para>This work is licensed under a <ulink url="http://creativecommons.org/licenses/by/4.0/legalcode"><citetitle>Creative Commons Attribution (CC-BY) 4.0 License</citetitle></ulink>.</para>
            </intellectualRights>
            <distribution scope="document">
                <online>
                    <url function="information">http://ipt.biodiversidad.co/sib/resource?r=unal_algas-ictio_seaflower_2016</url>
                </online>
            </distribution>
            <coverage>
                    <geographicCoverage>
                            <geographicDescription>Isla Cayo Serrana, Reserva de la Biósfera Seaflower, Colombia.</geographicDescription>
                            <boundingCoordinates>
                                <westBoundingCoordinate>-80.394</westBoundingCoordinate>
                                <eastBoundingCoordinate>-80.278</eastBoundingCoordinate>
                                <northBoundingCoordinate>14.38</northBoundingCoordinate>
                                <southBoundingCoordinate>14.288</southBoundingCoordinate>
                            </boundingCoordinates>
                    </geographicCoverage>
                    <temporalCoverage>
                            <rangeOfDates>
                                <beginDate>
                                    <calendarDate>                2016-08-10
</calendarDate>
                                </beginDate>
                                <endDate>
                                    <calendarDate>                2016-08-16
</calendarDate>
                                </endDate>
                            </rangeOfDates>
                    </temporalCoverage>
                        <taxonomicCoverage>
                                <taxonomicClassification>
                                        <taxonRankName>Phylum</taxonRankName>
                                    <taxonRankValue>Chlorophyta</taxonRankValue>
                                </taxonomicClassification>
                                <taxonomicClassification>
                                        <taxonRankName>Phylum</taxonRankName>
                                    <taxonRankValue>Rhodophyta</taxonRankValue>
                                </taxonomicClassification>
                                <taxonomicClassification>
                                        <taxonRankName>Phylum</taxonRankName>
                                    <taxonRankValue>Phaeophyta</taxonRankValue>
                                </taxonomicClassification>
                                <taxonomicClassification>
                                        <taxonRankName>Phylum</taxonRankName>
                                    <taxonRankValue>Cyanobacteria</taxonRankValue>
                                </taxonomicClassification>
                                <taxonomicClassification>
                                        <taxonRankName>Phylum</taxonRankName>
                                    <taxonRankValue>Tracheophyta</taxonRankValue>
                                </taxonomicClassification>
                                <taxonomicClassification>
                                        <taxonRankName>Class</taxonRankName>
                                    <taxonRankValue>Actinopterygii</taxonRankValue>
                                </taxonomicClassification>
                        </taxonomicCoverage>
            </coverage>
            <purpose>
                <para>Establecer los puntos clave de presencia de algunas de las especies de mamíferos de Colombia, para la futura creación de zonas prioritarias para la conservación.</para>
            </purpose>
            <maintenance>
                <description>
                    <para></para>
                </description>
                <maintenanceUpdateFrequency>unkown</maintenanceUpdateFrequency>
            </maintenance>
            <contact>
            <individualName>
<givenName>Alexandra</givenName>                    <surName>Chadid</surName>
            </individualName>
<organizationName>Comisión Colombiana del Océano</organizationName><positionName>Teniente - Jefe Área de Asuntos Marinos y Costeros</positionName>            <address>
<deliveryPoint>Carrera 54 No. 26 - 50, Edificio DIMAR - Cuarto piso</deliveryPoint><city>Bogotá, D.C.</city><administrativeArea>Bogotá, D.C.</administrativeArea><country>COLOMBIA</country>            </address>
<phone>315 8214  114</phone><electronicMailAddress>asuntos.marinocosteros@cco.gov.co</electronicMailAddress><onlineUrl>http://www.cco.gov.co</onlineUrl>            <userId directory="https://www.linkedin.com/profile/view?id=">alexandra-chadid-87039aa9</userId>
            </contact>
            <methods>
                    <methodStep>
                        <description>
                            <para>En campo las estaciones de muestreo fueron localizadas utilizando GPS, y teniendo en cuenta su distribución en toda la extensión delimitada para la investigación con el fin de abarcar la mayor área y de que cada estación represente
información característica y contrastante dentro de la investigación. En este caso se tomaron como referencia los puntos geográficos designados para la expedición, y de estos se escogieron 11 estaciones considerando su ubicación, distancia y proximidad del cayo, el componente biológico predominante, y la profundidad de las distintas zonas arrecifales. En las cuales se realizaron solo muestreos de diversidad de algas, o solo censos visuales de peces y videotransectos, o ambos tipos de muestreo.</para>
                        </description>
                    </methodStep>
                    <methodStep>
                        <description>
                            <para>Utilizando equipo autónomo – Scuba, dos buzos hicieron la toma de datos. Por estación se realizaron tres censos visuales sobre transeptos lineales de 30 x 4 m, discriminando el tamaño de los peces en ámbitos de 5 cm y anotando su
abundancia, según el protocolo para monitoreo del manual de metodologías Caricomp (2001) nivel II, basado a su vez en el programa Atlantic and Gulf Rapid Reef Assessment (AGRRA) y Reef Environmental Education Foundation (REEF). Con el propósito de complementar la información recabada por los censos convencionales en términos de la riqueza íctica, se realizó tres vídeotransepto siguiendo la metodología WWF (2006).</para>
                        </description>
                    </methodStep>
                    <methodStep>
                        <description>
                            <para>Se realizó la filmación de videotransecto, que consiste en filmar las estructuras arrecifales desde una vista perpendicular hacia el fondo en transectos de 50 x 0,6 m, para obtener un área de 30 m2; en total por estación se hicieron cuatro transeptos por estación para un total de 120 m2, y cada transepto debe estar separado como mínimo uno del otro por 10 m.</para>
                        </description>
                    </methodStep>
                    <methodStep>
                        <description>
                            <para>En el inicio de la filmación, el buzo quien la realizó, se ubicó en el extremo inicial del transepto realizando una panorámica, para tener referencia visual de la ubicación de este, y luego, se ubicó perpendicularmente dirigiendo el lente hacia el fondo marino, y empieza a nadar lentamente asegurándose de mantener la distancia al sustrato, la perpendicularidad y evitando cualquier movimiento brusco; es muy importante cerciorarse que la cámara esté grabando, antes, durante y después de finalizado el transepto y al finalizar la grabación del transepto, se marca el corte, y se realiza otra toma panorámica. Paralelamente el segundo buzo ponía la cinta métrica de PVC hasta 50 ms de longitud, y se fijaba a un plomo que se dejaba descansar sobre sustrato, no sin antes cerciorarse de que no hubiera daño alguno a cualquier estructura coralina. La posición de esta cinta seguía la filmación del transepto y debía ser paralela a la línea arrecifal. Se tomaron datos de posicionamiento del transepto que tengan en cuenta profundidad, dirección y hora de realización de la inmersión.</para>
                        </description>
                    </methodStep>
                    <methodStep>
                        <description>
                            <para>El muestreo de macroalgas marinas y cianobacterias fue realizado al azar, en las mismas estaciones de censos de peces y videotranseptos, o en estaciones donde solo se tomaron muestras de algas. Las muestras de algas fueron separadas por morfotipos mas diferenciados, etiquetadas, rotuladas y conservadas en formol al 6 % de concentración.</para>
                        </description>
                    </methodStep>
                    <methodStep>
                        <description>
                            <para>Por último, se tomaron mediciones de las principales variables fisicoquímicas del agua salinidad, pH, oxígeno, profundidad y transparencia.</para>
                        </description>
                    </methodStep>
                    <sampling>
                        <studyExtent>
                            <description>
                                <para>La Isla Cayo Serrana, ubicada en la Reserva de la Biosfera Seaflower (RB-SF), es un monte submarino emergido de origen volcánico de 32 km de largo por 16 km de ancho, conformado por seis cayos: East Cay, South Cay, Little Cay, Narrow Cay, Southwest Cay y North. Estos cayos conforman una laguna central de ~20 m de profundidad con extensos parches arrecifales, cuya parte oeste se encuentra expuesta hacia el Caribe central.</para>
                            </description>
                        </studyExtent>
                        <samplingDescription>
                            <para>La metodología implementada fue basada en el protocolo de monitoreo desarrollado en la Guía de Campo para la Evaluación de Comunidades Bentónicas Arrecifales, producto del Proyecto PAPIME, DGAPA-UNAM, “RealReefs: Plataforma digital de entrenamiento para la evaluación de arrecifes coralinos” y los métodos usados en los trabajos previos realizados.</para>
                        </samplingDescription>
                    </sampling>
                    <qualityControl>
                        <description>
                            <para>Los datos colectados pasaron por un proceso de validación y depuración por medio de la implementación de herramientas para mejorar la calidad de datos como Google Refine. Las identificaciones de peces en el análisis de vídeos se realizarán consultando literatura especializada como Chaplin y Scott (1979), Greenberg y Greenberg (1986), Humman (1996) y material en la web como FishBase World Wide Web.</para>
                        </description>
                    </qualityControl>
            </methods>

            <project id="Colombia_BIO">
                <title>Caracterización de biodiversidad para el fortalecimiento de colecciones científicas y la generación de información genética de la biodiversidad colombiana, en el marco del programa Colombia BIO</title>
                    <personnel>
            <individualName>
<givenName>Felipe</givenName>                    <surName>García</surName>
            </individualName>
            <role>POINT_OF_CONTACT</role>
                    </personnel>
                <abstract>
                    <para></para>
                </abstract>
                <funding>
                    <para>Colombia BIO. Convenio especial de cooperación No. 341 del 2017. Aunar esfuerzos para caracterizar la biodiversidad en áreas de interés científicO y con baja información biológica, para el fortalecimiento de las colecciones científicas y la generación de información genética de la biodiversidad Colombiana, en el marco del programa Colombia BIO.</para>
                </funding>
            </project>
    </dataset>

    <additionalMetadata>
        <metadata>
            <gbif>
                <dateStamp>2024-07-11T14:26:23Z</dateStamp>
                <citation identifier="http://doi.org/10.15472/sevdgx">Santos Martínez A (2021). Caracterización de algas y comunidad íctica de la Isla Cayo Serrana durante la Expedición Seaflower 2016 - Proyecto Colombia BIO. Version 2.4. Universidad Nacional de Colombia. Occurrence dataset https://doi.org/10.15472/sevdgx accessed via GBIF.org on 2024-07-11.</citation>
                    <resourceLogoUrl>https://statics.sibcolombia.net/sib-resources/images/logos-socios/500px/unal.jpg</resourceLogoUrl>
                        <collection>
                            <parentCollectionIdentifier>UN</parentCollectionIdentifier>
                            <collectionIdentifier></collectionIdentifier>
                            <collectionName>UN B. Gavio</collectionName>
                        </collection>
            </gbif>
        </metadata>
    </additionalMetadata>

</eml:eml>
