<?xml version="1.0" encoding="utf-8"?>
<eml:eml xmlns:eml="eml://ecoinformatics.org/eml-2.1.1" xmlns:xsi="http://www.w3.org/2001/XMLSchema-instance"
         xsi:schemaLocation="eml://ecoinformatics.org/eml-2.1.1 http://rs.gbif.org/schema/eml-gbif-profile/1.2/eml.xsd"
packageId="8e4e5830-2f87-47d7-a265-3411f172a640"  system="http://gbif.org" scope="system"
xml:lang="es">

    <dataset>
            <alternateIdentifier>10.15472/g13p5m</alternateIdentifier>
                <alternateIdentifier>8e4e5830-2f87-47d7-a265-3411f172a640</alternateIdentifier>
                <alternateIdentifier>https://ipt.biodiversidad.co/sibm/resource?r=biodiversidad_ictica_isla_cayo_serranilla_expedicionseaflower2017_proyecto_colombiabio</alternateIdentifier>
        <title>Biodiversidad ictica de la Isla Cayo Serranilla Expedición Seaflower 2017 proyecto Colombia BIO</title>
            <creator>
            <individualName>
<givenName>Arturo</givenName>                    <surName>Acero P.</surName>
            </individualName>
<organizationName>Universidad Nacional de Colombia</organizationName><positionName>Investigador</positionName>            <address>
<country>COLOMBIA</country>            </address>
            </creator>
            <creator>
            <individualName>
<givenName>José Julian</givenName>                    <surName>Tavera</surName>
            </individualName>
<organizationName>Universidad del Valle</organizationName><positionName>Investigador</positionName>            <address>
<country>COLOMBIA</country>            </address>
            </creator>
            <creator>
            <individualName>
<givenName>Andrea</givenName>                    <surName>Polanco F.</surName>
            </individualName>
<organizationName>INVEMAR</organizationName><positionName>Investigador</positionName>            <address>
<country>COLOMBIA</country>            </address>
            </creator>
            <creator>
            <individualName>
<givenName>Nacor</givenName>                    <surName>Bolaños-Cubillos</surName>
            </individualName>
<organizationName>Coralina</organizationName><positionName>Investigador</positionName>            <address>
<country>COLOMBIA</country>            </address>
            </creator>
            <metadataProvider>
            <individualName>
<givenName>Andrea</givenName>                    <surName>Polanco F.</surName>
            </individualName>
<organizationName>INVEMAR</organizationName><positionName>Investigador</positionName>            <address>
<country>COLOMBIA</country>            </address>
<electronicMailAddress>andrea.polanco@invemar.org.co</electronicMailAddress>            </metadataProvider>
            <associatedParty>
            <individualName>
<givenName>Andrea</givenName>                    <surName>Polanco F.</surName>
            </individualName>
<organizationName>Invemar</organizationName><positionName>Investigador</positionName>            <address>
<deliveryPoint>Calle 25 # 2-55, Playa Salguero, Rodadero Sur, Santa Marta</deliveryPoint><city>Santa Marta</city><administrativeArea>Magdalena</administrativeArea><country>COLOMBIA</country>            </address>
<electronicMailAddress>andrea.polanco@invemar.org.co</electronicMailAddress>            <role>AUTHOR</role>
            </associatedParty>
            <associatedParty>
            <individualName>
<givenName>Arturo</givenName>                    <surName>Acero P.</surName>
            </individualName>
<organizationName>Universidad Nacional de Colombia</organizationName><positionName>Investigador</positionName>            <address>
<deliveryPoint>Calle 25 # 2-55, Playa Salguero, Rodadero Sur, Santa Marta</deliveryPoint><city>Santa Marta</city><administrativeArea>Magdalena</administrativeArea><country>COLOMBIA</country>            </address>
            <role>AUTHOR</role>
            </associatedParty>
            <associatedParty>
            <individualName>
<givenName>Jose Julian</givenName>                    <surName>Tavera</surName>
            </individualName>
<organizationName>Universidad del Valle</organizationName><positionName>Investigador</positionName>            <address>
<city>Cali</city><administrativeArea>Valle del Cauca</administrativeArea><country>COLOMBIA</country>            </address>
            <role>AUTHOR</role>
            </associatedParty>
            <associatedParty>
            <individualName>
<givenName>Nacor</givenName>                    <surName>Bolaños-Cubillos</surName>
            </individualName>
<organizationName>Coralina</organizationName><positionName>Investigador</positionName>            <address>
<city>San Andrés Isla</city><administrativeArea>Achipiélago de San Andrés, Providencia y Santa Catalina</administrativeArea><country>COLOMBIA</country>            </address>
            <role>AUTHOR</role>
            </associatedParty>
            <pubDate>
                2021-07-15
            </pubDate>
        <language>SPANISH</language>
            <abstract>
                    <para>Durante la expedición Seaflower 2017 se llevó a cabo la caracterización íctica presente en la isla, en particular en su zona lagunar. Esto, con la intención de complementar la información colectada en las expediciones previas, dentro del marco de las expediciones organizadas por la Comisión Colombiana del Océano (CCO) en donde se visitó las islas de Roncador y Serrana, con el fin de contribuir al inventario de la biodiversidad de la Reserva de Biosfera Seaflower. Se observaron 166 especies de peces, pertenecientes a 50 familias. De ellos 23 fueron nuevos registros para la isla, 4 para la reserva y 8 para las islas del norte. Se ratifica de esta manera la altísima biodiversidad de la Reserva en general y de las islas septentrionales en particular, en comparación con otras áreas del Caribe.</para>
            </abstract>
                <keywordSet>
                        <keyword>Occurrence</keyword>
                        <keywordThesaurus>GBIF Dataset Type Vocabulary: http://rs.gbif.org/vocabulary/gbif/dataset_type.xml</keywordThesaurus>
                </keywordSet>
                <keywordSet>
                        <keyword>Observation</keyword>
                        <keywordThesaurus>GBIF Dataset Subtype Vocabulary: http://rs.gbif.org/vocabulary/gbif/dataset_subtype.xml</keywordThesaurus>
                </keywordSet>
                <keywordSet>
                        <keyword>Colombia BIO</keyword>
                        <keywordThesaurus>n/a</keywordThesaurus>
                </keywordSet>
                <keywordSet>
                        <keyword>Seaflower</keyword>
                        <keywordThesaurus>n/a</keywordThesaurus>
                </keywordSet>
                <keywordSet>
                        <keyword>Serranilla</keyword>
                        <keywordThesaurus>n/a</keywordThesaurus>
                </keywordSet>
            <intellectualRights>
                    <para>This work is licensed under a <ulink url="http://creativecommons.org/licenses/by-nc/4.0/legalcode"><citetitle>Creative Commons Attribution Non Commercial (CC-BY-NC) 4.0 License</citetitle></ulink>.</para>
            </intellectualRights>
            <coverage>
                    <geographicCoverage>
                            <geographicDescription>Isla Cayo Serranilla, Reserva de Biosfera Seaflower, Colombia</geographicDescription>
                            <boundingCoordinates>
                                <westBoundingCoordinate>-79.933</westBoundingCoordinate>
                                <eastBoundingCoordinate>-79.746</eastBoundingCoordinate>
                                <northBoundingCoordinate>15.746</northBoundingCoordinate>
                                <southBoundingCoordinate>15.733</southBoundingCoordinate>
                            </boundingCoordinates>
                    </geographicCoverage>
                    <temporalCoverage>
                            <rangeOfDates>
                                <beginDate>
                                    <calendarDate>                2017-09-20
</calendarDate>
                                </beginDate>
                                <endDate>
                                    <calendarDate>                2017-09-27
</calendarDate>
                                </endDate>
                            </rangeOfDates>
                    </temporalCoverage>
                        <taxonomicCoverage>
                                <generalTaxonomicCoverage>Se documentan 776 observaciones de registros biológicos de peces, que incluyen 166 especies de 50 familias. A continuación se listan las familias presentes en el conjunto de datos.</generalTaxonomicCoverage>
                                <taxonomicClassification>
                                        <taxonRankName>Family</taxonRankName>
                                    <taxonRankValue>Acanthuridae</taxonRankValue>
                                </taxonomicClassification>
                                <taxonomicClassification>
                                        <taxonRankName>Family</taxonRankName>
                                    <taxonRankValue>Albulidae</taxonRankValue>
                                </taxonomicClassification>
                                <taxonomicClassification>
                                        <taxonRankName>Family</taxonRankName>
                                    <taxonRankValue>Apogonidae</taxonRankValue>
                                </taxonomicClassification>
                                <taxonomicClassification>
                                        <taxonRankName>Family</taxonRankName>
                                    <taxonRankValue>Atherinidae</taxonRankValue>
                                </taxonomicClassification>
                                <taxonomicClassification>
                                        <taxonRankName>Family</taxonRankName>
                                    <taxonRankValue>Aulostomidae</taxonRankValue>
                                </taxonomicClassification>
                                <taxonomicClassification>
                                        <taxonRankName>Family</taxonRankName>
                                    <taxonRankValue>Balistidae</taxonRankValue>
                                </taxonomicClassification>
                                <taxonomicClassification>
                                        <taxonRankName>Family</taxonRankName>
                                    <taxonRankValue>Belonidae</taxonRankValue>
                                </taxonomicClassification>
                                <taxonomicClassification>
                                        <taxonRankName>Family</taxonRankName>
                                    <taxonRankValue>Blenniidae</taxonRankValue>
                                </taxonomicClassification>
                                <taxonomicClassification>
                                        <taxonRankName>Family</taxonRankName>
                                    <taxonRankValue>Bothidae</taxonRankValue>
                                </taxonomicClassification>
                                <taxonomicClassification>
                                        <taxonRankName>Family</taxonRankName>
                                    <taxonRankValue>Carangidae</taxonRankValue>
                                </taxonomicClassification>
                                <taxonomicClassification>
                                        <taxonRankName>Family</taxonRankName>
                                    <taxonRankValue>Carcharhinidae</taxonRankValue>
                                </taxonomicClassification>
                                <taxonomicClassification>
                                        <taxonRankName>Family</taxonRankName>
                                    <taxonRankValue>Chaenopsidae</taxonRankValue>
                                </taxonomicClassification>
                                <taxonomicClassification>
                                        <taxonRankName>Family</taxonRankName>
                                    <taxonRankValue>Cirrhitidae</taxonRankValue>
                                </taxonomicClassification>
                                <taxonomicClassification>
                                        <taxonRankName>Family</taxonRankName>
                                    <taxonRankValue>Dactylopteridae</taxonRankValue>
                                </taxonomicClassification>
                                <taxonomicClassification>
                                        <taxonRankName>Family</taxonRankName>
                                    <taxonRankValue>Dasyatidae</taxonRankValue>
                                </taxonomicClassification>
                                <taxonomicClassification>
                                        <taxonRankName>Family</taxonRankName>
                                    <taxonRankValue>Diodontidae</taxonRankValue>
                                </taxonomicClassification>
                                <taxonomicClassification>
                                        <taxonRankName>Family</taxonRankName>
                                    <taxonRankValue>Echeneidae</taxonRankValue>
                                </taxonomicClassification>
                                <taxonomicClassification>
                                        <taxonRankName>Family</taxonRankName>
                                    <taxonRankValue>Fistulariidae</taxonRankValue>
                                </taxonomicClassification>
                                <taxonomicClassification>
                                        <taxonRankName>Family</taxonRankName>
                                    <taxonRankValue>Gerreidae</taxonRankValue>
                                </taxonomicClassification>
                                <taxonomicClassification>
                                        <taxonRankName>Family</taxonRankName>
                                    <taxonRankValue>Ginglymostomatidae</taxonRankValue>
                                </taxonomicClassification>
                                <taxonomicClassification>
                                        <taxonRankName>Family</taxonRankName>
                                    <taxonRankValue>Gobiidae</taxonRankValue>
                                </taxonomicClassification>
                                <taxonomicClassification>
                                        <taxonRankName>Family</taxonRankName>
                                    <taxonRankValue>Grammatidae</taxonRankValue>
                                </taxonomicClassification>
                                <taxonomicClassification>
                                        <taxonRankName>Family</taxonRankName>
                                    <taxonRankValue>Haemulidae</taxonRankValue>
                                </taxonomicClassification>
                                <taxonomicClassification>
                                        <taxonRankName>Family</taxonRankName>
                                    <taxonRankValue>Hemiramphidae</taxonRankValue>
                                </taxonomicClassification>
                                <taxonomicClassification>
                                        <taxonRankName>Family</taxonRankName>
                                    <taxonRankValue>Holocentridae</taxonRankValue>
                                </taxonomicClassification>
                                <taxonomicClassification>
                                        <taxonRankName>Family</taxonRankName>
                                    <taxonRankValue>Kyphosidae</taxonRankValue>
                                </taxonomicClassification>
                                <taxonomicClassification>
                                        <taxonRankName>Family</taxonRankName>
                                    <taxonRankValue>Labridae</taxonRankValue>
                                </taxonomicClassification>
                                <taxonomicClassification>
                                        <taxonRankName>Family</taxonRankName>
                                    <taxonRankValue>Labrisomidae</taxonRankValue>
                                </taxonomicClassification>
                                <taxonomicClassification>
                                        <taxonRankName>Family</taxonRankName>
                                    <taxonRankValue>Lutjanidae</taxonRankValue>
                                </taxonomicClassification>
                                <taxonomicClassification>
                                        <taxonRankName>Family</taxonRankName>
                                    <taxonRankValue>Malacanthidae</taxonRankValue>
                                </taxonomicClassification>
                                <taxonomicClassification>
                                        <taxonRankName>Family</taxonRankName>
                                    <taxonRankValue>Monacanthidae</taxonRankValue>
                                </taxonomicClassification>
                                <taxonomicClassification>
                                        <taxonRankName>Family</taxonRankName>
                                    <taxonRankValue>Mullidae</taxonRankValue>
                                </taxonomicClassification>
                                <taxonomicClassification>
                                        <taxonRankName>Family</taxonRankName>
                                    <taxonRankValue>Muraenidae</taxonRankValue>
                                </taxonomicClassification>
                                <taxonomicClassification>
                                        <taxonRankName>Family</taxonRankName>
                                    <taxonRankValue>Ophichthidae</taxonRankValue>
                                </taxonomicClassification>
                                <taxonomicClassification>
                                        <taxonRankName>Family</taxonRankName>
                                    <taxonRankValue>Opistognathidae</taxonRankValue>
                                </taxonomicClassification>
                                <taxonomicClassification>
                                        <taxonRankName>Family</taxonRankName>
                                    <taxonRankValue>Ostraciidae</taxonRankValue>
                                </taxonomicClassification>
                                <taxonomicClassification>
                                        <taxonRankName>Family</taxonRankName>
                                    <taxonRankValue>Pempheridae</taxonRankValue>
                                </taxonomicClassification>
                                <taxonomicClassification>
                                        <taxonRankName>Family</taxonRankName>
                                    <taxonRankValue>Pomacanthidae</taxonRankValue>
                                </taxonomicClassification>
                                <taxonomicClassification>
                                        <taxonRankName>Family</taxonRankName>
                                    <taxonRankValue>Pomacentridae</taxonRankValue>
                                </taxonomicClassification>
                                <taxonomicClassification>
                                        <taxonRankName>Family</taxonRankName>
                                    <taxonRankValue>Priacanthidae</taxonRankValue>
                                </taxonomicClassification>
                                <taxonomicClassification>
                                        <taxonRankName>Family</taxonRankName>
                                    <taxonRankValue>Rhinobatidae</taxonRankValue>
                                </taxonomicClassification>
                                <taxonomicClassification>
                                        <taxonRankName>Family</taxonRankName>
                                    <taxonRankValue>Scaridae</taxonRankValue>
                                </taxonomicClassification>
                                <taxonomicClassification>
                                        <taxonRankName>Family</taxonRankName>
                                    <taxonRankValue>Sciaenidae</taxonRankValue>
                                </taxonomicClassification>
                                <taxonomicClassification>
                                        <taxonRankName>Family</taxonRankName>
                                    <taxonRankValue>Scorpaenidae</taxonRankValue>
                                </taxonomicClassification>
                                <taxonomicClassification>
                                        <taxonRankName>Family</taxonRankName>
                                    <taxonRankValue>Serranidae</taxonRankValue>
                                </taxonomicClassification>
                                <taxonomicClassification>
                                        <taxonRankName>Family</taxonRankName>
                                    <taxonRankValue>Sparidae</taxonRankValue>
                                </taxonomicClassification>
                                <taxonomicClassification>
                                        <taxonRankName>Family</taxonRankName>
                                    <taxonRankValue>Sphyraenidae</taxonRankValue>
                                </taxonomicClassification>
                                <taxonomicClassification>
                                        <taxonRankName>Family</taxonRankName>
                                    <taxonRankValue>Synodontidae</taxonRankValue>
                                </taxonomicClassification>
                                <taxonomicClassification>
                                        <taxonRankName>Family</taxonRankName>
                                    <taxonRankValue>Tetraodontidae</taxonRankValue>
                                </taxonomicClassification>
                        </taxonomicCoverage>
            </coverage>
            <purpose>
                <para>Documentar los registros biológicos de las especies de peces de la isla cayos de Serranilla visitada durante la Expedición Seaflower 2017</para>
            </purpose>
            <maintenance>
                <description>
                    <para></para>
                </description>
                <maintenanceUpdateFrequency>asNeeded</maintenanceUpdateFrequency>
            </maintenance>
            <contact>
            <individualName>
<givenName>Arturo</givenName>                    <surName>Acero P.</surName>
            </individualName>
<organizationName>Universidad Nacional de Colombia</organizationName><positionName>Autor</positionName>            <address>
<deliveryPoint>Calle 25 No. 2-55, Playa Salguero,Santa Marta D.T.C.H., Colombia</deliveryPoint><city>Santa Marta</city><administrativeArea>Magdalena</administrativeArea><country>COLOMBIA</country>            </address>
            </contact>
            <contact>
            <individualName>
<givenName>Andrea</givenName>                    <surName>Polanco F.</surName>
            </individualName>
<organizationName>INVEMAR</organizationName><positionName>Autor</positionName>            <address>
<deliveryPoint>Calle 25 No. 2-55, Playa Salguero,Santa Marta D.T.C.H., Colombia</deliveryPoint><city>Santa Marta</city><administrativeArea>Magdalena</administrativeArea><country>COLOMBIA</country>            </address>
            </contact>
            <contact>
            <individualName>
<givenName>Julio</givenName>                    <surName>Bohorquez</surName>
            </individualName>
<organizationName>INVEMAR</organizationName><positionName>Custodio</positionName>            <address>
<country>COLOMBIA</country>            </address>
<electronicMailAddress>julio.bohorquez@invemar.org.co</electronicMailAddress>            </contact>
            <contact>
            <individualName>
<givenName>Erika</givenName>                    <surName>Montoya-Cadavid</surName>
            </individualName>
<organizationName>INVEMAR</organizationName><positionName>Custodio</positionName>            <address>
<country>COLOMBIA</country>            </address>
<electronicMailAddress>erika.montoya@invemar.org.co</electronicMailAddress>            </contact>
            <methods>
                    <methodStep>
                        <description>
                            <para>Se realizaron censos visuales por cuatro buzos expertos en intervalos de 30 minutos aprox. Se muestrearon 14 estaciones, cubriendo los diferentes tipos de sustrato en la Isla Cayo Serranilla.</para>
                        </description>
                    </methodStep>
                    <sampling>
                        <studyExtent>
                            <description>
                                <para>La Isla cayo Serranilla, ubicada en la Reserva de la Biosfera Seaflower, es un semiatolón por la presencia de una barrera arrecifal periférica discontinua de aproximadamente 9 km al costado sur-este, compuesta por segmentos de hasta 3 km de largo que no superan los 5 m de profundidad y que pueden emerger parcialmente durante las mareas bajas.</para>
                            </description>
                        </studyExtent>
                        <samplingDescription>
                            <para>Censos visuales de buceo errante realizado por cuatro buzos expertos en peces marinos</para>
                        </samplingDescription>
                    </sampling>
                    <qualityControl>
                        <description>
                            <para>La clasificación taxonómica sigue a Nelson 2006.</para>
                        </description>
                    </qualityControl>
            </methods>

            <project id="Colombia_BIO">
                <title>Biodiversidad íctica de la isla Cayo Serranilla, Reserva de Biosfera Seaflower</title>
                    <personnel>
            <individualName>
<givenName>Arturo</givenName>                    <surName>Acero P</surName>
            </individualName>
            <role>AUTHOR</role>
                    </personnel>
                    <personnel>
            <individualName>
<givenName>Andrea</givenName>                    <surName>Polanco F</surName>
            </individualName>
            <role>AUTHOR</role>
                    </personnel>
                    <personnel>
            <individualName>
<givenName>Jose Julian</givenName>                    <surName>Tavera</surName>
            </individualName>
            <role>AUTHOR</role>
                    </personnel>
                    <personnel>
            <individualName>
<givenName>Nacor</givenName>                    <surName>Bolaños-Cubillos</surName>
            </individualName>
            <role>AUTHOR</role>
                    </personnel>
                <abstract>
                    <para>El conocimiento de la biodiversidad marina de la Reserva de Biosfera es una necesidad imperiosa y estratégica de la región para ejercer la soberanía nacional a través de la investigación científica. Estudios previos Bolaños-Cubillos et al. 2015) registraron 653 especies de peces de la Reserva, 210 de las cuales son conocidas de las islas y cayos remotos (Cayo Serranilla, bajo Nuevo, bajo Alicia). De Serranilla fueron listadas 117 especies por Vega-Sequeda et al. (2015). Tras un muestreo intensivo y extensivo, se eleva la cifra de los peces conocidos de Serranilla en al menos un 10% y la de las islas y cayos remotos en al menos un 5%. Se plantea de este modo continuar el conocimiento real de la biodiversidad de las islas y cayos remotos de la Reserva de Biosfera Seaflower.</para>
                </abstract>
                <funding>
                    <para>Esta investigación fue financiada a través de el proyecto Colombia BIO a través del acuerdo  No. 341 of 2017. El tiempo de los autores fue financiado por cada institución participante.</para>
                </funding>
                    <studyAreaDescription>
                        <descriptor name="generic" citableClassificationSystem="false">
                            <descriptorValue>Isla cayo Serranilla, estaciones distribuidas en la laguna interna del cayo cubriendo los diferentes tipos de sustrato presente.</descriptorValue>
                        </descriptor>
                    </studyAreaDescription>
                    <designDescription>
                        <description>
                            <para>Se realizaron censos visuales de buceo errante por cuatro bozos experimentados y se incluyeron algunos registros de colectas, fotografías y observaciones en video de los otros grupos de investigación presentes en el cayo.</para>
                        </description>
                    </designDescription>
            </project>
    </dataset>

    <additionalMetadata>
        <metadata>
            <gbif>
                <dateStamp>2024-07-11T14:26:33Z</dateStamp>
                <citation identifier="http://doi.org/10.15472/g13p5m">Acero P. A, Tavera J J, Polanco F. A, Bolaños-Cubillos N (2021): Biodiversidad ictica de la Isla Cayo Serranilla Expedición Seaflower 2017 proyecto Colombia BIO. v1.3. Universidad Nacional de Colombia. Dataset/Occurrence. https://doi.org/10.15472/g13p5m accessed via GBIF.org on 2024-06-17. accessed via GBIF.org on 2024-06-17. accessed via GBIF.org on 2024-07-11.</citation>
                    <bibliography>
                <citation>Bolaños-Cubillos, N., Abril-Howard, A., Bent-Hooker, H., Caldas, J.P., Acero, A. (2015) Lista de peces conocidos del archipiélago de San Andrés, Providencia y Santa Catalina, Reserva de Biosfera Seaflower, Caribe occidental colombiano. Boletin de Investigaciones marinas y Costeras 44(1): 127-162.</citation>
                <citation>Vega-Sequeda, J., Díaz-Sánchez C.M., Gómez-Campo K., López-Londoño T., Díaz-Ruiz M., Gómez-López D.I. 2015. Biodiversidad marina en bajo Nuevo, bajo Alicia y banco Serranilla, Reserva de Biosfera Seaflower. Bol. Invest. Mar. Cost.  44 (1): 199-224.</citation>
                <citation>Nelson JS (2006) Fishes of the World. John Wiley y Sons, Inc. 4ta. Edición, New York. 601 pp.</citation>
                    </bibliography>
                    <resourceLogoUrl>https://statics.sibcolombia.net/sib-resources/images/logos-socios/500px/unal.jpg</resourceLogoUrl>
            </gbif>
        </metadata>
    </additionalMetadata>

</eml:eml>
