<?xml version="1.0" encoding="utf-8"?>
<eml:eml xmlns:eml="eml://ecoinformatics.org/eml-2.1.1" xmlns:xsi="http://www.w3.org/2001/XMLSchema-instance"
         xsi:schemaLocation="eml://ecoinformatics.org/eml-2.1.1 http://rs.gbif.org/schema/eml-gbif-profile/1.2/eml.xsd"
packageId="a4a260a5-eb00-42f0-a6e9-8f468c51db2b"  system="http://gbif.org" scope="system"
xml:lang="es">

    <dataset>
            <alternateIdentifier>10.15468/sum5em</alternateIdentifier>
                <alternateIdentifier>https://ipt.iobis.org/caribbeanobis/resource?r=peces_fanerogamas_los_roques</alternateIdentifier>
                <alternateIdentifier>http://ipt.iobis.org/caribbeanobis/resource?r=peces_fanerogamas_los_roques</alternateIdentifier>
                <alternateIdentifier>a4a260a5-eb00-42f0-a6e9-8f468c51db2b</alternateIdentifier>
        <title>Peces asociados a una pradera de fanerógamas marinas en el PN Archipiélago Los Roques</title>
            <creator>
            <individualName>
<givenName>Adriana</givenName>                    <surName>López</surName>
            </individualName>
<organizationName>Universidad Simón Bolívar</organizationName><positionName>Profesor Universitario/Investigador</positionName>            <address>
<country>VENEZUELA</country>            </address>
<electronicMailAddress>adrilopez@usb.ve</electronicMailAddress>            <userId directory="http://orcid.org/">0000-0001-9852-0976</userId>
            </creator>
            <creator>
            <individualName>
<givenName>José Gregorio</givenName>                    <surName>Rodríguez</surName>
            </individualName>
<organizationName>Universidad de Carabobo</organizationName><positionName>Profesor/Investigador</positionName>            <address>
<country>VENEZUELA</country>            </address>
            <userId directory="http://orcid.org/">0000-0002-5664-8071</userId>
            </creator>
            <creator>
            <individualName>
<givenName>Mario</givenName>                    <surName>Ortaz</surName>
            </individualName>
<organizationName>Universidad Central de Venezuela</organizationName><positionName>Profesor jubilado</positionName>            <address>
<city>Caracas</city><country>VENEZUELA</country>            </address>
            </creator>
            <metadataProvider>
            <individualName>
<givenName>Adriana</givenName>                    <surName>López</surName>
            </individualName>
<organizationName>Universidad Simón Bolívar</organizationName><positionName>Profesor Universitario/Investigador</positionName>            <address>
<country>VENEZUELA</country>            </address>
<electronicMailAddress>adrilopez@usb.ve</electronicMailAddress>            <userId directory="http://orcid.org/">0000-0001-9852-0976</userId>
            </metadataProvider>
            <metadataProvider>
            <individualName>
<givenName>Adriana</givenName>                    <surName>López</surName>
            </individualName>
<organizationName>Universidad Simón Bolívar</organizationName><positionName>Profesor Universitario/Investigador</positionName>            <address>
<country>VENEZUELA</country>            </address>
<electronicMailAddress>adrilopez@usb.ve</electronicMailAddress>            <userId directory="http://orcid.org/">0000-0001-9852-0976</userId>
            </metadataProvider>
            <metadataProvider>
            <individualName>
<givenName>Mario</givenName>                    <surName>Ortaz</surName>
            </individualName>
<organizationName>Universidad Central de Venezuela</organizationName><positionName>Profesor jubilado</positionName>            <address>
<city>Caracs</city><country>VENEZUELA</country>            </address>
            </metadataProvider>
            <associatedParty>
            <individualName>
<givenName>Adriana</givenName>                    <surName>López</surName>
            </individualName>
<organizationName>Universidad Simón Bolívar</organizationName><positionName>Profesor Universitario/Investigador</positionName>            <address>
<country>VENEZUELA</country>            </address>
<electronicMailAddress>adrilopez@usb.ve</electronicMailAddress>            <userId directory="http://orcid.org/">0000-0001-9852-0976</userId>
            <role>USER</role>
            </associatedParty>
            <associatedParty>
            <individualName>
<givenName>Jose Gregorio</givenName>                    <surName>Rodríguez</surName>
            </individualName>
<organizationName>Universidad de Carabobo</organizationName><positionName>Profesor Universitario/Investigador</positionName>            <address>
<country>VENEZUELA</country>            </address>
            <role>EDITOR</role>
            </associatedParty>
            <associatedParty>
            <individualName>
<givenName>Mario</givenName>                    <surName>Ortaz</surName>
            </individualName>
<organizationName>Universidad Central de Venezuela</organizationName><positionName>Profesor jubilado</positionName>            <address>
<city>Caracas</city><country>VENEZUELA</country>            </address>
            <role>EDITOR</role>
            </associatedParty>
            <pubDate>
                2022-11-02
            </pubDate>
        <language>ENGLISH</language>
            <abstract>
                    <para>En este conjunto de datos se describe la composición y la variación temporal de la ictiofauna asociada a una pradera de fanerógamas marinas ubicada en el cayo Dos Mosquises Sur, PN. Archipiélago Los Roques. Estos datos provienen de un proyecto de tesis de grado titulado: Estructura trófica de la comunidad de peces asociada a una pradera  de fanerógamas marinas en el Parque Nacional Archipiélago Los Roques. Se realizaron dos muestreos Agosto- y Enero-2006, en cada uno se realizaron capturas en 4 horarios: 6:00, 12:00, 18:00 y 24:00. Las capturas fueron realizadas con redes de pesca y una rastra manual bentónica. La pradera está compuesta por dos especies de fanerógamas: Thalassia testudinum y Halodule wrightii. Se identificaron 51 especies de peces pertenecientes a 29 familias y 10 Ordenes. La familia más abundante fue Haemulidae, representada fundamentalmente por la especie Haemulon flavolineatum. Se observó una variación temporal (diaria y mensual) en la riqueza y composición de especies. Durante el mes de agosto se capturó un mayor número  de especies y se reportó una mayor abundancia con respecto al mes de enero.</para>
            </abstract>
                <keywordSet>
                        <keyword>Pradera de fanerógamas</keyword>
                        <keyword>Los Roques</keyword>
                        <keyword>Caribe Sur</keyword>
                        <keyword>Samplingevent</keyword>
                        <keyword>ID: BID-CA2020-025-NAC</keyword>
                        <keyword>ictiofauna</keyword>
                        <keywordThesaurus>http://rs.gbif.org/vocabulary/gbif/datasetType/samplingEvent</keywordThesaurus>
                </keywordSet>
                <keywordSet>
                        <keyword>Samplingevent</keyword>
                        <keywordThesaurus>GBIF Dataset Type Vocabulary: http://rs.gbif.org/vocabulary/gbif/dataset_type.xml</keywordThesaurus>
                </keywordSet>
                <keywordSet>
                        <keyword>Samplingevent</keyword>
                        <keywordThesaurus>GBIF Dataset Type Vocabulary: http://rs.gbif.org/vocabulary/gbif/dataset_type_2015-07-10.xml</keywordThesaurus>
                </keywordSet>
            <additionalInfo>
                <para>La transcripción y curaduría de este conjunto de datos fue posible gracias al apoyo de CaribeSur, proyecto BID-CA2020-025-NAC</para>
            </additionalInfo>
            <intellectualRights>
                    <para>This work is licensed under a <ulink url="http://creativecommons.org/licenses/by-nc/4.0/legalcode"><citetitle>Creative Commons Attribution Non Commercial (CC-BY-NC) 4.0 License</citetitle></ulink>.</para>
            </intellectualRights>
            <coverage>
                    <geographicCoverage>
                            <geographicDescription>Los datos fueron tomados de una pradera de fanerógamas ubicada al noreste del cayo Dos Mosquises Sur, el cual a su vez, se encuentra ubicado al sur-oeste del Parque Nacional (PN) Archipiélago los Roques. El Parque Nacional Archipiélago Los Roques se encuentra  ubicado a 157 kilómetros al norte franco del Litoral Central, específicamente frente a la zona de Caraballeda – Naiquatá en el Estado Vargas, entre los 11°43’ y 11°58’ de latitud norte y los 66°35’ y 66°57’ de longitud oeste. Todo el parque, incluyendo sus aguas internas y circundantes, ocupa un área aproximada de 2251 Km2 y se extiende 36 Km. en dirección oeste-este y 24,6 Km. en dirección norte-sur (Rodríguez, 2001).</geographicDescription>
                            <boundingCoordinates>
                                <westBoundingCoordinate>-66.96</westBoundingCoordinate>
                                <eastBoundingCoordinate>-66.885</eastBoundingCoordinate>
                                <northBoundingCoordinate>11.861</northBoundingCoordinate>
                                <southBoundingCoordinate>11.777</southBoundingCoordinate>
                            </boundingCoordinates>
                    </geographicCoverage>
                    <temporalCoverage>
                            <rangeOfDates>
                                <beginDate>
                                    <calendarDate>                2005-08-16
</calendarDate>
                                </beginDate>
                                <endDate>
                                    <calendarDate>                2005-08-19
</calendarDate>
                                </endDate>
                            </rangeOfDates>
                    </temporalCoverage>
                    <temporalCoverage>
                            <rangeOfDates>
                                <beginDate>
                                    <calendarDate>                2006-01-15
</calendarDate>
                                </beginDate>
                                <endDate>
                                    <calendarDate>                2006-01-17
</calendarDate>
                                </endDate>
                            </rangeOfDates>
                    </temporalCoverage>
                        <taxonomicCoverage>
                                <generalTaxonomicCoverage>Todos los peces reportados fueron identificaron hasta nivel de especie, a excepción de unos ejemplares del género Scarus que no pudieron ser identificados hasta especie. Se identificaron 51 especies de peces pertenecientes a 29 familias y 10 órdenes</generalTaxonomicCoverage>
                                <taxonomicClassification>
                                        <taxonRankName>Species</taxonRankName>
                                    <taxonRankValue>Abudefduf saxatilis</taxonRankValue>
                                </taxonomicClassification>
                                <taxonomicClassification>
                                        <taxonRankName>Species</taxonRankName>
                                    <taxonRankValue>Acanthurus bahianus</taxonRankValue>
                                </taxonomicClassification>
                                <taxonomicClassification>
                                        <taxonRankName>Species</taxonRankName>
                                    <taxonRankValue>Acanthurus chrirurgus</taxonRankValue>
                                </taxonomicClassification>
                                <taxonomicClassification>
                                        <taxonRankName>Species</taxonRankName>
                                    <taxonRankValue>Albula vulpes</taxonRankValue>
                                </taxonomicClassification>
                                <taxonomicClassification>
                                        <taxonRankName>Species</taxonRankName>
                                    <taxonRankValue>Anchoa lamprotaenia</taxonRankValue>
                                </taxonomicClassification>
                                <taxonomicClassification>
                                        <taxonRankName>Species</taxonRankName>
                                    <taxonRankValue>Atherinomorus stipes</taxonRankValue>
                                </taxonomicClassification>
                                <taxonomicClassification>
                                        <taxonRankName>Species</taxonRankName>
                                    <taxonRankValue>Aulostomus maculatus</taxonRankValue>
                                </taxonomicClassification>
                                <taxonomicClassification>
                                        <taxonRankName>Species</taxonRankName>
                                    <taxonRankValue>Bathygobius soporator</taxonRankValue>
                                </taxonomicClassification>
                                <taxonomicClassification>
                                        <taxonRankName>Species</taxonRankName>
                                    <taxonRankValue>Brix dunckerii</taxonRankValue>
                                </taxonomicClassification>
                                <taxonomicClassification>
                                        <taxonRankName>Species</taxonRankName>
                                    <taxonRankValue>Caranx lattus</taxonRankValue>
                                </taxonomicClassification>
                                <taxonomicClassification>
                                        <taxonRankName>Species</taxonRankName>
                                    <taxonRankValue>Chaetodon striatum</taxonRankValue>
                                </taxonomicClassification>
                                <taxonomicClassification>
                                        <taxonRankName>Species</taxonRankName>
                                    <taxonRankValue>Dasyatis americana</taxonRankValue>
                                </taxonomicClassification>
                                <taxonomicClassification>
                                        <taxonRankName>Species</taxonRankName>
                                    <taxonRankValue>Diodon holocanthus</taxonRankValue>
                                </taxonomicClassification>
                                <taxonomicClassification>
                                        <taxonRankName>Species</taxonRankName>
                                    <taxonRankValue>Doratonotus megalepsis</taxonRankValue>
                                </taxonomicClassification>
                                <taxonomicClassification>
                                        <taxonRankName>Species</taxonRankName>
                                    <taxonRankValue>Eucinostomus argenteus</taxonRankValue>
                                </taxonomicClassification>
                                <taxonomicClassification>
                                        <taxonRankName>Species</taxonRankName>
                                    <taxonRankValue>Gobionellus boleosoma</taxonRankValue>
                                </taxonomicClassification>
                                <taxonomicClassification>
                                        <taxonRankName>Species</taxonRankName>
                                    <taxonRankValue>Haemulon crysargyreum</taxonRankValue>
                                </taxonomicClassification>
                                <taxonomicClassification>
                                        <taxonRankName>Species</taxonRankName>
                                    <taxonRankValue>Haemulon flavolineatum</taxonRankValue>
                                </taxonomicClassification>
                                <taxonomicClassification>
                                        <taxonRankName>Species</taxonRankName>
                                    <taxonRankValue>Haemulon parrai</taxonRankValue>
                                </taxonomicClassification>
                                <taxonomicClassification>
                                        <taxonRankName>Species</taxonRankName>
                                    <taxonRankValue>Haemulon sciurus</taxonRankValue>
                                </taxonomicClassification>
                                <taxonomicClassification>
                                        <taxonRankName>Species</taxonRankName>
                                    <taxonRankValue>Halichoeres bivittatus</taxonRankValue>
                                </taxonomicClassification>
                                <taxonomicClassification>
                                        <taxonRankName>Species</taxonRankName>
                                    <taxonRankValue>Halichoeres maculipinna</taxonRankValue>
                                </taxonomicClassification>
                                <taxonomicClassification>
                                        <taxonRankName>Species</taxonRankName>
                                    <taxonRankValue>Halichoeres radiatus</taxonRankValue>
                                </taxonomicClassification>
                                <taxonomicClassification>
                                        <taxonRankName>Species</taxonRankName>
                                    <taxonRankValue>Harengula clupeola</taxonRankValue>
                                </taxonomicClassification>
                                <taxonomicClassification>
                                        <taxonRankName>Species</taxonRankName>
                                    <taxonRankValue>Harengula humeralis</taxonRankValue>
                                </taxonomicClassification>
                                <taxonomicClassification>
                                        <taxonRankName>Species</taxonRankName>
                                    <taxonRankValue>Holocentrus rufus</taxonRankValue>
                                </taxonomicClassification>
                                <taxonomicClassification>
                                        <taxonRankName>Species</taxonRankName>
                                    <taxonRankValue>Hyporhamphus unifasciatus</taxonRankValue>
                                </taxonomicClassification>
                                <taxonomicClassification>
                                        <taxonRankName>Species</taxonRankName>
                                    <taxonRankValue>Jenkinsia lamprotaenia</taxonRankValue>
                                </taxonomicClassification>
                                <taxonomicClassification>
                                        <taxonRankName>Species</taxonRankName>
                                    <taxonRankValue>Jenkinsia parvula</taxonRankValue>
                                </taxonomicClassification>
                                <taxonomicClassification>
                                        <taxonRankName>Species</taxonRankName>
                                    <taxonRankValue>Kyphosus sectatrik</taxonRankValue>
                                </taxonomicClassification>
                                <taxonomicClassification>
                                        <taxonRankName>Species</taxonRankName>
                                    <taxonRankValue>Labrisomus nigricinctus</taxonRankValue>
                                </taxonomicClassification>
                                <taxonomicClassification>
                                        <taxonRankName>Species</taxonRankName>
                                    <taxonRankValue>Lacthophrys bicaudalis</taxonRankValue>
                                </taxonomicClassification>
                                <taxonomicClassification>
                                        <taxonRankName>Species</taxonRankName>
                                    <taxonRankValue>Lutjanus apodus</taxonRankValue>
                                </taxonomicClassification>
                                <taxonomicClassification>
                                        <taxonRankName>Species</taxonRankName>
                                    <taxonRankValue>Lutjanus griseus</taxonRankValue>
                                </taxonomicClassification>
                                <taxonomicClassification>
                                        <taxonRankName>Species</taxonRankName>
                                    <taxonRankValue>Lutjanus synagris</taxonRankValue>
                                </taxonomicClassification>
                                <taxonomicClassification>
                                        <taxonRankName>Species</taxonRankName>
                                    <taxonRankValue>Malacoctenus gilli</taxonRankValue>
                                </taxonomicClassification>
                                <taxonomicClassification>
                                        <taxonRankName>Species</taxonRankName>
                                    <taxonRankValue>Malacoctenus macropus</taxonRankValue>
                                </taxonomicClassification>
                                <taxonomicClassification>
                                        <taxonRankName>Species</taxonRankName>
                                    <taxonRankValue>Monacanthus ciliatus</taxonRankValue>
                                </taxonomicClassification>
                                <taxonomicClassification>
                                        <taxonRankName>Species</taxonRankName>
                                    <taxonRankValue>Mugil curema</taxonRankValue>
                                </taxonomicClassification>
                                <taxonomicClassification>
                                        <taxonRankName>Species</taxonRankName>
                                    <taxonRankValue>Myrichthys acuminatus</taxonRankValue>
                                </taxonomicClassification>
                                <taxonomicClassification>
                                        <taxonRankName>Species</taxonRankName>
                                    <taxonRankValue>Ocyurus chrysusrus</taxonRankValue>
                                </taxonomicClassification>
                                <taxonomicClassification>
                                        <taxonRankName>Genus</taxonRankName>
                                    <taxonRankValue>Ophidion sp</taxonRankValue>
                                </taxonomicClassification>
                                <taxonomicClassification>
                                        <taxonRankName>Genus</taxonRankName>
                                    <taxonRankValue>Scarus sp</taxonRankValue>
                                </taxonomicClassification>
                                <taxonomicClassification>
                                        <taxonRankName>Species</taxonRankName>
                                    <taxonRankValue>Scarus taeniopterus</taxonRankValue>
                                </taxonomicClassification>
                                <taxonomicClassification>
                                        <taxonRankName>Species</taxonRankName>
                                    <taxonRankValue>Sparisoma atomarium</taxonRankValue>
                                </taxonomicClassification>
                                <taxonomicClassification>
                                        <taxonRankName>Species</taxonRankName>
                                    <taxonRankValue>Sparisoma radians</taxonRankValue>
                                </taxonomicClassification>
                                <taxonomicClassification>
                                        <taxonRankName>Species</taxonRankName>
                                    <taxonRankValue>Sparisoma sp</taxonRankValue>
                                </taxonomicClassification>
                                <taxonomicClassification>
                                        <taxonRankName>Species</taxonRankName>
                                    <taxonRankValue>Sphoeroides spengleri</taxonRankValue>
                                </taxonomicClassification>
                                <taxonomicClassification>
                                        <taxonRankName>Species</taxonRankName>
                                    <taxonRankValue>Sphyraena barracuda</taxonRankValue>
                                </taxonomicClassification>
                                <taxonomicClassification>
                                        <taxonRankName>Species</taxonRankName>
                                    <taxonRankValue>Trachinotus falcatus</taxonRankValue>
                                </taxonomicClassification>
                                <taxonomicClassification>
                                        <taxonRankName>Species</taxonRankName>
                                    <taxonRankValue>Trachinotus goodei</taxonRankValue>
                                </taxonomicClassification>
                        </taxonomicCoverage>
            </coverage>
            <purpose>
                <para>Describir la composición de la comunidad de peces presente en la pradera y sus variaciones temporales</para>
            </purpose>
            <maintenance>
                <description>
                    <para></para>
                </description>
                <maintenanceUpdateFrequency>unkown</maintenanceUpdateFrequency>
            </maintenance>
            <contact>
            <individualName>
<givenName>Adriana</givenName>                    <surName>López</surName>
            </individualName>
<organizationName>Universidad Simón Bolívar</organizationName><positionName>Profesor Universitario/Investigador</positionName>            <address>
<country>VENEZUELA</country>            </address>
<electronicMailAddress>adrilopez@usb.ve</electronicMailAddress>            <userId directory="http://orcid.org/">0000-0001-9852-0976</userId>
            </contact>
            <methods>
                    <methodStep>
                        <description>
                            <para>1. Se empelaron dos métodos de captura de de los peces: redes de pesca y una rastra manual bentónica, cada métodos se utilizó en los 4 horarios establecidos.
2. Los peces capturados se  colocaron en envases plásticos y fueron preservados después de su muerte con formol al 10%, luego se colocaron en etanol al 70 % para su posterior identificación y análisis en el laboratorio.
3. Aquellos ejemplares de mayor tamaño se identificaron en el campo, se les estimó su peso, longitud estándar y se les extrajo el tracto digestivo, el cual fue preservado en formol al 10 % y luego en etanol al 70 %.  
3. Para la identificación de los ejemplares, se emplearon las claves de Fisher (1978), Cervigón (1991), Cervigón (1993), Cervigón, (1994)  y Cervigón (1996).
4. Luego de identificadas las especies y contabilizados el número de ejemplares, se construyeron matrices incluyendo la información por muestreo.</para>
                        </description>
                    </methodStep>
                    <sampling>
                        <studyExtent>
                            <description>
                                <para>Pradera de fanerógamas mixta compuesta por T. testudinum y H. wrigthii, ubicada al sureste del Cayo Dos Mosquises Sur, en el suroeste del PN. Archipiélago Los roques. Se realizaron dos muestreos uno en Agosto de 2005 y otro en enero de 2006, en cada uno se evaluaron 4 horarios (6, 12, 18 y 24 h)</para>
                            </description>
                        </studyExtent>
                        <samplingDescription>
                            <para>Los peces se colectaron con una red de  playa de 15,40 m de longitud, 1,5 m de alto y 0,7 cm de abertura de malla. Se realizaron cuatro caladas  en cada uno de los  horarios, cubriendo en total un área aproximada de 307,8 m2. Se empleó adicionalmente una rastra manual bentónica de 60 cm de ancho, 45 cm de alto y 1 mm de abertura de malla, la cual se pasó de forma aleatoria 6 veces por un período de 30 s en cada uno de los horarios. Los peces capturados se  colocaron en envases plásticos y fueron preservados después de su muerte con formol al 10%, luego se colocaron en etanol al 70 % para su posterior identificación y análisis en el laboratorio</para>
                        </samplingDescription>
                    </sampling>
            </methods>

            <project id="BID-CA2020-025-NAC">
                <title>Estructura trófica de la comunidad de peces asociada a una pradera de fanerógamas marinas en el  Parque Nacional Archipiélago Los Roques</title>
                    <personnel>
            <individualName>
<givenName>Adriana</givenName>                    <surName>López</surName>
            </individualName>
            <userId directory="http://orcid.org/">0000-0001-9852-0976</userId>
            <role>AUTHOR</role>
                    </personnel>
                    <personnel>
            <individualName>
<givenName>Jose Gregorio</givenName>                    <surName>Rodríguez</surName>
            </individualName>
            <role>EDITOR</role>
                    </personnel>
                    <personnel>
            <individualName>
<givenName>Mario</givenName>                    <surName>Ortaz</surName>
            </individualName>
            <role>EDITOR</role>
                    </personnel>
                    <personnel>
            <individualName>
<givenName>Manuel</givenName>                    <surName>González</surName>
            </individualName>
            <role>CONTENT_PROVIDER</role>
                    </personnel>
                    <personnel>
            <individualName>
<givenName>Humberto</givenName>                    <surName>Camisotti</surName>
            </individualName>
            <role>CONTENT_PROVIDER</role>
                    </personnel>
                    <personnel>
            <individualName>
<givenName>Beatriz</givenName>                    <surName>Siegert</surName>
            </individualName>
            <role>CONTENT_PROVIDER</role>
                    </personnel>
                    <personnel>
            <individualName>
<givenName>Ana</givenName>                    <surName>Herrera</surName>
            </individualName>
            <role>CONTENT_PROVIDER</role>
                    </personnel>
                <abstract>
                    <para>Este proyecto corresponde a una tesis de pre grado, donde se evaluó la estructura trófica de peces asociados a una pradera de fanerógamas marinas ubicada en Dos Mosquises Sur, PN Archipiélago Los Roques. Se realizó la captura de la ictiofauna empleando dos muestreadores diferentes:redes y una rastra manual bentónica, se identificaron los organismos capturados y se les realizó análisis de contenido estomacal para luego realizar las tramas tróficas correspondientes. Este data set contiene la información de la composición de la comunidad de peces en los diferentes muestreos. Se identificaron 51 especies de peces pertenecientes a 29 familias y 10 Ordenes. La familia más abundante fue Haemulidae, representada fundamentalmente por la especie Haemulon flavolineatum. Se observó una variación temporal (diaria y mensual) en la riqueza y composición de especies. Durante el mes de agosto se capturó un mayor número  de especies y se reportó una mayor abundancia con respecto al mes de enero. Los horarios que presentaron menor similitud en cuanto a la composición de especies fueron los de las 6:00 am y 12:00 de la noche, ya que en éste último se capturaron especies que no aparecieron durante el día.</para>
                </abstract>
                <funding>
                    <para>Curaduria y movilización de datos Proyecto GBIF-CaribeSurID:BID-CA2020-025-NAC</para>
                </funding>
                    <studyAreaDescription>
                        <descriptor name="generic" citableClassificationSystem="false">
                            <descriptorValue>El Parque Nacional Archipiélago Los Roques se encuentra  ubicado a 157 kilómetros al norte franco del Litoral Central, específicamente frente a la zona de Caraballeda – Naiquatá en el Estado Vargas.</descriptorValue>
                        </descriptor>
                    </studyAreaDescription>
                    <designDescription>
                        <description>
                            <para>La pradera seleccionada para el presente trabajo se encuentra ubicada en la zona noreste del cayo Dos Mosquises Sur, y se caracteriza por presentar dos especies Thalassia testudinum y Halodule wrighti</para>
                        </description>
                    </designDescription>
            </project>
    </dataset>

    <additionalMetadata>
        <metadata>
            <gbif>
                <dateStamp>2024-07-11T14:26:27Z</dateStamp>
                <citation>López A, Rodríguez J.G, Ortaz, M (2022): Peces asociados a una pradera de fanerógamas marinas en el PN Archipiélago Los Roques. v1. Caribbean OBIS Node. Dataset/Samplingevent. http://ipt.iobis.org/caribbeanobis/resource?r=peces_fanerogamas_los_roques&amp;amp;v=1.0 https://doi.org/10.15468/sum5em accessed via GBIF.org on 2024-07-11.</citation>
                    <resourceLogoUrl>http://ipt.iobis.org/caribbeanobis/logo.do?r=peces_fanerogamas_los_roques</resourceLogoUrl>
            </gbif>
        </metadata>
    </additionalMetadata>

</eml:eml>
