<?xml version="1.0" encoding="utf-8"?>
<eml:eml xmlns:eml="eml://ecoinformatics.org/eml-2.1.1" xmlns:xsi="http://www.w3.org/2001/XMLSchema-instance"
         xsi:schemaLocation="eml://ecoinformatics.org/eml-2.1.1 http://rs.gbif.org/schema/eml-gbif-profile/1.2/eml.xsd"
packageId="a6bc8ba7-1489-4724-8e72-fd5d0325a9c4"  system="http://gbif.org" scope="system"
xml:lang="es">

    <dataset>
            <alternateIdentifier>10.15472/geltab</alternateIdentifier>
                <alternateIdentifier>a6bc8ba7-1489-4724-8e72-fd5d0325a9c4</alternateIdentifier>
                <alternateIdentifier>https://ipt.biodiversidad.co/sibm/resource?r=invemar_simac_censopeces</alternateIdentifier>
        <title>Sistema de Monitoreo de Arrecifes Coralinos - SIMAC: Abundancia de peces arrecifales</title>
            <creator>
            <individualName>
<givenName>Raúl</givenName>                    <surName>Navas-Camacho</surName>
            </individualName>
<organizationName>INVEMAR</organizationName>            <address>
<country>COLOMBIA</country>            </address>
            </creator>
            <creator>
            <individualName>
<givenName>Juan David</givenName>                    <surName>González-Corredor</surName>
            </individualName>
<organizationName>INVEMAR</organizationName>            <address>
<country>COLOMBIA</country>            </address>
            </creator>
            <creator>
            <individualName>
<givenName>Andrés Felipe</givenName>                    <surName>Acosta-Chaparro</surName>
            </individualName>
            <address>
<country>COLOMBIA</country>            </address>
            </creator>
            <creator>
            <individualName>
<givenName>Jaime</givenName>                    <surName>Garzón-Ferreira</surName>
            </individualName>
<organizationName>INVEMAR</organizationName>            <address>
<country>COLOMBIA</country>            </address>
            </creator>
            <creator>
            <individualName>
<givenName>Alberto</givenName>                    <surName>Rodríguez-Ramírez</surName>
            </individualName>
<organizationName>INVEMAR</organizationName>            <address>
<country>COLOMBIA</country>            </address>
            </creator>
            <creator>
            <individualName>
<givenName>Catalina</givenName>                    <surName>Reyes-Nivia</surName>
            </individualName>
<organizationName>INVEMAR</organizationName>            <address>
<country>COLOMBIA</country>            </address>
            </creator>
            <creator>
            <individualName>
<givenName>Sonia</givenName>                    <surName>Bejarano</surName>
            </individualName>
<organizationName>INVEMAR</organizationName>            <address>
<country>COLOMBIA</country>            </address>
            </creator>
            <creator>
            <individualName>
<givenName>Fernando</givenName>                    <surName>Zapata</surName>
            </individualName>
<organizationName>INVEMAR</organizationName>            <address>
<country>COLOMBIA</country>            </address>
            </creator>
            <creator>
            <individualName>
<givenName>Kelly</givenName>                    <surName>Gómez-Campo</surName>
            </individualName>
<organizationName>INVEMAR</organizationName>            <address>
<country>COLOMBIA</country>            </address>
            </creator>
            <creator>
            <individualName>
<givenName>Christian Michael</givenName>                    <surName>Díaz Sánchez</surName>
            </individualName>
<organizationName>INVEMAR</organizationName>            <address>
<country>COLOMBIA</country>            </address>
            </creator>
            <creator>
            <individualName>
<givenName>Nacor</givenName>                    <surName>Bolaños</surName>
            </individualName>
<organizationName>INVEMAR</organizationName>            <address>
<country>COLOMBIA</country>            </address>
            </creator>
            <creator>
            <individualName>
<givenName>Alfredo</givenName>                    <surName>Abril Howard</surName>
            </individualName>
<organizationName>Invemar</organizationName>            <address>
<country>COLOMBIA</country>            </address>
            </creator>
            <creator>
            <individualName>
<givenName>Santiago</givenName>                    <surName>Posada</surName>
            </individualName>
<organizationName>INVEMAR</organizationName>            <address>
<country>COLOMBIA</country>            </address>
            </creator>
            <creator>
            <individualName>
<givenName>Diana Lorena</givenName>                    <surName>Zamora-Martínez</surName>
            </individualName>
<organizationName>SiB Colombia</organizationName>            <address>
<country>COLOMBIA</country>            </address>
            </creator>
            <metadataProvider>
            <individualName>
<givenName>Jaime</givenName>                    <surName>Montoya-Cadavid</surName>
            </individualName>
<organizationName>INVEMAR</organizationName><positionName>Investigador</positionName>            <address>
<deliveryPoint>Calle 25 No. 2-55 Playa Salguero, Rodadero</deliveryPoint><city>Santa Marta</city><administrativeArea>Magdalena</administrativeArea><country>COLOMBIA</country>            </address>
<electronicMailAddress>erika.montoya@invemar.org.co</electronicMailAddress>            </metadataProvider>
            <metadataProvider>
            <individualName>
<givenName>Diana Lorena</givenName>                    <surName>Zamora-Martínez</surName>
            </individualName>
<organizationName>SiB Colombia</organizationName><positionName>Pasante calidad de datos</positionName>            <address>
<city>Bogotá D.C.</city><country>COLOMBIA</country>            </address>
<electronicMailAddress>dlzamoram@unal.edu.co</electronicMailAddress>            </metadataProvider>
            <metadataProvider>
            <individualName>
<givenName>Juan Fernando</givenName>                    <surName>Meza Prada</surName>
            </individualName>
<organizationName>SiB Colombia</organizationName><positionName>Pasante de calidad datos marinos</positionName>            <address>
<city>Bogotá D.C.</city><administrativeArea>Bogotá D.C.</administrativeArea>            </address>
<electronicMailAddress>jufernprada@gmail.com</electronicMailAddress>            </metadataProvider>
            <associatedParty>
            <individualName>
                    <surName>Corporación para el Desarrollo Sostenible del Archipiélago de San Andrés, Providencia y Santa Catalina (CORALINA)</surName>
            </individualName>
<organizationName>Corporación para el Desarrollo Sostenible del Archipiélago de San Andrés, Providencia y Santa Catalina (CORALINA)</organizationName><positionName>Autoridad ambiental</positionName>            <address>
<deliveryPoint>Via San Luis, Bigth, Km 26, San Andrés Isla. Archipiélago de San Andrés, Providencia y Santa Catalina (Colombia - Suramérica).</deliveryPoint><city>San Andrés</city><administrativeArea>Archipiélago de San Andrés, Providencia y Santa Catalina</administrativeArea><country>COLOMBIA</country>            </address>
<phone>(+578) 5148552</phone><onlineUrl>https://www.coralina.gov.co/</onlineUrl>            <role>AUTHOR</role>
            </associatedParty>
            <associatedParty>
            <individualName>
                    <surName>Parques Nacionales Naturales de Colombia</surName>
            </individualName>
<organizationName>Parques Nacionales Naturales de Colombia</organizationName><positionName>Autoridad ambiental</positionName>            <address>
<deliveryPoint>Calle 74 no 11 - 81 Bogotá - Colombia</deliveryPoint><city>Bogotá D.C.</city><administrativeArea>Bogotá D.C.</administrativeArea><country>COLOMBIA</country>            </address>
<phone>(57 1) 3532400</phone><onlineUrl>https://www.parquesnacionales.gov.co/portal/es/</onlineUrl>            <role>AUTHOR</role>
            </associatedParty>
            <associatedParty>
            <individualName>
                    <surName>Fundación Malpelo y Otros Ecosistemas Marinos</surName>
            </individualName>
<organizationName>Fundación Malpelo y Otros Ecosistemas Marinos</organizationName><positionName>ONG</positionName>            <address>
<deliveryPoint>Carrera 11 # 87-51 / Local 4 - Piso 2 Bogotá D.C. – Colombia</deliveryPoint><city>Bogotá D.C.</city><administrativeArea>Bogotá D.C.</administrativeArea><country>COLOMBIA</country>            </address>
<phone>57 (1) 5875545</phone><onlineUrl>https://www.fundacionmalpelo.org/quienes-somos/</onlineUrl>            <role>AUTHOR</role>
            </associatedParty>
            <associatedParty>
            <individualName>
<givenName>David Alejandro</givenName>                    <surName>Alonso Carvajal</surName>
            </individualName>
<organizationName>INVEMAR</organizationName>            <address>
<deliveryPoint>Calle 25 # 2-55, Playa Salguero – Rodadero Sur</deliveryPoint><city>Santa Marta</city><country>COLOMBIA</country>            </address>
<phone>+54328600249</phone><electronicMailAddress>david.alonso@invemar.org.co</electronicMailAddress>            <role>POINT_OF_CONTACT</role>
            </associatedParty>
            <associatedParty>
            <individualName>
                    <surName>Universidad del Valle -Univalle</surName>
            </individualName>
<organizationName>Universidad del Valle -Univalle</organizationName><positionName>Universidad</positionName>            <address>
<deliveryPoint>Cl. 13 #100-00</deliveryPoint><city>Cali</city><administrativeArea>Valle del Cauca</administrativeArea><country>COLOMBIA</country>            </address>
            <role>AUTHOR</role>
            </associatedParty>
            <associatedParty>
            <individualName>
<givenName>Julio Cesar</givenName>                    <surName>Bohórquez Naranjo</surName>
            </individualName>
<organizationName>INVEMAR</organizationName><positionName>Administrador bases de datos</positionName>            <address>
<deliveryPoint>Calle 25 # 2-55, Playa Salguero – Rodadero Sur</deliveryPoint><city>Santa Marta</city><administrativeArea>Magdalena</administrativeArea><country>COLOMBIA</country>            </address>
<phone>+5 4328600 ext. 363</phone><electronicMailAddress>julio.bohorquez@invemar.org.co</electronicMailAddress>            <role>CUSTODIAN_STEWARD</role>
            </associatedParty>
            <associatedParty>
            <individualName>
<givenName>Adriana</givenName>                    <surName>Polanco</surName>
            </individualName>
<organizationName>INVEMAR</organizationName>            <address>
<country>COLOMBIA</country>            </address>
            <role>PROCESSOR</role>
            </associatedParty>
            <associatedParty>
            <individualName>
<givenName>Nicasio</givenName>                    <surName>Howard</surName>
            </individualName>
<organizationName>Coralina</organizationName>            <address>
<country>COLOMBIA</country>            </address>
            <role>PROCESSOR</role>
            </associatedParty>
            <associatedParty>
            <individualName>
<givenName>Diana Isabel</givenName>                    <surName>Gómez López</surName>
            </individualName>
<organizationName>INVEMAR</organizationName><positionName>Jefe de la Línea de Investigación Organización y Dinámica de Ecosistemas</positionName>            <address>
<deliveryPoint>Calle 25 No. 2-55 Playa Salguero, Rodadero</deliveryPoint><city>Santa Marta</city><administrativeArea>Magdalena</administrativeArea><country>COLOMBIA</country>            </address>
<electronicMailAddress>diana.gomez@invemar.org.co</electronicMailAddress>            <role>POINT_OF_CONTACT</role>
            </associatedParty>
            <pubDate>
                2022-02-14
            </pubDate>
        <language>SPANISH</language>
            <abstract>
                    <para>Los datos se derivan de la línea de investigación del SIMAC: Sistema de monitoreo para los ambientes arrecifales en Colombia y evaluación de agentes de mortalidad coralina; dentro del programa de Biodiversidad y Ecosistemas Marinos. El proyecto busca generar información sobre la salud y la dinámica de los arrecifes coralinos en Colombia, mediante la evaluación de su estado, para contribuir a su entendimiento y a su conservación, así como al uso sostenible de sus recursos.
En este conjunto de datos se reportan los peces arrecifales de importancia comercial y/o ecológica, documentados en estaciones de monitoreo del Mar Caribe y Océano Pacífico colombiano, que corresponden a 42.927 registros biológicos obtenidos entre el año 1998 y 2019.</para>
            </abstract>
                <keywordSet>
                        <keyword>peces arrecifales</keyword>
                        <keyword>Océano Pacífico.</keyword>
                        <keyword>INVEMAR</keyword>
                        <keyword>Mar Caribe</keyword>
                        <keywordThesaurus>n/a</keywordThesaurus>
                </keywordSet>
                <keywordSet>
                        <keyword>Samplingevent</keyword>
                        <keywordThesaurus>GBIF Dataset Type Vocabulary: http://rs.gbif.org/vocabulary/gbif/dataset_type.xml</keywordThesaurus>
                </keywordSet>
                <keywordSet>
                        <keyword>Samplingevent</keyword>
                        <keywordThesaurus>GBIF Dataset Type Vocabulary: http://rs.gbif.org/vocabulary/gbif/dataset_type_2015-07-10.xml</keywordThesaurus>
                </keywordSet>
            <intellectualRights>
                    <para>This work is licensed under a <ulink url="http://creativecommons.org/licenses/by/4.0/legalcode"><citetitle>Creative Commons Attribution (CC-BY) 4.0 License</citetitle></ulink>.</para>
            </intellectualRights>
            <coverage>
                    <geographicCoverage>
                            <geographicDescription>La zona de estudio comprende 56 estaciones de monitoreo del SIMAC, en áreas marinas del Mar Caribe y Océano Pacífico colombianos.</geographicDescription>
                            <boundingCoordinates>
                                <westBoundingCoordinate>-81.73</westBoundingCoordinate>
                                <eastBoundingCoordinate>-74.11</eastBoundingCoordinate>
                                <northBoundingCoordinate>13.5</northBoundingCoordinate>
                                <southBoundingCoordinate>2.96</southBoundingCoordinate>
                            </boundingCoordinates>
                    </geographicCoverage>
                    <temporalCoverage>
                            <rangeOfDates>
                                <beginDate>
                                    <calendarDate>                1998-11-15
</calendarDate>
                                </beginDate>
                                <endDate>
                                    <calendarDate>                2019-05-31
</calendarDate>
                                </endDate>
                            </rangeOfDates>
                    </temporalCoverage>
                        <taxonomicCoverage>
                                <generalTaxonomicCoverage>En el conjunto de datos se reporta la presencia de 188 especies de peces en áreas coralinas de Colombia, representados en 2 clases, 8 órdenes, 34 familias y 79 géneros</generalTaxonomicCoverage>
                                <taxonomicClassification>
                                        <taxonRankName>Order</taxonRankName>
                                    <taxonRankValue>Anguilliformes</taxonRankValue>
                                </taxonomicClassification>
                                <taxonomicClassification>
                                        <taxonRankName>Order</taxonRankName>
                                    <taxonRankValue>Beryciformes</taxonRankValue>
                                </taxonomicClassification>
                                <taxonomicClassification>
                                        <taxonRankName>Order</taxonRankName>
                                    <taxonRankValue>Carcharhiniformes</taxonRankValue>
                                </taxonomicClassification>
                                <taxonomicClassification>
                                        <taxonRankName>Order</taxonRankName>
                                    <taxonRankValue>Myliobatiformes</taxonRankValue>
                                </taxonomicClassification>
                                <taxonomicClassification>
                                        <taxonRankName>Order</taxonRankName>
                                    <taxonRankValue>Perciformes</taxonRankValue>
                                </taxonomicClassification>
                                <taxonomicClassification>
                                        <taxonRankName>Order</taxonRankName>
                                    <taxonRankValue>Scorpaeniformes</taxonRankValue>
                                </taxonomicClassification>
                                <taxonomicClassification>
                                        <taxonRankName>Order</taxonRankName>
                                    <taxonRankValue>Syngnathiformes</taxonRankValue>
                                </taxonomicClassification>
                                <taxonomicClassification>
                                        <taxonRankName>Order</taxonRankName>
                                    <taxonRankValue>Tetraodontiformes</taxonRankValue>
                                </taxonomicClassification>
                        </taxonomicCoverage>
            </coverage>
            <maintenance>
                <description>
                    <para></para>
                </description>
                <maintenanceUpdateFrequency>unkown</maintenanceUpdateFrequency>
            </maintenance>
            <contact>
            <individualName>
<givenName>Raul</givenName>                    <surName>Navas Camacho</surName>
            </individualName>
<organizationName>INVEMAR</organizationName><positionName>Investigador científico DOI</positionName>            <address>
<deliveryPoint>Calle 25 No. 2-55 Playa Salguero, Rodadero</deliveryPoint><city>Santa Marta</city><administrativeArea>Magdalena</administrativeArea><country>COLOMBIA</country>            </address>
<phone>+5 4328600 ext. 251</phone><electronicMailAddress>raul.navas@invemar.org.co</electronicMailAddress>            </contact>
            <contact>
            <individualName>
<givenName>Diana Isabel</givenName>                    <surName>Gómez Lopez</surName>
            </individualName>
<organizationName>INVEMAR</organizationName><positionName>Jefe de Línea de Investigación Organización y Dinámica de Ecosistemas</positionName>            <address>
<deliveryPoint>Calle 25 No. 2-55 Playa Salguero, Rodadero</deliveryPoint><city>Santa Marta</city><administrativeArea>Magdalena</administrativeArea><country>COLOMBIA</country>            </address>
<phone>+5 4328600 ext. 250</phone><electronicMailAddress>diana.gomez@invemar.org.co</electronicMailAddress>            </contact>
            <contact>
            <individualName>
<givenName>Erika</givenName>                    <surName>Montoya Cadavid</surName>
            </individualName>
<organizationName>INVEMAR</organizationName><positionName>Administradora de Contenidos SiBM</positionName>            <address>
<deliveryPoint>Calle 25 No. 2-55 Playa Salguero, Rodadero</deliveryPoint><city>Santa Marta</city><administrativeArea>Magdalena</administrativeArea><country>COLOMBIA</country>            </address>
<phone>+5 4328600 ext. 143</phone><electronicMailAddress>administrador_sibm@invemar.org.co</electronicMailAddress>            </contact>
            <methods>
                    <methodStep>
                        <description>
                            <para>Antes de iniciar el censo cada observador debe asegurar la cinta métrica de 30 m mediante un gancho o una cuerda al cinturón de lastre.</para>
                        </description>
                    </methodStep>
                    <methodStep>
                        <description>
                            <para>Identificar el punto medio de la parcela y allí amarrar el extremo libre del flexómetro a alguna de las estacas instaladas para el monitoreo de organismos sésiles. Esto permitirá desplegar libremente la cinta métrica mientras el investigador nada.</para>
                        </description>
                    </methodStep>
                    <methodStep>
                        <description>
                            <para>Tomar la vara de PVC de un metro para estimar el ancho de la banda a censar.</para>
                        </description>
                    </methodStep>
                    <methodStep>
                        <description>
                            <para>Esperar un par de minutos antes de Iniciar el censo para que los peces se acostumbren a la presencia de los observadores.</para>
                        </description>
                    </methodStep>
                    <methodStep>
                        <description>
                            <para>Los investigadores comienzan a desplazarse en direcciones opuestas a medida que la cinta métrica entre unos 7 a 10 minutos.</para>
                        </description>
                    </methodStep>
                    <methodStep>
                        <description>
                            <para>Contar y registrar todos los individuos de las especies de peces selectas que se encuentren o que crucen la banda de 2 m de ancho en un momento dado. Es muy importante que el observador nade a un ritma lento pero constante y que no se quede esperando a que los peces o un cardumen de peces cruce por la banda. Los juveniles de la familia Scaridae (toros) y Haemullidae (roncas) menores a 5 cm de largo total no deben ser incluidos.</para>
                        </description>
                    </methodStep>
                    <methodStep>
                        <description>
                            <para>Mientras el observador se desplaza, debe enfocar la mirada varios metros delante de la vara, sobre la banda, para fijar periódicamente un objetivo en la distancia y así nadar en línea recta.</para>
                        </description>
                    </methodStep>
                    <sampling>
                        <studyExtent>
                            <description>
                                <para>Estaciones de muestreo (56) a cargo del SIMAC en el Mar Caribe y Océano Pacífico colombianos.</para>
                            </description>
                        </studyExtent>
                        <samplingDescription>
                            <para>El muestreo consiste en la aplicación de un método de censo visual, que permite estimar la abundancia de grupos selectos de peces de importancia económica y/o ecológica. Como unidad de muestreo se implementa un transecto de banda de 30x2 metros.</para>
                        </samplingDescription>
                    </sampling>
                    <qualityControl>
                        <description>
                            <para>Los datos se estandarizaron al formato Darwin Core. Las fechas, los datos geográficos y la información taxonómica fueron sometidos a un proceso de validación y limpieza. La validación taxonómica se hizo contrastando la información con el árbol taxonómico de WoRMS.</para>
                        </description>
                    </qualityControl>
            </methods>

            <project >
                <title>Sistema Nacional de Monitoreo de Arrecifes Coralinos en Colombia (SIMAC)</title>
                    <personnel>
            <individualName>
<givenName>Erika</givenName>                    <surName>Montoya-Cadavid</surName>
            </individualName>
            <role>CUSTODIAN_STEWARD</role>
                    </personnel>
                    <personnel>
            <individualName>
<givenName>Julio Cesar</givenName>                    <surName>Bohórquez Naranjo</surName>
            </individualName>
            <role>CUSTODIAN_STEWARD</role>
                    </personnel>
                <abstract>
                    <para>Los datos se derivan de la línea de investigación del SIMAC: Sistema de monitoreo para los ambientes arrecifales en Colombia y evaluación de agentes de mortalidad coralina; dentro del programa de Biodiversidad y Ecosistemas Marinos. El proyecto busca generar información sobre la salud y la dinámica de los arrecifes coralinos en Colombia, mediante la evaluación de su estado, para contribuir a su entendimiento y a su conservación, así como al uso sostenible de sus recursos.</para>
                </abstract>
                <funding>
                    <para>El proyecto ha sido financiado por: INVEMAR, COLCIENCIAS, Programa de las Naciones Unidas para el Medio Ambiente (PNUMA), CORALINA, CEINER, Universidad del Valle, UAESPNN, FONAM, BID, MAVDT, UNEP-CAR/RCU, Universidad de Antioquia, Universidad Nacional, Fundación Malpelo, CARICOMP, Conservación Internacional, Parque Nacionales Naturales de Colombia territoriales Caribe y Pacífico, Oceanario.</para>
                </funding>
                    <studyAreaDescription>
                        <descriptor name="generic" citableClassificationSystem="false">
                            <descriptorValue>El área de estudio comprende el Mar Caribe y Océano Pacífico colombianos, con 56 estaciones ubicadas en Santa Marta, San Andrés, Cartagena, Malpelo, Gorgona, Urabá chocoano, el Parque Nacional Natural Utría y el Parque Nacional Natural Corales del Rosario y San Bernardo.</descriptorValue>
                        </descriptor>
                    </studyAreaDescription>
            </project>
    </dataset>

    <additionalMetadata>
        <metadata>
            <gbif>
                <dateStamp>2024-07-11T14:26:34Z</dateStamp>
                <citation identifier="https://doi.org/10.15472/geltab">Navas-Camacho R, González-Corredor J D, Acosta-Chaparro A F, Garzón-Ferreira J, Rodríguez-Ramírez A, Reyes-Nivia C, Bejarano S, Zapata F, Gómez-Campo K, Díaz Sánchez C M, Bolaños N, Abril Howard A, Posada S, Zamora-Martínez D L, Montoya-Cadavid J, Meza Prada J F (2022). Sistema de Monitoreo de Arrecifes Coralinos - SIMAC: Abundancia de peces arrecifales. Version 1.3. Instituto de Investigaciones Marinas y Costeras - Invemar. Sampling event dataset https://doi.org/10.15472/geltab accessed via GBIF.org on 2024-07-11.</citation>
                    <bibliography>
                <citation>Garzón-Ferreira, J., Reyes-Nivia, M. C., &amp; Rodriguez-Ramirez, A. (2002). Manual de Métodos del SIMAC Sistema Nacional de Monitoreo de Arrecifes Coralinos en Colombia. Santa Marta.</citation>
                <citation>Sistema de Información Ambiental Marino - SiAM. Estaciones SIMAC. 2014. Consultado en agosto 19, 2020. https://siam.invemar.org.co/campanas-proyectos</citation>
                    </bibliography>
                    <resourceLogoUrl>https://statics.sibcolombia.net/sib-resources/images/logos-socios/500px/invemar.jpg</resourceLogoUrl>
            </gbif>
        </metadata>
    </additionalMetadata>

</eml:eml>
