<?xml version="1.0" encoding="utf-8"?>
<eml:eml xmlns:eml="eml://ecoinformatics.org/eml-2.1.1" xmlns:xsi="http://www.w3.org/2001/XMLSchema-instance"
         xsi:schemaLocation="eml://ecoinformatics.org/eml-2.1.1 http://rs.gbif.org/schema/eml-gbif-profile/1.2/eml.xsd"
packageId="a983b1f1-296c-4d97-8504-69a6e969ac03"  system="http://gbif.org" scope="system"
xml:lang="es">

    <dataset>
            <alternateIdentifier>10.15472/glepal</alternateIdentifier>
                <alternateIdentifier>https://ipt.biodiversidad.co/sibm/resource?r=unal_ictio_seaflower_2017</alternateIdentifier>
                <alternateIdentifier>a983b1f1-296c-4d97-8504-69a6e969ac03</alternateIdentifier>
                <alternateIdentifier>http://ipt.biodiversidad.co/sibm/resource?r=unal_ictio_seaflower_2017</alternateIdentifier>
        <title>Comunidad íctica de la Isla Cayo Serranilla durante la Expedición Seaflower 2017 - Proyecto Colombia BIO</title>
            <creator>
            <individualName>
<givenName>Adriana</givenName>                    <surName>Santos Martínez</surName>
            </individualName>
<organizationName>Universidad Nacional de Colombia - Sede Caribe</organizationName><positionName>Investigadora</positionName>            <address>
<deliveryPoint>Carr. circulv. San Luis Feetown # 52-44</deliveryPoint><city>San Andrés</city><administrativeArea>Archipiélago de San Andrés, Providencia y Santa Catalina</administrativeArea><country>COLOMBIA</country>            </address>
<phone>316 5000 Ext. 29624</phone><electronicMailAddress>asantosma@unal.edu.co</electronicMailAddress><onlineUrl>http://caribe.unal.edu.co/</onlineUrl>            </creator>
            <metadataProvider>
            <individualName>
<givenName>Julián</givenName>                    <surName>Patro Valderrrama</surName>
            </individualName>
<organizationName>Universidad Nacional de Colombia - Sede Caribe</organizationName><positionName>Investigador</positionName>            <address>
<deliveryPoint>Carr. circulv. San Luis Feetown # 52-44</deliveryPoint><city>San Andrés</city><administrativeArea>Archipiélago de San Andrés, Providencia y Santa Catalina</administrativeArea><country>COLOMBIA</country>            </address>
<phone>316 5000 Ext. 29610</phone><electronicMailAddress>jprato@unal.edu.co</electronicMailAddress><onlineUrl>http://caribe.unal.edu.co/</onlineUrl>            </metadataProvider>
            <associatedParty>
            <individualName>
<givenName>Adriana</givenName>                    <surName>Santos Martínez</surName>
            </individualName>
<organizationName>Universidad Nacional de Colombia - Sede Caribe</organizationName><positionName>Investigadora</positionName>            <address>
<deliveryPoint>Carr. circulv. San Luis Feetown # 52-44</deliveryPoint><city>San Andrés</city><administrativeArea>Archipiélago de San Andrés, Providencia y Santa Catalina</administrativeArea><country>COLOMBIA</country>            </address>
<phone>57 8 5133310 Ext 29624</phone><electronicMailAddress>asantosma@unal.edu.co</electronicMailAddress>            <role>AUTHOR</role>
            </associatedParty>
            <associatedParty>
            <individualName>
<givenName>Julián</givenName>                    <surName>Patro Valderrama</surName>
            </individualName>
<organizationName>Universidad Nacional de Colombia - Sede Caribe</organizationName><positionName>Investigador</positionName>            <address>
<deliveryPoint>Carr. circulv. San Luis Feetown # 52-44</deliveryPoint><city>San Andrés</city><administrativeArea>Archipiélago de San Andrés, Providencia y Santa Catalina</administrativeArea><country>COLOMBIA</country>            </address>
<phone>57 8 5133310 Ext. 29610</phone><electronicMailAddress>jprato@unal.edu.co</electronicMailAddress>            <role>AUTHOR</role>
            </associatedParty>
            <associatedParty>
            <individualName>
<givenName>Violeta</givenName>                    <surName>Posada</surName>
            </individualName>
<organizationName>Universidad Nacional de Colombia</organizationName><positionName>Investifadora</positionName>            <address>
<deliveryPoint>Carr. circulv. San Luis Feetown # 52-44</deliveryPoint><city>San Andrés</city><administrativeArea>Archipiélago de San Andrés, Providencia y Santa Catalina</administrativeArea><country>COLOMBIA</country>            </address>
<electronicMailAddress>vposadar@unal.edu.co</electronicMailAddress>            <role>AUTHOR</role>
            </associatedParty>
            <associatedParty>
            <individualName>
<givenName>Omar</givenName>                    <surName>Abril</surName>
            </individualName>
<organizationName>Universidad Nacional de Colombia - Sede Caribe</organizationName><positionName>Investigador</positionName>            <address>
<deliveryPoint>Carr. circulv. San Luis Feetown # 52-44</deliveryPoint><city>San Andrés</city><administrativeArea>Archipiélago de San Andrés, Providencia y Santa Catalina</administrativeArea><country>COLOMBIA</country>            </address>
<phone>57 8 5133390 Ext. 29610</phone>            <role>AUTHOR</role>
            </associatedParty>
            <pubDate>
                2021-07-15
            </pubDate>
        <language>SPANISH</language>
            <abstract>
                    <para>El presente proyecto de valoración de servicios ecosistémicos se desarrolló basado en tres componentes centrales, buscando realizar un énfasis en dos servicios ecosistémicos principalmente mediante la investigación para la generación de información primaria de la Isla Cayos de Serranilla.  Los servicios ecosistémicos que se enfatizaron en el trabajo de campo de esta expedición 2017 fueron el servicio de provisión de hábitat y refugio de biodiversidad con enfoque a la conectividad ecosistémica (macroalgas, y complejidad topográfica submarina, composición, abundancia y biomasa de peces) y el servicio de protección costera descrito en el componente de protección costera. Se lograron metas bien representativas, como la toma de muestras de amplia biodiversidad de macroalgas, el levantamiento de complejidad topográfica submarina en 14 estaciones y su relación con el servicio ecosistémico de hábitat para peces arrecifales y la instalación de sensores de oleaje en dos puntos estratégicos incluyendo un punto expuesto al oleaje oceánico por fuera de la barrera arrecifal.</para>
                    <para>Este recurso en particular consigna la información de peces censados visualmente durante la expedición Seaflower 2017 con un total de 58 registros.</para>
            </abstract>
                <keywordSet>
                        <keyword>Occurrence</keyword>
                        <keywordThesaurus>GBIF Dataset Type Vocabulary: http://rs.gbif.org/vocabulary/gbif/dataset_type.xml</keywordThesaurus>
                </keywordSet>
                <keywordSet>
                        <keyword>Colomnia BIO</keyword>
                        <keyword>conectividad</keyword>
                        <keyword>peces</keyword>
                        <keyword>biodiversidad marina</keyword>
                        <keyword>comunidad</keyword>
                        <keyword>servicio ecosistémicos</keyword>
                        <keyword>ecosistemas estratégicos</keyword>
                        <keyword>área marina protegidas</keyword>
                        <keywordThesaurus>n/a</keywordThesaurus>
                </keywordSet>
                <keywordSet>
                        <keyword>COLOMBIA_BIO</keyword>
                        <keyword>SEAFLOWER</keyword>
                        <keyword>SIB_MARINO</keyword>
                        <keywordThesaurus>SiB Colombia</keywordThesaurus>
                </keywordSet>
                <keywordSet>
                        <keyword>Observation</keyword>
                        <keywordThesaurus>GBIF Dataset Subtype Vocabulary: http://rs.gbif.org/vocabulary/gbif/dataset_subtype.xml</keywordThesaurus>
                </keywordSet>
            <intellectualRights>
                    <para>This work is licensed under a <ulink url="http://creativecommons.org/licenses/by-nc/4.0/legalcode"><citetitle>Creative Commons Attribution Non Commercial (CC-BY-NC) 4.0 License</citetitle></ulink>.</para>
            </intellectualRights>
            <distribution scope="document">
                <online>
                    <url function="information">http://ipt.biodiversidad.co/sib/resource?r=unal_ictio_seaflower_2017</url>
                </online>
            </distribution>
            <coverage>
                    <geographicCoverage>
                            <geographicDescription>Isla Cayo Serranilla, Reserva de la Biósfera Seaflower, Colombia.</geographicDescription>
                            <boundingCoordinates>
                                <westBoundingCoordinate>-79.833</westBoundingCoordinate>
                                <eastBoundingCoordinate>-79.833</eastBoundingCoordinate>
                                <northBoundingCoordinate>15.8</northBoundingCoordinate>
                                <southBoundingCoordinate>15.8</southBoundingCoordinate>
                            </boundingCoordinates>
                    </geographicCoverage>
                    <temporalCoverage>
                            <rangeOfDates>
                                <beginDate>
                                    <calendarDate>                2017-09-07
</calendarDate>
                                </beginDate>
                                <endDate>
                                    <calendarDate>                2017-09-14
</calendarDate>
                                </endDate>
                            </rangeOfDates>
                    </temporalCoverage>
                        <taxonomicCoverage>
                                <generalTaxonomicCoverage>58 registros, 57 especies.</generalTaxonomicCoverage>
                                <taxonomicClassification>
                                        <taxonRankName>Species</taxonRankName>
                                    <taxonRankValue>Abudefduf saxatilis</taxonRankValue>
                                </taxonomicClassification>
                                <taxonomicClassification>
                                        <taxonRankName>Species</taxonRankName>
                                    <taxonRankValue>Acanthurus chirurgus</taxonRankValue>
                                </taxonomicClassification>
                                <taxonomicClassification>
                                        <taxonRankName>Species</taxonRankName>
                                    <taxonRankValue>Acanthurus coeruleus</taxonRankValue>
                                </taxonomicClassification>
                                <taxonomicClassification>
                                        <taxonRankName>Species</taxonRankName>
                                    <taxonRankValue>Acanthurus tractus</taxonRankValue>
                                </taxonomicClassification>
                                <taxonomicClassification>
                                        <taxonRankName>Species</taxonRankName>
                                    <taxonRankValue>Aulostomus maculatus</taxonRankValue>
                                </taxonomicClassification>
                                <taxonomicClassification>
                                        <taxonRankName>Species</taxonRankName>
                                    <taxonRankValue>Balistes vetula</taxonRankValue>
                                </taxonomicClassification>
                                <taxonomicClassification>
                                        <taxonRankName>Species</taxonRankName>
                                    <taxonRankValue>Bodianus rufus</taxonRankValue>
                                </taxonomicClassification>
                                <taxonomicClassification>
                                        <taxonRankName>Species</taxonRankName>
                                    <taxonRankValue>Canthidermis sufflamen</taxonRankValue>
                                </taxonomicClassification>
                                <taxonomicClassification>
                                        <taxonRankName>Species</taxonRankName>
                                    <taxonRankValue>Canthigaster rostrata</taxonRankValue>
                                </taxonomicClassification>
                                <taxonomicClassification>
                                        <taxonRankName>Species</taxonRankName>
                                    <taxonRankValue>Carangoides bartholomaei</taxonRankValue>
                                </taxonomicClassification>
                                <taxonomicClassification>
                                        <taxonRankName>Species</taxonRankName>
                                    <taxonRankValue>Caranx ruber</taxonRankValue>
                                </taxonomicClassification>
                                <taxonomicClassification>
                                        <taxonRankName>Species</taxonRankName>
                                    <taxonRankValue>Carcharhinus limbatus</taxonRankValue>
                                </taxonomicClassification>
                                <taxonomicClassification>
                                        <taxonRankName>Species</taxonRankName>
                                    <taxonRankValue>Chromis cyanea</taxonRankValue>
                                </taxonomicClassification>
                                <taxonomicClassification>
                                        <taxonRankName>Species</taxonRankName>
                                    <taxonRankValue>Chromis multilineata</taxonRankValue>
                                </taxonomicClassification>
                                <taxonomicClassification>
                                        <taxonRankName>Species</taxonRankName>
                                    <taxonRankValue>Cryptotomus roseus</taxonRankValue>
                                </taxonomicClassification>
                                <taxonomicClassification>
                                        <taxonRankName>Species</taxonRankName>
                                    <taxonRankValue>Dasyatis americana</taxonRankValue>
                                </taxonomicClassification>
                                <taxonomicClassification>
                                        <taxonRankName>Species</taxonRankName>
                                    <taxonRankValue>Diodon holocanthus</taxonRankValue>
                                </taxonomicClassification>
                                <taxonomicClassification>
                                        <taxonRankName>Species</taxonRankName>
                                    <taxonRankValue>Cephalopholis cruentata</taxonRankValue>
                                </taxonomicClassification>
                                <taxonomicClassification>
                                        <taxonRankName>Species</taxonRankName>
                                    <taxonRankValue>Cephalopholis fulva</taxonRankValue>
                                </taxonomicClassification>
                                <taxonomicClassification>
                                        <taxonRankName>Species</taxonRankName>
                                    <taxonRankValue>Galeocerdo cuvier</taxonRankValue>
                                </taxonomicClassification>
                                <taxonomicClassification>
                                        <taxonRankName>Species</taxonRankName>
                                    <taxonRankValue>Ginglymostoma cirratum</taxonRankValue>
                                </taxonomicClassification>
                                <taxonomicClassification>
                                        <taxonRankName>Species</taxonRankName>
                                    <taxonRankValue>Gobiesox punctulatus</taxonRankValue>
                                </taxonomicClassification>
                                <taxonomicClassification>
                                        <taxonRankName>Species</taxonRankName>
                                    <taxonRankValue>Haemulon album</taxonRankValue>
                                </taxonomicClassification>
                                <taxonomicClassification>
                                        <taxonRankName>Species</taxonRankName>
                                    <taxonRankValue>Haemulon flavolineatum</taxonRankValue>
                                </taxonomicClassification>
                                <taxonomicClassification>
                                        <taxonRankName>Species</taxonRankName>
                                    <taxonRankValue>Halichoeres bivittatus</taxonRankValue>
                                </taxonomicClassification>
                                <taxonomicClassification>
                                        <taxonRankName>Species</taxonRankName>
                                    <taxonRankValue>Halichoeres garnoti</taxonRankValue>
                                </taxonomicClassification>
                                <taxonomicClassification>
                                        <taxonRankName>Species</taxonRankName>
                                    <taxonRankValue>Halichoeres maculipinna</taxonRankValue>
                                </taxonomicClassification>
                                <taxonomicClassification>
                                        <taxonRankName>Species</taxonRankName>
                                    <taxonRankValue>Holacanthus ciliaris</taxonRankValue>
                                </taxonomicClassification>
                                <taxonomicClassification>
                                        <taxonRankName>Species</taxonRankName>
                                    <taxonRankValue>Holacanthus tricolor</taxonRankValue>
                                </taxonomicClassification>
                                <taxonomicClassification>
                                        <taxonRankName>Species</taxonRankName>
                                    <taxonRankValue>Holocentrus adscensionis</taxonRankValue>
                                </taxonomicClassification>
                                <taxonomicClassification>
                                        <taxonRankName>Species</taxonRankName>
                                    <taxonRankValue>Lutjanus apodus</taxonRankValue>
                                </taxonomicClassification>
                                <taxonomicClassification>
                                        <taxonRankName>Species</taxonRankName>
                                    <taxonRankValue>Malacanthus plumieri</taxonRankValue>
                                </taxonomicClassification>
                                <taxonomicClassification>
                                        <taxonRankName>Species</taxonRankName>
                                    <taxonRankValue>Melichthys niger</taxonRankValue>
                                </taxonomicClassification>
                                <taxonomicClassification>
                                        <taxonRankName>Species</taxonRankName>
                                    <taxonRankValue>Microspathodon chrysurus</taxonRankValue>
                                </taxonomicClassification>
                                <taxonomicClassification>
                                        <taxonRankName>Species</taxonRankName>
                                    <taxonRankValue>Mulloidichthys martinicus</taxonRankValue>
                                </taxonomicClassification>
                                <taxonomicClassification>
                                        <taxonRankName>Species</taxonRankName>
                                    <taxonRankValue>Ocyurus chrysurus</taxonRankValue>
                                </taxonomicClassification>
                                <taxonomicClassification>
                                        <taxonRankName>Species</taxonRankName>
                                    <taxonRankValue>Pomacanthus paru</taxonRankValue>
                                </taxonomicClassification>
                                <taxonomicClassification>
                                        <taxonRankName>Species</taxonRankName>
                                    <taxonRankValue>Heteropriacanthus cruentatus</taxonRankValue>
                                </taxonomicClassification>
                                <taxonomicClassification>
                                        <taxonRankName>Species</taxonRankName>
                                    <taxonRankValue>Scarus coelestinus</taxonRankValue>
                                </taxonomicClassification>
                                <taxonomicClassification>
                                        <taxonRankName>Species</taxonRankName>
                                    <taxonRankValue>Scarus croicensis</taxonRankValue>
                                </taxonomicClassification>
                                <taxonomicClassification>
                                        <taxonRankName>Species</taxonRankName>
                                    <taxonRankValue>Scarus taeniopterus</taxonRankValue>
                                </taxonomicClassification>
                                <taxonomicClassification>
                                        <taxonRankName>Species</taxonRankName>
                                    <taxonRankValue>Sparisoma atomarium</taxonRankValue>
                                </taxonomicClassification>
                                <taxonomicClassification>
                                        <taxonRankName>Species</taxonRankName>
                                    <taxonRankValue>Sparisoma aurofrenatum</taxonRankValue>
                                </taxonomicClassification>
                                <taxonomicClassification>
                                        <taxonRankName>Species</taxonRankName>
                                    <taxonRankValue>Sparisoma radians</taxonRankValue>
                                </taxonomicClassification>
                                <taxonomicClassification>
                                        <taxonRankName>Species</taxonRankName>
                                    <taxonRankValue>Sparisoma rubripinne</taxonRankValue>
                                </taxonomicClassification>
                                <taxonomicClassification>
                                        <taxonRankName>Species</taxonRankName>
                                    <taxonRankValue>Sparisoma viride</taxonRankValue>
                                </taxonomicClassification>
                                <taxonomicClassification>
                                        <taxonRankName>Species</taxonRankName>
                                    <taxonRankValue>Sphyraena barracuda</taxonRankValue>
                                </taxonomicClassification>
                                <taxonomicClassification>
                                        <taxonRankName>Species</taxonRankName>
                                    <taxonRankValue>Stegastes diencaeus</taxonRankValue>
                                </taxonomicClassification>
                                <taxonomicClassification>
                                        <taxonRankName>Species</taxonRankName>
                                    <taxonRankValue>Stegastes fuscus</taxonRankValue>
                                </taxonomicClassification>
                                <taxonomicClassification>
                                        <taxonRankName>Species</taxonRankName>
                                    <taxonRankValue>Stegastes leucostictus</taxonRankValue>
                                </taxonomicClassification>
                                <taxonomicClassification>
                                        <taxonRankName>Species</taxonRankName>
                                    <taxonRankValue>Stegastes planifrons</taxonRankValue>
                                </taxonomicClassification>
                                <taxonomicClassification>
                                        <taxonRankName>Species</taxonRankName>
                                    <taxonRankValue>Stegastes variabilis</taxonRankValue>
                                </taxonomicClassification>
                                <taxonomicClassification>
                                        <taxonRankName>Species</taxonRankName>
                                    <taxonRankValue>Thalassoma bifasciatum</taxonRankValue>
                                </taxonomicClassification>
                                <taxonomicClassification>
                                        <taxonRankName>Species</taxonRankName>
                                    <taxonRankValue>Xyrichtys martinicensis</taxonRankValue>
                                </taxonomicClassification>
                                <taxonomicClassification>
                                        <taxonRankName>Species</taxonRankName>
                                    <taxonRankValue>Xyrichtys splendens</taxonRankValue>
                                </taxonomicClassification>
                                <taxonomicClassification>
                                        <taxonRankName>Species</taxonRankName>
                                    <taxonRankValue>Chelonia mydas</taxonRankValue>
                                </taxonomicClassification>
                                <taxonomicClassification>
                                        <taxonRankName>Species</taxonRankName>
                                    <taxonRankValue>Tursiops truncatus</taxonRankValue>
                                </taxonomicClassification>
                        </taxonomicCoverage>
            </coverage>
            <purpose>
                <para>Determinar la importancia de los arrecifes de coral para el servicio ecosistémico de refugio y hábitat de biodiversidad.</para>
            </purpose>
            <maintenance>
                <description>
                    <para></para>
                </description>
                <maintenanceUpdateFrequency>notPlanned</maintenanceUpdateFrequency>
            </maintenance>
            <contact>
            <individualName>
<givenName>Alexandra</givenName>                    <surName>Chadid</surName>
            </individualName>
<organizationName>Comisión Colombiana del Océano</organizationName><positionName>Teniente - Jefe Área de Asuntos Marinos y Costeros</positionName>            <address>
<deliveryPoint>Carrera 54 No. 26 - 50, Edificio DIMAR - Cuarto piso</deliveryPoint><city>Bogotá, D.C.</city><administrativeArea>Bogotá, D.C.</administrativeArea><country>COLOMBIA</country>            </address>
<phone>315 8214  114</phone><electronicMailAddress>asuntos.marinocosteros@cco.gov.co</electronicMailAddress><onlineUrl>http://www.cco.gov.co</onlineUrl>            <userId directory="https://www.linkedin.com/profile/view?id=">alexandra-chadid-87039aa9</userId>
            </contact>
            <methods>
                    <methodStep>
                        <description>
                            <para>Inicialmente se había propuesto realizar muestreos en 10 estaciones con condiciones diferentes, en este caso se logró realizar muestreos en 14 estaciones superando las expectativas de lo propuesto. Balance muy positivo y se extiende el agradecimiento a Coralina, CCO y el señor Casimiro Newball por su colaboración como piloto de la lancha “Barracuda” que nos llevó a los distintos puntos de muestreo. Adicionalmente, como parte del trabajo y cooperación interinstitucional, ser apoyó a Coralina con nuestros investigadores para el monitoreo de cerca de 8 estaciones de Caracol pala en I.C. Serranilla durante la expedición, resultados que fueron proporcionados a Coralina durante la expedición.</para>
                        </description>
                    </methodStep>
                    <sampling>
                        <studyExtent>
                            <description>
                                <para>Isla Cayo Serranilla, Reserva de la Biósfera Seaflower, Colombia.</para>
                            </description>
                        </studyExtent>
                        <samplingDescription>
                            <para>Realización de estimación de complejidad topográfica mediante el método de la cadena, realización de censos visuales en transectos de 50m x 2m y videotransectos de entre 7 a 9 minutos en recorridos de 50m</para>
                        </samplingDescription>
                    </sampling>
                    <qualityControl>
                        <description>
                            <para>Los datos colectados pasaron por un proceso de validación y depuración por medio de la implementación de herramientas para mejorar la calidad de datos como Google Refine.</para>
                        </description>
                    </qualityControl>
            </methods>

            <project id="Colombia_BIO">
                <title>VALORACIÓN DE SERVICIOS ECOSISTÉMICOS DE LOS ARRECIFES DE CORAL EN LOS ALREDEDORES DE LA ISLA CAYOS DE SERRANILLA, RESERVA DE BIOSFERA SEAFLOWER – CARIBE COLOMBIANO</title>
                    <personnel>
            <individualName>
<givenName>Julian</givenName>                    <surName>Prato Valderra,a</surName>
            </individualName>
            <role>AUTHOR</role>
                    </personnel>
                <abstract>
                    <para>El desconocimiento de la importancia que tienen los ecosistemas marinos y costeros para el bienestar y prosperidad de los colombianos es una de las causas de la falta de interés en su protección, conservación e inversión de recursos para su buen manejo, lo cual puede generar graves implicaciones en el deterioro de los mismos y pérdida de servicios ecosistémicos (Constanza, 1997; Beaumont, 2007; WWF, 2008; Prato, Reyna, 2015). Resulta preciso reforzar en la conciencia individual y masiva de los colombianos incluyendo tomadores de decisiones, la importancia que los ecosistemas marinos y costeros representan para la economía, seguridad alimentaria e incluso para la existencia del territorio nacional mismo (teniendo en cuenta fenómenos como la erosión y aspectos geopolíticos). Generar aportes que permitan hacer más visible y claro el papel crucial que ejercen los ecosistemas marinos y costeros como los arrecifes de coral para el bienestar humano, constituye una estrategia que el presente documento aborda en términos económicos y ecológicamente funcionales que resalten el vínculo entre la integridad ecosistémica y la prosperidad las presentes y futuras generaciones de colombianos. Esta propuesta busca además resaltar la importancia de la conectividad ecológica y funcional entre los ecosistemas marinos y costeros para su integridad y capacidad de generar servicios ecosistémicos. A parte del gran respeto y admiración científica y personal por la reserva de Biósfera Seaflower, el investigador ha realizado trabajos de campo para evaluación de las dinámicas de afloramientos de cianobacterias marinas bentónicas arrecifales en San Andrés y  Providencia y aproximaciones al valor económico de los ecosistemas marinos y costeros de Seaflower (Prato, Newball, 2016) y de un mapa temático de la reserva, enfocados a aportar al reconocimiento de su importancia para el país y la humanidad.</para>
                </abstract>
                <funding>
                    <para>Colombia BIO. Convenio especial de cooperación No. 341 del 2017. Aunar esfuerzos para caracterizar la biodiversidad en áreas de interés científicO y con baja información biológica, para el fortalecimiento de las colecciones científicas y la generación de información genética de la biodiversidad Colombiana, en el marco del programa Colombia BIO.
Universidad Nacional de Colombia - Sede Caribe y Armada Nacional de Colombia y Comisión Colombiana del Oceano</para>
                </funding>
                    <studyAreaDescription>
                        <descriptor name="generic" citableClassificationSystem="false">
                            <descriptorValue>Isla Cayos Serranilla</descriptorValue>
                        </descriptor>
                    </studyAreaDescription>
                    <designDescription>
                        <description>
                            <para>Identificación de servicios ecosistémicos en campo mediante criterios de expertos y metodologías de valoración contingente. Medición de la energía de las olas en el interior y exterior (parte expuesta) de los arrecifes de coral en Isla Cayos de Serranilla. Revisión de la presencia y condiciones generales de arrecifes de coral y otros ecosistemas como pastos marinos y fondos blandos en la zona de estudio, análisis de información secundaria para identificar posibles relaciones de conectividad funcional y ecológica entre los ecosistemas. Análisis econométricos (Constanza, 1997; Beaumont, 2007; Prato, Reyna, 2015) para traducir de manera preliminar en términos  económicos la importancia de los servicios ecosistémicos de arrecifes de coral en IC. Serranilla, teniendo en cuenta la posible conectividad con otros ecosistemas. Interactuar y generar alianzas con otros investigadores para el análisis articulado de información generada en la expedición para fortalecer el entendimiento de los servicios ecosistémicos de los arrecifes coralinos en IC. Serranilla. Generar comunicados y/o reuniones con representantes de instituciones locales y nacionales para transmitir el mensaje sobre la importancia de estos ecosistemas para el bienestar de la población y para el país mismo.</para>
                        </description>
                    </designDescription>
            </project>
    </dataset>

    <additionalMetadata>
        <metadata>
            <gbif>
                <dateStamp>2024-07-11T14:26:30Z</dateStamp>
                <citation identifier="http://doi.org/10.15472/glepal">Universidad Nacional de Colombia - Sede Caribe (2017). Comunidad íctica de la Isla Cayo Serranilla durante la Expedición Seaflower 2017 Proyecto VALORACIÓN DE SERVICIOS ECOSISTÉMICOS DE LOS ARRECIFES DE CORAL EN LOS ALREDEDORES DE LA ISLA CAYOS DE SERRANILLA - Proyecto Colombia BIO. Versión 1.0. 58 registros, aportados por: Santos A, Gavio B, Patro J, Abril O, Posada V. Conjunto de datos/Registros biológicos. https://doi.org/10.15472/glepal accessed via GBIF.org on 2024-06-17. accessed via GBIF.org on 2024-06-17. accessed via GBIF.org on 2024-07-11.</citation>
                    <resourceLogoUrl>https://statics.sibcolombia.net/sib-resources/images/logos-socios/500px/unal.jpg</resourceLogoUrl>
            </gbif>
        </metadata>
    </additionalMetadata>

</eml:eml>
