<?xml version="1.0" encoding="utf-8"?>
<eml:eml xmlns:eml="eml://ecoinformatics.org/eml-2.1.1" xmlns:xsi="http://www.w3.org/2001/XMLSchema-instance"
         xsi:schemaLocation="eml://ecoinformatics.org/eml-2.1.1 http://rs.gbif.org/schema/eml-gbif-profile/1.2/eml.xsd"
packageId="ab737ce0-2dab-427d-8806-f4654de1ec50"  system="http://gbif.org" scope="system"
xml:lang="es">

    <dataset>
            <alternateIdentifier>10.15472/yfao1z</alternateIdentifier>
                <alternateIdentifier>ab737ce0-2dab-427d-8806-f4654de1ec50</alternateIdentifier>
                <alternateIdentifier>https://ipt.biodiversidad.co/sibm/resource?r=biogeografia_islas-seaflower</alternateIdentifier>
        <title>Biodiversidad íctica en corales de Providencia durante la Expedición Seaflower 2019 - Proyecto Colombia BIO</title>
            <creator>
            <individualName>
<givenName>José Julián</givenName>                    <surName>Tavera</surName>
            </individualName>
<organizationName>Universidad del Valle</organizationName><positionName>investigador</positionName>            <address>
<deliveryPoint>Calle 13 # 100-00</deliveryPoint><city>Cali</city><administrativeArea>Valle del Cauca</administrativeArea><country>COLOMBIA</country>            </address>
<electronicMailAddress>jose.tavera@correounivalle.edu.co</electronicMailAddress>            </creator>
            <creator>
            <individualName>
<givenName>Arturo</givenName>                    <surName>Acero Pizarro</surName>
            </individualName>
<organizationName>Universidad Nacional de Colombia</organizationName><positionName>Profesor asociado/Investigador</positionName>            <address>
<deliveryPoint>Carrera 45 # 26-85</deliveryPoint><city>Bogotá, D.C.</city><administrativeArea>Bogotá, D.C.</administrativeArea><country>COLOMBIA</country>            </address>
<electronicMailAddress>aacerop@unal.edu.co</electronicMailAddress>            </creator>
            <creator>
            <individualName>
<givenName>Nacor</givenName>                    <surName>Bolaños</surName>
            </individualName>
<organizationName>Corporación para el Desarrollo Sostenible del Departamento Archipiélago de San Andrés Providencia y Santa Catalina - CORALINA</organizationName><positionName>Investigador</positionName>            <address>
<deliveryPoint>Via San Luis, Bigth, Km 26</deliveryPoint><city>San Andrés</city><administrativeArea>Archipiélago de San Andrés, Providencia y Santa Catalina</administrativeArea><country>COLOMBIA</country>            </address>
<electronicMailAddress>areas.protegidas@coralina.gov.co</electronicMailAddress>            </creator>
            <creator>
            <individualName>
<givenName>Diego</givenName>                    <surName>Cardeñosa</surName>
            </individualName>
<organizationName>Fundación Colombia Azul</organizationName><positionName>Investigador</positionName>            <address>
<deliveryPoint>Carrera 11a #114-64</deliveryPoint><city>Bogotá, D.C.</city><administrativeArea>Bogotá, D.C.</administrativeArea><country>COLOMBIA</country>            </address>
<electronicMailAddress>diego.cardeosa@stonybrook.edu</electronicMailAddress>            </creator>
            <metadataProvider>
            <individualName>
<givenName>José Julián</givenName>                    <surName>Tavera</surName>
            </individualName>
<organizationName>Universidad del Valle</organizationName><positionName>investigador</positionName>            <address>
<deliveryPoint>Calle 13 # 100-00</deliveryPoint><city>Cali</city><administrativeArea>Valle del Cauca</administrativeArea><country>COLOMBIA</country>            </address>
<electronicMailAddress>jose.tavera@correounivalle.edu.co</electronicMailAddress>            </metadataProvider>
            <metadataProvider>
            <individualName>
<givenName>Lina Paola</givenName>                    <surName>Ochoa Sanabria</surName>
            </individualName>
<organizationName>Universidad Nacional de Colombia</organizationName><positionName>Contratista</positionName>            <address>
<deliveryPoint>Carrera 45 # 26-85</deliveryPoint><city>Bogotá, D.C.</city><administrativeArea>Bogotá, D.C.</administrativeArea><country>COLOMBIA</country>            </address>
<electronicMailAddress>lpochoas@unal.edu.co</electronicMailAddress>            </metadataProvider>
            <associatedParty>
            <individualName>
                    <surName>Universidad Nacional de Colombia</surName>
            </individualName>
<organizationName>Universidad Nacional de Colombia</organizationName><positionName>Universidad</positionName>            <address>
<deliveryPoint>Carrera 45 # 26-85</deliveryPoint><city>Bogotá, D.C.</city><administrativeArea>Bogotá, D.C.</administrativeArea><country>COLOMBIA</country>            </address>
<phone>(+57 1) 316 5000</phone><onlineUrl>https://unal.edu.co/</onlineUrl>            <role>AUTHOR</role>
            </associatedParty>
            <associatedParty>
            <individualName>
                    <surName>Corporación para el Desarrollo Sostenible del Archipiélago de San Andrés, Providencia y Santa Catalina - CORALINA</surName>
            </individualName>
<organizationName>Corporación para el Desarrollo Sostenible del Archipiélago de San Andrés, Providencia y Santa Catalina - CORALINA</organizationName><positionName>Corporación ambiental</positionName>            <address>
<deliveryPoint>Vía San Luis, Bigth, Km 26</deliveryPoint><city>San Andrés</city><administrativeArea>Archipiélago de San Andrés, Providencia y Santa Catalina</administrativeArea><country>COLOMBIA</country>            </address>
<phone>+578 5131130</phone><onlineUrl>http://www.coralina.gov.co/</onlineUrl>            <role>AUTHOR</role>
            </associatedParty>
            <associatedParty>
            <individualName>
                    <surName>Fundación Colombia Azul</surName>
            </individualName>
<organizationName>Fundación Colombia Azul</organizationName><positionName>Fundación</positionName>            <address>
<deliveryPoint>Carrera 11a #114-64</deliveryPoint><city>Bogotá, D.C.</city><administrativeArea>Bogotá, D.C.</administrativeArea><country>COLOMBIA</country>            </address>
<phone>+57 3106963328</phone><electronicMailAddress>fundacioncolombiaazul@gmail.com</electronicMailAddress><onlineUrl>https://www.colombiaazul.com/</onlineUrl>            <role>AUTHOR</role>
            </associatedParty>
            <pubDate>
                2021-07-15
            </pubDate>
        <language>SPANISH</language>
            <abstract>
                    <para>En el marco de las expediciones científicas a la Reserva Seaflower, en el año 2019 se realizaron salidas de campo dirigidas los arrecifes coralinos ubicados a 1.6 kilometros de la ilsa Providencia. Este registro contiene un total de 246 nombres científicos de peces, pertenecientes a 236 especies, 9 géneros y 1 subespecie.</para>
            </abstract>
                <keywordSet>
                        <keyword>Arrecifes</keyword>
                        <keyword>Expedición Seaflower</keyword>
                        <keyword>Providencia</keyword>
                        <keyword>Ictiofauna</keyword>
                        <keywordThesaurus>na</keywordThesaurus>
                </keywordSet>
                <keywordSet>
                        <keyword>SEAFLOWER</keyword>
                        <keyword>SIB_MARINO</keyword>
                        <keywordThesaurus>SiB Colombia</keywordThesaurus>
                </keywordSet>
                <keywordSet>
                        <keyword>Occurrence</keyword>
                        <keywordThesaurus>GBIF Dataset Type Vocabulary: http://rs.gbif.org/vocabulary/gbif/dataset_type.xml</keywordThesaurus>
                </keywordSet>
                <keywordSet>
                        <keyword>Observation</keyword>
                        <keywordThesaurus>GBIF Dataset Subtype Vocabulary: http://rs.gbif.org/vocabulary/gbif/dataset_subtype.xml</keywordThesaurus>
                </keywordSet>
            <intellectualRights>
                    <para>This work is licensed under a <ulink url="http://creativecommons.org/licenses/by-nc/4.0/legalcode"><citetitle>Creative Commons Attribution Non Commercial (CC-BY-NC) 4.0 License</citetitle></ulink>.</para>
            </intellectualRights>
            <coverage>
                    <geographicCoverage>
                            <geographicDescription>Arrecifes de coral cercanos a la isla de Providencia.</geographicDescription>
                            <boundingCoordinates>
                                <westBoundingCoordinate>-81.405</westBoundingCoordinate>
                                <eastBoundingCoordinate>-81.405</eastBoundingCoordinate>
                                <northBoundingCoordinate>13.363</northBoundingCoordinate>
                                <southBoundingCoordinate>13.363</southBoundingCoordinate>
                            </boundingCoordinates>
                    </geographicCoverage>
                    <temporalCoverage>
                            <rangeOfDates>
                                <beginDate>
                                    <calendarDate>                2019-09-22
</calendarDate>
                                </beginDate>
                                <endDate>
                                    <calendarDate>                2019-10-01
</calendarDate>
                                </endDate>
                            </rangeOfDates>
                    </temporalCoverage>
                        <taxonomicCoverage>
                                <generalTaxonomicCoverage>Este recurso contiene la información de 246 peces, de las clases Actinopterygii (238) y Elasmobranchii (8). Pertenecen a 36 ordenes, 64 familias, 130 géneros y 236 especies. Un 96% de los registros esta determinado a especie, 3% a género y 1% a subespecie.</generalTaxonomicCoverage>
                                <taxonomicClassification>
                                        <taxonRankName>Class</taxonRankName>
                                    <taxonRankValue>Actinopterygii</taxonRankValue>
                                </taxonomicClassification>
                                <taxonomicClassification>
                                        <taxonRankName>Class</taxonRankName>
                                    <taxonRankValue>Elasmobranchii</taxonRankValue>
                                </taxonomicClassification>
                        </taxonomicCoverage>
            </coverage>
            <maintenance>
                <description>
                    <para></para>
                </description>
                <maintenanceUpdateFrequency>unkown</maintenanceUpdateFrequency>
            </maintenance>
            <contact>
            <individualName>
<givenName>José Julián</givenName>                    <surName>Tavera</surName>
            </individualName>
<organizationName>Universidad del Valle</organizationName><positionName>investigador</positionName>            <address>
<deliveryPoint>Calle 13 # 100-00</deliveryPoint><city>Cali</city><administrativeArea>Valle del Cauca</administrativeArea><country>COLOMBIA</country>            </address>
<electronicMailAddress>jose.tavera@correounivalle.edu.co</electronicMailAddress>            </contact>
            <methods>
                    <methodStep>
                        <description>
                            <para>Se realizó un censo visual de peces por medio de trayectos de buceo errante a profundidades entre 1.5 y 23 metros. Posteriormente se realizó la identificación mediante taxonómicas mediante claves taxonómicas.</para>
                        </description>
                    </methodStep>
                    <sampling>
                        <studyExtent>
                            <description>
                                <para>Las islas de Providencia y Santa Catalina se encuentran localizadas en la zona central de la Reserva de Biosfera Seaflower. En las islas confluyen diferentes ecosistemas estratégicos que albergan una gran biodiversidad.</para>
                            </description>
                        </studyExtent>
                        <samplingDescription>
                            <para>Se realizó un censo visual de peces en un arrecife de coral ubicado a 1.6 kilometros al oeste de la isla de Providencia.</para>
                        </samplingDescription>
                    </sampling>
            </methods>

    </dataset>

    <additionalMetadata>
        <metadata>
            <gbif>
                <dateStamp>2024-07-11T14:26:37Z</dateStamp>
                <citation identifier="https://doi.org/10.15472/yfao1z">Tavera J J, Acero Pizarro A, Bolaños N, Cardeñosa D, Ochoa Sanabria L P (2021). Biodiversidad íctica en corales de Providencia durante la Expedición Seaflower 2019 - Proyecto Colombia BIO. Version 1.1. Universidad del Valle. Occurrence dataset https://doi.org/10.15472/yfao1z accessed via GBIF.org on 2024-07-11.</citation>
                    <resourceLogoUrl>https://statics.sibcolombia.net/sib-resources/images/logos-socios/500px/univalle.jpg</resourceLogoUrl>
            </gbif>
        </metadata>
    </additionalMetadata>

</eml:eml>
