<?xml version="1.0" encoding="utf-8"?>
<eml:eml xmlns:eml="eml://ecoinformatics.org/eml-2.1.1" xmlns:xsi="http://www.w3.org/2001/XMLSchema-instance"
         xsi:schemaLocation="eml://ecoinformatics.org/eml-2.1.1 http://rs.gbif.org/schema/eml-gbif-profile/1.2/eml.xsd"
packageId="b3b7d5c4-f73a-475b-a203-c6a1ddd040cd"  system="http://gbif.org" scope="system"
xml:lang="en">

    <dataset>
            <alternateIdentifier>10.15468/heuugg</alternateIdentifier>
                <alternateIdentifier>b3b7d5c4-f73a-475b-a203-c6a1ddd040cd</alternateIdentifier>
                <alternateIdentifier>https://www1.usgs.gov/obis-usa/ipt/resource?r=prcrmp_database</alternateIdentifier>
        <title>Puerto Rico Long-Term Coral Reef Monitoring Program Database Compilation</title>
            <creator>
            <individualName>
<givenName>Miguel G.</givenName>                    <surName>Figuerola Hernández</surName>
            </individualName>
<organizationName>Caribbean Coastal Ocean Observing System (CARICOOS) / Puerto Rico Coral Reef Monitoring Program and Outreach Coordinator, PR DNER</organizationName><positionName>Technical Support Staff</positionName><electronicMailAddress>mfiguerolahernandez@gmail.com</electronicMailAddress>            </creator>
            <creator>
            <individualName>
<givenName>José</givenName>                    <surName>Santiago</surName>
            </individualName>
<organizationName>Caribbean Coastal Ocean Observing System (CARICOOS)</organizationName><positionName>Technical Support Staff</positionName><electronicMailAddress>jose.santiago90@upr.edu</electronicMailAddress>            </creator>
            <metadataProvider>
            <individualName>
<givenName>Miguel G.</givenName>                    <surName>Figuerola Hernández</surName>
            </individualName>
<organizationName>Caribbean Coastal Ocean Observing System (CARICOOS) / Puerto Rico Department of Natural and Environmental Resources (PR DNER)</organizationName><positionName>Technical Support Staff / Puerto Rico Coral Reef Monitoring Program and Outreach Coordinator,</positionName><electronicMailAddress>mfiguerolahernandez@gmail.com</electronicMailAddress>            </metadataProvider>
            <associatedParty>
            <individualName>
<givenName>Abby</givenName>                    <surName>Benson</surName>
            </individualName>
<organizationName>U.S. Geological Survey</organizationName><positionName>Biologist</positionName><electronicMailAddress>albenson@usgs.gov</electronicMailAddress>            <userId directory="http://orcid.org/">0000-0002-4391-107X</userId>
            <role>PUBLISHER</role>
            </associatedParty>
            <pubDate>
                2022-02-13
            </pubDate>
        <language>ENGLISH</language>
            <abstract>
                    <para>The Puerto Rico Long-Term Coral Reef Monitoring Program (PRCRMP) database compilation includes raw biological data (by transect) from reef locations around the Puerto Rican archipelago. Substrate cover by sessile-benthic categories and fish, and motile megabenthic invertebrate taxonomic composition and densities have been characterized in these stations, with variable sampling event frequencies between 1999 to 2021. At present, 42 permanent stations are surveyed biannually (21 per year). For the benthic characterization, a set of five 10-meter-long permanent transects are surveyed at each station. Sessile-benthic reef communities are characterized by the continuous intercept chain-link method, following the Caribbean Coastal Marine Productivity (CARICOMP) (1994) protocol. Demersal diurnal non-cryptic reef fish populations and motile megabenthic invertebrates are surveyed by sets of five 10 x 3 meters wide (30 m2) belt-transects centered along the reference line of transects used for sessile-benthic characterizations at each reef station. From 2004-2013, a diver completed an Active Search Census (ASEC) survey for 30 minutes annotating sizes and abundances of fish and macroinvertebrate species of interest. From 2015, the ASEC survey methodology was replaced by 20 x 3 meters (60 m2) band transects to identify commercially and ecologically important fish and megabenthic invertebrate species. Upon completion of the 10 meters belt-transect survey, the diver swims along the same depth and physiographic reef zone for an extra 10 meters to complete the 60 m2 transect. For each fish individual within the ASEC survey (2004-2013) and 60m2 band transects (2015-2021), a visual fork length (FL) estimate in centimeters is recorded. Fish length estimations are provided by the median of 5cm interval size classes. The cephalothorax length (measurement from the tip of the rostrum to end of the thorax), also known as carapace length (CL) in centimeters is used to report the size of lobsters (Panulirus spp., Scyllarides spp.) within belt-transects. Queen conch (Lobatus gigas) length is reported as the total (diagonal) shell length in centimeters. With the length-weight relationship information available in FishBase.org, biomass estimates are calculated for a subset of commercially and ecologically important fish species. The PRCRMP database was made possible with support from the National Oceanic and Atmospheric Administrations Coral Reef Conservation Program.</para>
            </abstract>
                <keywordSet>
                        <keyword>Samplingevent</keyword>
                        <keywordThesaurus>GBIF Dataset Type Vocabulary: http://rs.gbif.org/vocabulary/gbif/dataset_type.xml</keywordThesaurus>
                </keywordSet>
                <keywordSet>
                        <keyword>Samplingevent</keyword>
                        <keywordThesaurus>GBIF Dataset Type Vocabulary: http://rs.gbif.org/vocabulary/gbif/dataset_type_2015-07-10.xml</keywordThesaurus>
                </keywordSet>
            <additionalInfo>
                <para>marine, harvested by OBIS</para>
            </additionalInfo>
            <intellectualRights>
                    <para>To the extent possible under law, the publisher has waived all rights to these data and has dedicated them to the <ulink url="http://creativecommons.org/publicdomain/zero/1.0/legalcode"><citetitle>Public Domain (CC0 1.0)</citetitle></ulink>. Users may copy, modify, distribute and use the work, including for commercial purposes, without restriction.</para>
            </intellectualRights>
            <distribution scope="document">
                <online>
                    <url function="information">https://www.sciencebase.gov/catalog/item/5e851302e4b01d50927cc6b4</url>
                </online>
            </distribution>
            <coverage>
                    <geographicCoverage>
                            <geographicDescription>This dataset covers the archipelago of Puerto Rico located in the northeastern Caribbean Sea, Western North Atlantic Ocean. The Puerto Rican archipelago includes east to west: Culebra-Vieques islands, the main island of Puerto Rico, Caja de Muertos (south coast of Puerto Rico), and Desecheo-Mona islands.</geographicDescription>
                            <boundingCoordinates>
                                <westBoundingCoordinate>-67.949</westBoundingCoordinate>
                                <eastBoundingCoordinate>-65.197</eastBoundingCoordinate>
                                <northBoundingCoordinate>18.49</northBoundingCoordinate>
                                <southBoundingCoordinate>17.884</southBoundingCoordinate>
                            </boundingCoordinates>
                    </geographicCoverage>
            </coverage>
            <maintenance>
                <description>
                    <para></para>
                </description>
                <maintenanceUpdateFrequency>unkown</maintenanceUpdateFrequency>
            </maintenance>
            <contact>
            <individualName>
<givenName>Ernesto</givenName>                    <surName>Díaz</surName>
            </individualName>
<organizationName>Puerto Rico Department of Natural and Environmental Resources (PR DNER)</organizationName><positionName>Director of the Office for Coastal Management and Climate Change</positionName>            </contact>
            <contact>
            <individualName>
<givenName>Jorge</givenName>                    <surName>Capella</surName>
            </individualName>
<organizationName>Caribbean Coastal Ocean Observing System (CARICOOS)</organizationName><positionName>Data Management and Communications Coordinator</positionName><electronicMailAddress>jorge.capella@upr.edu</electronicMailAddress>            </contact>
            <contact>
            <individualName>
<givenName>Julio</givenName>                    <surName>Morell</surName>
            </individualName>
<organizationName>Caribbean Coastal Ocean Observing System (CARICOOS)</organizationName><positionName>Executive Director</positionName><electronicMailAddress>julio.morell@upr.edu</electronicMailAddress>            </contact>

    </dataset>

    <additionalMetadata>
        <metadata>
            <gbif>
                <dateStamp>2024-07-11T14:26:39Z</dateStamp>
                <citation>Department of Natural and Environmental Resources of Puerto Rico (2019) Puerto Rico Long-Term Coral Reef Monitoring Program Database Compilation (1999-2019). [indicate subset used]. Ocean Biogeographic Information System. Dataset. https://obis.org/dataset/52f99f08-fc90-4684-aea8-a015150968ea https://doi.org/10.15468/heuugg accessed via GBIF.org on 2024-07-11.</citation>
            </gbif>
        </metadata>
    </additionalMetadata>

</eml:eml>
