<?xml version="1.0" encoding="utf-8"?>
<eml:eml xmlns:eml="eml://ecoinformatics.org/eml-2.1.1" xmlns:xsi="http://www.w3.org/2001/XMLSchema-instance"
         xsi:schemaLocation="eml://ecoinformatics.org/eml-2.1.1 http://rs.gbif.org/schema/eml-gbif-profile/1.2/eml.xsd"
packageId="c3a5002d-06bf-47dc-8477-b75d5a848026"  system="http://gbif.org" scope="system"
xml:lang="es">

    <dataset>
            <alternateIdentifier>10.15472/jjwt7x</alternateIdentifier>
                <alternateIdentifier>c3a5002d-06bf-47dc-8477-b75d5a848026</alternateIdentifier>
                <alternateIdentifier>https://ipt.biodiversidad.co/sibm/resource?r=invemar_pitac_peces</alternateIdentifier>
        <title>Datos de monitoreo asociados al indicador de condición tendencias para peces arrecifales - ICTac</title>
            <creator>
            <individualName>
<givenName>Raúl</givenName>                    <surName>Navas-Camacho</surName>
            </individualName>
            <address>
<country>COLOMBIA</country>            </address>
            </creator>
            <creator>
            <individualName>
<givenName>Andrés Felipe</givenName>                    <surName>Chaparro Acosta</surName>
            </individualName>
            <address>
<country>COLOMBIA</country>            </address>
            </creator>
            <creator>
            <individualName>
<givenName>Laura</givenName>                    <surName>Sánchez Valencia</surName>
            </individualName>
            <address>
<country>COLOMBIA</country>            </address>
            </creator>
            <creator>
            <individualName>
<givenName>Juan David</givenName>                    <surName>González Corredor</surName>
            </individualName>
            <address>
<country>COLOMBIA</country>            </address>
            </creator>
            <creator>
            <individualName>
<givenName>Johanna Carolina</givenName>                    <surName>Vega Sequeda</surName>
            </individualName>
            <address>
<country>COLOMBIA</country>            </address>
            </creator>
            <creator>
            <individualName>
<givenName>Christian Michael</givenName>                    <surName>Díaz</surName>
            </individualName>
            <address>
<country>COLOMBIA</country>            </address>
            </creator>
            <creator>
            <individualName>
<givenName>Elizabeth</givenName>                    <surName>Galeano</surName>
            </individualName>
            <address>
<country>COLOMBIA</country>            </address>
            </creator>
            <creator>
            <individualName>
<givenName>José Luis</givenName>                    <surName>García</surName>
            </individualName>
            <address>
<country>COLOMBIA</country>            </address>
            </creator>
            <creator>
            <individualName>
<givenName>Marcela</givenName>                    <surName>Cano</surName>
            </individualName>
            <address>
<country>COLOMBIA</country>            </address>
            </creator>
            <creator>
            <individualName>
<givenName>Violeta</givenName>                    <surName>Posada Riaño</surName>
            </individualName>
            </creator>
            <creator>
            <individualName>
<givenName>Diego Luis</givenName>                    <surName>Duque</surName>
            </individualName>
            <address>
<country>COLOMBIA</country>            </address>
            </creator>
            <creator>
            <individualName>
<givenName>Ameth</givenName>                    <surName>Vargas</surName>
            </individualName>
            <address>
<country>COLOMBIA</country>            </address>
            </creator>
            <creator>
            <individualName>
<givenName>Carlos</givenName>                    <surName>Aponte</surName>
            </individualName>
            </creator>
            <creator>
            <individualName>
<givenName>Hector</givenName>                    <surName>Chirimia</surName>
            </individualName>
            <address>
<country>COLOMBIA</country>            </address>
            </creator>
            <creator>
            <individualName>
<givenName>Luis</givenName>                    <surName>Payan</surName>
            </individualName>
            <address>
<country>COLOMBIA</country>            </address>
            </creator>
            <creator>
            <individualName>
<givenName>Alfredo</givenName>                    <surName>Abril Howard</surName>
            </individualName>
            <address>
<country>COLOMBIA</country>            </address>
            </creator>
            <creator>
            <individualName>
<givenName>Rúben</givenName>                    <surName>Azcárate</surName>
            </individualName>
            <address>
<country>COLOMBIA</country>            </address>
            </creator>
            <creator>
            <individualName>
<givenName>Juan Fernando</givenName>                    <surName>Meza Prada</surName>
            </individualName>
<organizationName>SiB Colombia</organizationName>            </creator>
            <creator>
            <individualName>
                    <surName>Parques Nacionales Naturales de Colombia</surName>
            </individualName>
<organizationName>Parques Nacionales Naturales de Colombia</organizationName><positionName>Autoridad ambiental</positionName>            <address>
<deliveryPoint>Calle 74 no 11 - 81</deliveryPoint><city>Bogotá D.C.</city><administrativeArea>Bogotá D.C.</administrativeArea><country>COLOMBIA</country>            </address>
<phone>(57 1) 3532400</phone><onlineUrl>https://www.parquesnacionales.gov.co/portal/es/</onlineUrl>            </creator>
            <creator>
            <individualName>
                    <surName>Fundación Malpelo y Otros Ecosistemas Marinos</surName>
            </individualName>
<organizationName>Fundación Malpelo y Otros Ecosistemas Marinos</organizationName>            <address>
<deliveryPoint>Carrera 11 # 87-51 / Local 4 - Piso 2 Bogotá D.C. – Colombia</deliveryPoint><city>Bogotá D.C.</city><administrativeArea>Bogotá D.C.</administrativeArea><country>COLOMBIA</country>            </address>
<phone>57 (1) 5875545</phone><onlineUrl>https://www.fundacionmalpelo.org/quienes-somos/</onlineUrl>            </creator>
            <creator>
            <individualName>
                    <surName>Universidad del Valle - Univalle</surName>
            </individualName>
<organizationName>Universidad del Valle - Univalle</organizationName>            <address>
<city>Cali</city><administrativeArea>Valle del Cauca</administrativeArea><country>COLOMBIA</country>            </address>
<onlineUrl>https://www.univalle.edu.co/</onlineUrl>            </creator>
            <metadataProvider>
            <individualName>
<givenName>Erika</givenName>                    <surName>Montoya-Cadavid</surName>
            </individualName>
<organizationName>INVEMAR</organizationName><positionName>Administradora de Contenidos SiBM</positionName>            <address>
<deliveryPoint>Calle 25 No. 2-55 Playa Salguero, Rodadero</deliveryPoint><city>Santa Marta</city><administrativeArea>Magdalena</administrativeArea><country>COLOMBIA</country>            </address>
<phone>+5 4328600 ext. 143</phone><electronicMailAddress>erika.montoya@invemar.org.co</electronicMailAddress>            </metadataProvider>
            <metadataProvider>
            <individualName>
<givenName>Juan Fernando</givenName>                    <surName>Meza Prada</surName>
            </individualName>
<organizationName>SiB Colombia</organizationName><positionName>Pasante calidad de datos marinos</positionName>            <address>
<city>Bogotá D.C.</city><administrativeArea>Bogotá D.C.</administrativeArea><country>COLOMBIA</country>            </address>
<electronicMailAddress>jufernprada@gmail.com</electronicMailAddress>            </metadataProvider>
            <associatedParty>
            <individualName>
<givenName>Cano</givenName>                    <surName>Marcela</surName>
            </individualName>
<organizationName>PNN Old Providence McBean Lagoon</organizationName>            <address>
<country>COLOMBIA</country>            </address>
            <role>PROCESSOR</role>
            </associatedParty>
            <associatedParty>
            <individualName>
<givenName>Violeta</givenName>                    <surName>Posada Riaño</surName>
            </individualName>
<organizationName>PNN Old Providence McBean Lagoon</organizationName>            <address>
<country>COLOMBIA</country>            </address>
            <role>PROCESSOR</role>
            </associatedParty>
            <associatedParty>
            <individualName>
<givenName>Diego Luis</givenName>                    <surName>Duque</surName>
            </individualName>
<organizationName>PNN Corales del Rosario y San Bernardo</organizationName>            <address>
<country>COLOMBIA</country>            </address>
            <role>PROCESSOR</role>
            </associatedParty>
            <associatedParty>
            <individualName>
<givenName>Ameth</givenName>                    <surName>Vargas</surName>
            </individualName>
<organizationName>PNN Corales del Rosario y San Bernardo</organizationName>            <address>
<country>COLOMBIA</country>            </address>
            <role>PROCESSOR</role>
            </associatedParty>
            <associatedParty>
            <individualName>
<givenName>Carlos</givenName>                    <surName>Aponte</surName>
            </individualName>
<organizationName>PNN Tayrona</organizationName>            <address>
<country>COLOMBIA</country>            </address>
            <role>PROCESSOR</role>
            </associatedParty>
            <associatedParty>
            <individualName>
<givenName>Hector</givenName>                    <surName>Chirimia</surName>
            </individualName>
<organizationName>PNN Gorgona</organizationName>            <address>
<country>COLOMBIA</country>            </address>
            <role>PROCESSOR</role>
            </associatedParty>
            <associatedParty>
            <individualName>
<givenName>Luis</givenName>                    <surName>Payan</surName>
            </individualName>
<organizationName>PNN Gorgona</organizationName>            <address>
<country>COLOMBIA</country>            </address>
            <role>PROCESSOR</role>
            </associatedParty>
            <associatedParty>
            <individualName>
<givenName>Alfredo</givenName>                    <surName>Abril Howard</surName>
            </individualName>
<organizationName>Coralina</organizationName>            <address>
<country>COLOMBIA</country>            </address>
            <role>PROCESSOR</role>
            </associatedParty>
            <associatedParty>
            <individualName>
<givenName>Rubén</givenName>                    <surName>Azcárate</surName>
            </individualName>
<organizationName>Coralina</organizationName>            <address>
<country>COLOMBIA</country>            </address>
            <role>PROCESSOR</role>
            </associatedParty>
            <associatedParty>
            <individualName>
<givenName>Julio Cesar</givenName>                    <surName>Bohórquez Naranjo</surName>
            </individualName>
<organizationName>INVEMAR</organizationName><positionName>Administrador Bases de datos</positionName>            <address>
<city>Santa Marta</city><administrativeArea>Magdalena</administrativeArea><country>COLOMBIA</country>            </address>
<electronicMailAddress>julio.bohorquez@invemar.org.co</electronicMailAddress>            <role>CUSTODIAN_STEWARD</role>
            </associatedParty>
            <associatedParty>
            <individualName>
<givenName>David Alejandro</givenName>                    <surName>Alonso Carvajal</surName>
            </individualName>
<organizationName>INVEMAR</organizationName><positionName>Coordinador del Programa de Investigación Biodiversidad y Ecosistemas Marinos</positionName>            <address>
<deliveryPoint>Calle 25 # 2-55, Playa Salguero – Rodadero Sur</deliveryPoint><city>Santa Marta</city><country>COLOMBIA</country>            </address>
<phone>+54328600 ext 249</phone><electronicMailAddress>david.alonso@invemar.org.co</electronicMailAddress>            <role>POINT_OF_CONTACT</role>
            </associatedParty>
            <associatedParty>
            <individualName>
<givenName>Diana Isabel</givenName>                    <surName>Gómez López</surName>
            </individualName>
<organizationName>INVEMAR</organizationName><positionName>Jefe de la Línea de Investigación Organización y Dinámica de Ecosistemas</positionName>            <address>
<deliveryPoint>Calle 25 # 2-55, Playa Salguero – Rodadero Sur</deliveryPoint><city>Santa Marta</city><administrativeArea>Magdalena</administrativeArea><country>COLOMBIA</country>            </address>
<phone>+54328600 ext 250</phone><electronicMailAddress>diana.gomez@invemar.org.co</electronicMailAddress>            <role>POINT_OF_CONTACT</role>
            </associatedParty>
            <pubDate>
                2022-03-08
            </pubDate>
        <language>SPANISH</language>
            <abstract>
                    <para>Los datos se derivan de la línea de investigación del ICTac: Protocolo Indicador Condición Tendencias de áreas coralinas de los ecosistemas estratégicos marino-costero en Colombia. El protocolo busca establecer indicadores para proveer información sobre la condición y los cambios de los sistemas coralinas para entender, por medio de medidas prácticas y cuantitativas, la salud, integridad y el estado de conservación de estos ecosistemas. En este conjunto de datos se reportan los peces herbívoros y carnívoros arrecifales, documentados en estaciones de monitoreo del Mar Caribe y Océano Pacífico colombiano, que corresponden a 34.437 registros biológicos obtenidos entre el año 2014 y 2021.</para>
            </abstract>
                <keywordSet>
                        <keyword>SamplingEvent</keyword>
                        <keywordThesaurus>GBIF Dataset Type Vocabulary: http://rs.gbif.org/vocabulary/gbif/dataset_type.xml</keywordThesaurus>
                </keywordSet>
                <keywordSet>
                        <keyword>Longitud estándar</keyword>
                        <keyword>Océano Pacífico</keyword>
                        <keyword>Hábito alimenticio</keyword>
                        <keyword>Mar Caribe</keyword>
                        <keyword>Peces arrecifales</keyword>
                        <keywordThesaurus>n/a</keywordThesaurus>
                </keywordSet>
                <keywordSet>
                        <keyword>SamplingEvent</keyword>
                        <keywordThesaurus>GBIF Dataset Type Vocabulary: http://rs.gbif.org/vocabulary/gbif/dataset_type_2015-07-10.xml</keywordThesaurus>
                </keywordSet>
            <intellectualRights>
                    <para>This work is licensed under a <ulink url="http://creativecommons.org/licenses/by/4.0/legalcode"><citetitle>Creative Commons Attribution (CC-BY) 4.0 License</citetitle></ulink>.</para>
            </intellectualRights>
            <coverage>
                    <geographicCoverage>
                            <geographicDescription>La zona de estudio comprende 75 estaciones de monitoreo en áreas marinas del Mar Caribe y Océano Pacífico colombianos.</geographicDescription>
                            <boundingCoordinates>
                                <westBoundingCoordinate>-81.733</westBoundingCoordinate>
                                <eastBoundingCoordinate>-71.961</eastBoundingCoordinate>
                                <northBoundingCoordinate>13.458</northBoundingCoordinate>
                                <southBoundingCoordinate>2.929</southBoundingCoordinate>
                            </boundingCoordinates>
                    </geographicCoverage>
                    <temporalCoverage>
                            <rangeOfDates>
                                <beginDate>
                                    <calendarDate>                2014-04-26
</calendarDate>
                                </beginDate>
                                <endDate>
                                    <calendarDate>                2021-05-12
</calendarDate>
                                </endDate>
                            </rangeOfDates>
                    </temporalCoverage>
                        <taxonomicCoverage>
                                <generalTaxonomicCoverage>En el conjunto de datos se compone de 34,437 registros biológicos de peces en áreas coralinas de Colombia, representados en 2 clases, 13 órdenes, 24 familias, 44 géneros y 99 especies.</generalTaxonomicCoverage>
                                <taxonomicClassification>
                                        <taxonRankName>Order</taxonRankName>
                                    <taxonRankValue>Acanthuriformes</taxonRankValue>
                                </taxonomicClassification>
                                <taxonomicClassification>
                                        <taxonRankName>Order</taxonRankName>
                                    <taxonRankValue>Anguilliformes</taxonRankValue>
                                </taxonomicClassification>
                                <taxonomicClassification>
                                        <taxonRankName>Order</taxonRankName>
                                    <taxonRankValue>Carangaria incertae sedis</taxonRankValue>
                                </taxonomicClassification>
                                <taxonomicClassification>
                                        <taxonRankName>Order</taxonRankName>
                                    <taxonRankValue>Carangiformes</taxonRankValue>
                                </taxonomicClassification>
                                <taxonomicClassification>
                                        <taxonRankName>Order</taxonRankName>
                                    <taxonRankValue>Carcharhiniformes</taxonRankValue>
                                </taxonomicClassification>
                                <taxonomicClassification>
                                        <taxonRankName>Order</taxonRankName>
                                    <taxonRankValue>Centrarchiformes</taxonRankValue>
                                </taxonomicClassification>
                                <taxonomicClassification>
                                        <taxonRankName>Order</taxonRankName>
                                    <taxonRankValue>Eupercaria incertae sedis</taxonRankValue>
                                </taxonomicClassification>
                                <taxonomicClassification>
                                        <taxonRankName>Order</taxonRankName>
                                    <taxonRankValue>Myliobatiformes</taxonRankValue>
                                </taxonomicClassification>
                                <taxonomicClassification>
                                        <taxonRankName>Order</taxonRankName>
                                    <taxonRankValue>Orectolobiformes</taxonRankValue>
                                </taxonomicClassification>
                                <taxonomicClassification>
                                        <taxonRankName>Order</taxonRankName>
                                    <taxonRankValue>Ovalentaria incertae sedis</taxonRankValue>
                                </taxonomicClassification>
                                <taxonomicClassification>
                                        <taxonRankName>Order</taxonRankName>
                                    <taxonRankValue>Perciformes</taxonRankValue>
                                </taxonomicClassification>
                                <taxonomicClassification>
                                        <taxonRankName>Order</taxonRankName>
                                    <taxonRankValue>Scombriformes</taxonRankValue>
                                </taxonomicClassification>
                                <taxonomicClassification>
                                        <taxonRankName>Order</taxonRankName>
                                    <taxonRankValue>Tetraodontiformes</taxonRankValue>
                                </taxonomicClassification>
                        </taxonomicCoverage>
            </coverage>
            <maintenance>
                <description>
                    <para></para>
                </description>
                <maintenanceUpdateFrequency>unkown</maintenanceUpdateFrequency>
            </maintenance>
            <contact>
            <individualName>
<givenName>Raúl</givenName>                    <surName>Navas Camacho</surName>
            </individualName>
<organizationName>INVEMAR</organizationName><positionName>Investigador científico ODI, Programa BEM</positionName>            <address>
<deliveryPoint>Calle 25 No. 2-55 Playa Salguero, Rodadero</deliveryPoint><city>Santa Marta</city><administrativeArea>Magdalena</administrativeArea>            </address>
<phone>+5 4328600 ext. 251</phone><electronicMailAddress>raul.navas@invemar.org.co</electronicMailAddress>            </contact>
            <contact>
            <individualName>
<givenName>Diana Isabel</givenName>                    <surName>Gómez López</surName>
            </individualName>
<organizationName>INVEMAR</organizationName><positionName>Jefe de la Línea de Investigación Organización y Dinámica de Ecosistemas</positionName>            <address>
<deliveryPoint>Playa Salguero – Rodadero Sur, Santa Marta – Magdalena</deliveryPoint><city>Santa Marta</city><administrativeArea>Magdalena</administrativeArea><country>COLOMBIA</country>            </address>
<phone>+5 4328600 ext. 250</phone><electronicMailAddress>diana.gomez@invemar.org.co</electronicMailAddress>            </contact>
            <contact>
            <individualName>
<givenName>Erika</givenName>                    <surName>Montoya-Cadavid</surName>
            </individualName>
<organizationName>INVEMAR</organizationName><positionName>Administradora de Contenidos SiBM</positionName>            <address>
<deliveryPoint>Calle 25 # 2-55, Playa Salguero – Rodadero Sur</deliveryPoint><city>Santa Marta</city><administrativeArea>Magdalena</administrativeArea><country>COLOMBIA</country>            </address>
<phone>+5 4328600 ext. 143</phone><electronicMailAddress>administrador_sibm@invemar.org.co</electronicMailAddress>            </contact>
            <methods>
                    <methodStep>
                        <description>
                            <para>1. Antes de empezar se debe contar con una vara de un metro en forma de T graduada cada 10 cm para medir los peces y el ancho del transecto. También, el encargado del muestreo debe asegurar la cinta métrica de 30 m mediante un gancho o una cuerda al cinturón del lastre y escoger una estaca de los transectos y amarrarla al extremo libre de la cinta.</para>
                        </description>
                    </methodStep>
                    <methodStep>
                        <description>
                            <para>2. Luego se ubica la vara T de frente y se empieza el recorrido nadando a un ritmo lento y constante a medida que observa por delante de su posición.</para>
                        </description>
                    </methodStep>
                    <methodStep>
                        <description>
                            <para>3. Se estiman las longitudes aproximadas de cada pez con los incrementos de 10 cm de la vara, asignándole una de las siguientes categorías de tamaño: 0-5 cm, 6-10 cm, 11-20 cm, 21-30 cm, 31-40 cm y &gt; 40 cm.</para>
                        </description>
                    </methodStep>
                    <methodStep>
                        <description>
                            <para>4. A medida que se va nadando por los la banda se va registrando la cantidad de individuos. Los cardúmenes densos se aproximan al número de individuos de cada categoría de tamaño, si son menos de 100 al 10 más cercano o si son más de 100 al 100 más cercano. Solo deben contarse lo miembro del cardumen dentro de la banda de 2 m.</para>
                        </description>
                    </methodStep>
                    <methodStep>
                        <description>
                            <para>5. Se recomienda fijar un objeto a la distancia para ayudar a mantener una línea recta. También, hacer pausas para registrar más fácilmente los datos.</para>
                        </description>
                    </methodStep>
                    <sampling>
                        <studyExtent>
                            <description>
                                <para>Estaciones de muestreo (75) a cargo del SIMAC en el Mar Caribe y Océano Pacífico colombianos.</para>
                            </description>
                        </studyExtent>
                        <samplingDescription>
                            <para>El muestreo consiste en la metodología aplicada para la determinación de la biomasa de peces herbívoros y comerciales a cada nivel profundidad, en los alrededores de los transectos de monitoreo de cobertura de corales y algas. Cómo unida de muestreo se implementan diez transectos de banda de 2 x 30 m, registrando en tabla acrílica la cantidad y longitud estándar aproximada de los organismos.</para>
                        </samplingDescription>
                    </sampling>
                    <qualityControl>
                        <description>
                            <para>Los datos se estandarizaron al formato Darwin Core. Las fechas, los datos geográficos y la información taxonómica fueron sometidos a un proceso de validación y limpieza. La validación taxonómica se hizo contrastando la información con el árbol taxonómico de WoRMS.</para>
                        </description>
                    </qualityControl>
            </methods>

            <project >
                <title>Protocolo Indicador Condición Tendencias de áreas coralinas</title>
                    <personnel>
            <individualName>
<givenName>Erika</givenName>                    <surName>Montoya-Cadavid</surName>
            </individualName>
            <role>CUSTODIAN_STEWARD</role>
                    </personnel>
                    <personnel>
            <individualName>
<givenName>Julio</givenName>                    <surName>Bohorquez Naranjo</surName>
            </individualName>
            <role>CUSTODIAN_STEWARD</role>
                    </personnel>
                <abstract>
                    <para>Los datos se derivan de la línea de investigación del ICTac: Protocolo Indicador Condición Tendencias de áreas coralinas de los ecosistemas estratégicos marino-costero en Colombia. El protocolo busca establecer indicadores para proveer información sobre la condición y los cambios de los sistemas coralinas para entender, por medio de medidas prácticas y cuantitativas, la salud, integridad y el estado de conservación de estos ecosistemas.</para>
                </abstract>
                <funding>
                    <para></para>
                </funding>
                    <studyAreaDescription>
                        <descriptor name="generic" citableClassificationSystem="false">
                            <descriptorValue>El área de estudio comprende el Mar Caribe y Océano Pacífico colombianos, con 75 estaciones ubicadas en Santa Marta, San Andrés, Cartagena, Malpelo, Gorgona, Urabá chocoano, el Parque Nacional Natural Utría y el Parque Nacional Natural Corales del Rosario y San Bernardo.</descriptorValue>
                        </descriptor>
                    </studyAreaDescription>
            </project>
    </dataset>

    <additionalMetadata>
        <metadata>
            <gbif>
                <dateStamp>2024-07-11T14:26:32Z</dateStamp>
                <citation identifier="https://doi.org/10.15472/jjwt7x">Navas-Camacho R, Chaparro Acosta A F, Sánchez Valencia L, González Corredor J D, Vega Sequeda J C, Díaz C M, Galeano E, García J L, Cano M, Posada Riaño V, Duque D L, Vargas A, Aponte C, Chirimia H, Payan L, Abril Howard A, Azcárate R, Meza Prada J F, Montoya-Cadavid E, Parques Nacionales Naturales de Colombia, Fundación Malpelo y Otros Ecosistemas Marinos, Universidad del Valle - Univalle (2022). Datos de monitoreo asociados al indicador de condición tendencias para peces arrecifales - ICTac. Instituto de Investigaciones Marinas y Costeras - Invemar. Sampling event dataset https://doi.org/10.15472/jjwt7x accessed via GBIF.org on 2024-07-11.</citation>
                    <bibliography>
                <citation>Rodríguez-Rincón, A. Navarrete- Ramírez, S. Gómez-López, D. Navas-Camacho, R. 2016. PROTOCOLO INDICADOR CONDICIÓN TENDENCIA ÁREAS CORALINAS (ICTAC). Doi:10.21239/V9R594, ISBN: 978-958-8448-66-4</citation>
                <citation>Garzón-Ferreira, J., Reyes-Nivia, M. C., &amp; Rodriguez-Ramirez, A. (2002). Manual de Métodos del SIMAC Sistema Nacional de Monitoreo de Arrecifes Coralinos en Colombia. Santa Marta.</citation>
                    </bibliography>
                    <resourceLogoUrl>https://statics.sibcolombia.net/sib-resources/images/logos-socios/500px/invemar.jpg</resourceLogoUrl>
            </gbif>
        </metadata>
    </additionalMetadata>

</eml:eml>
