<?xml version="1.0" encoding="utf-8"?>
<eml:eml xmlns:eml="eml://ecoinformatics.org/eml-2.1.1" xmlns:xsi="http://www.w3.org/2001/XMLSchema-instance"
         xsi:schemaLocation="eml://ecoinformatics.org/eml-2.1.1 http://rs.gbif.org/schema/eml-gbif-profile/1.2/eml.xsd"
packageId="c926fa29-ed40-4811-8fcd-81a3b6f37e67"  system="http://gbif.org" scope="system"
xml:lang="es">

    <dataset>
            <alternateIdentifier>10.15472/dakt0z</alternateIdentifier>
                <alternateIdentifier>https://ipt.biodiversidad.co/sibm/resource?r=unal_seaflower_algas-bajonuevo</alternateIdentifier>
        <title>Valoración de servicios ecosistémicos y diversidad biológica de los arrecifes de coral en los alrededores de las islas Cayos de Bajo Nuevo, Reserva de Biosfera Seaflower, Caribe Colombiano</title>
            <creator>
            <individualName>
<givenName>Julián</givenName>                    <surName>Prato</surName>
            </individualName>
<organizationName>Universidad Nacional de Colombia</organizationName><positionName>Coinvestigador</positionName>            <address>
<country>COLOMBIA</country>            </address>
<electronicMailAddress>jprato@unal.edu.co</electronicMailAddress>            </creator>
            <creator>
            <individualName>
<givenName>John</givenName>                    <surName>Dorado</surName>
            </individualName>
<organizationName>Universidad Nacional de Colombia</organizationName><positionName>Coinvestigador</positionName>            <address>
<country>COLOMBIA</country>            </address>
            </creator>
            <creator>
            <individualName>
<givenName>Brigitte</givenName>                    <surName>Gavio</surName>
            </individualName>
<organizationName>Universidad Nacional de Colombia</organizationName><positionName>Coinvestigador</positionName>            <address>
<country>COLOMBIA</country>            </address>
<electronicMailAddress>bgavio@unal.edu.co</electronicMailAddress>            </creator>
            <creator>
            <individualName>
<givenName>Adriana</givenName>                    <surName>Santos-Martínez</surName>
            </individualName>
<organizationName>Universidad Nacional de Colombia</organizationName><positionName>Investigador principal</positionName>            <address>
<country>COLOMBIA</country>            </address>
<electronicMailAddress>asantosma@unal.edu.co</electronicMailAddress>            </creator>
            <metadataProvider>
            <individualName>
<givenName>Julián</givenName>                    <surName>Prato Valderrama</surName>
            </individualName>
<organizationName>Universidad Nacional de Colombia</organizationName><positionName>Coinvestigador</positionName>            <address>
<country>COLOMBIA</country>            </address>
<electronicMailAddress>jprato@unal.edu.co</electronicMailAddress>            </metadataProvider>
            <metadataProvider>
            <individualName>
<givenName>John</givenName>                    <surName>Dorado</surName>
            </individualName>
<organizationName>Universidad Nacional de Colombia</organizationName><positionName>Coinvestigador</positionName>            <address>
<country>COLOMBIA</country>            </address>
            </metadataProvider>
            <metadataProvider>
            <individualName>
<givenName>Brigitte</givenName>                    <surName>Gavio</surName>
            </individualName>
<organizationName>Universidad Nacional de Colombia</organizationName><positionName>Coinvestigador</positionName>            <address>
<country>COLOMBIA</country>            </address>
<electronicMailAddress>bgavio@unal.edu.co</electronicMailAddress>            </metadataProvider>
            <associatedParty>
            <individualName>
                    <surName>Universidad Nacional de Colombia</surName>
            </individualName>
<organizationName>Universidad Nacional de Colombia</organizationName><positionName>Universidad</positionName>            <address>
<deliveryPoint>Carrera 45 # 26-85</deliveryPoint><city>Bogotá, D.C.</city><administrativeArea>Bogotá, D.C.</administrativeArea><country>COLOMBIA</country>            </address>
<phone>6013165000</phone><onlineUrl>https://unal.edu.co</onlineUrl>            <role>OWNER</role>
            </associatedParty>
            <associatedParty>
            <individualName>
<givenName>Alvaro</givenName>                    <surName>Sandoval Riveros</surName>
            </individualName>
<organizationName>Universidad Nacional de Colombia</organizationName><positionName>Publicador</positionName>            <address>
<deliveryPoint>Calle 11 a bis # 72b - 15</deliveryPoint><city>Bogotá, D.C.</city><administrativeArea>Bogotá, D.C.</administrativeArea><country>COLOMBIA</country>            </address>
<electronicMailAddress>aasandovalr@unal.edu.co</electronicMailAddress>            <userId directory="http://orcid.org/">0009-0004-5024-4318</userId>
            <role>PUBLISHER</role>
            </associatedParty>
            <pubDate>
                2023-10-05
            </pubDate>
        <language>SPANISH</language>
            <abstract>
                    <para>En el marco de la Expedición Científica Seaflower 2021, realizada en Isla Cayos de Bajo Nuevo, dentro de la Reserva de la Biosfera Seaflower, se realizó la valoración de servicios ecosistémicos aportados por arrecifes de coral de la Isla Cayos de Bajo Nuevo. Generando información principalmente sobre el servicio de provisión de hábitat y refugio de biodiversidad (macroalgas, comunidad bentónica y peces arrecifales), con mediciones de atributos del arrecife como la complejidad topográfica submarina, porcentajes de cobertura del bentos, composición, abundancia y biomasa de peces arrecifales. 
El componente de macroalgas está compuesto por 96 registros que representan 80 especies, distribuidos en 29 familias y 50 géneros.</para>
            </abstract>
                <keywordSet>
                        <keyword>Macroalgas</keyword>
                        <keyword>peces</keyword>
                        <keywordThesaurus>NA</keywordThesaurus>
                </keywordSet>
                <keywordSet>
                        <keyword>Occurrence</keyword>
                        <keywordThesaurus>GBIF Dataset Type Vocabulary: http://rs.gbif.org/vocabulary/gbif/dataset_type_2015-07-10.xml</keywordThesaurus>
                </keywordSet>
                <keywordSet>
                        <keyword>Observation</keyword>
                        <keywordThesaurus>GBIF Dataset Subtype Vocabulary: http://rs.gbif.org/vocabulary/gbif/dataset_subtype.xml</keywordThesaurus>
                </keywordSet>
            <intellectualRights>
                    <para>This work is licensed under a <ulink url="http://creativecommons.org/licenses/by-nc/4.0/legalcode"><citetitle>Creative Commons Attribution Non Commercial (CC-BY-NC) 4.0 License</citetitle></ulink>.</para>
            </intellectualRights>
            <coverage>
                    <geographicCoverage>
                            <geographicDescription>Isla Cayos de Bajo Nuevo,  Archipiélago de San Andrés, Providencia y Santa Catalina, dentro de la reserva de la biosfera Seaflower.</geographicDescription>
                            <boundingCoordinates>
                                <westBoundingCoordinate>-78.726</westBoundingCoordinate>
                                <eastBoundingCoordinate>-78.563</eastBoundingCoordinate>
                                <northBoundingCoordinate>15.922</northBoundingCoordinate>
                                <southBoundingCoordinate>15.813</southBoundingCoordinate>
                            </boundingCoordinates>
                    </geographicCoverage>
                    <temporalCoverage>
                            <rangeOfDates>
                                <beginDate>
                                    <calendarDate>                2021-11-24
</calendarDate>
                                </beginDate>
                                <endDate>
                                    <calendarDate>                2021-11-30
</calendarDate>
                                </endDate>
                            </rangeOfDates>
                    </temporalCoverage>
                        <taxonomicCoverage>
                                <generalTaxonomicCoverage>El componente de macroalgas está compuesto por 96 registros que representan 80 especies, distribuidos en 4 clases (Stylonematophyceae, Florideophyceae, Phaeophyceae, Ulvophyceae) 13 órdenes, 29 familias y 50 géneros.
La organización de los taxa se presenta a nivel de familias.</generalTaxonomicCoverage>
                                <taxonomicClassification>
                                        <taxonRankName>Family</taxonRankName>
                                    <taxonRankValue>Stylonemataceae</taxonRankValue>
                                </taxonomicClassification>
                                <taxonomicClassification>
                                        <taxonRankName>Family</taxonRankName>
                                    <taxonRankValue>Acrochaetiaceae</taxonRankValue>
                                </taxonomicClassification>
                                <taxonomicClassification>
                                        <taxonRankName>Family</taxonRankName>
                                    <taxonRankValue>Halymeniaceae</taxonRankValue>
                                </taxonomicClassification>
                                <taxonomicClassification>
                                        <taxonRankName>Family</taxonRankName>
                                    <taxonRankValue>Wrangeliaceae</taxonRankValue>
                                </taxonomicClassification>
                                <taxonomicClassification>
                                        <taxonRankName>Family</taxonRankName>
                                    <taxonRankValue>Callithamniaceae</taxonRankValue>
                                </taxonomicClassification>
                                <taxonomicClassification>
                                        <taxonRankName>Family</taxonRankName>
                                    <taxonRankValue>Hydrolithaceae</taxonRankValue>
                                </taxonomicClassification>
                                <taxonomicClassification>
                                        <taxonRankName>Family</taxonRankName>
                                    <taxonRankValue>Lithophyllaceae</taxonRankValue>
                                </taxonomicClassification>
                                <taxonomicClassification>
                                        <taxonRankName>Family</taxonRankName>
                                    <taxonRankValue>Corallinaceae</taxonRankValue>
                                </taxonomicClassification>
                                <taxonomicClassification>
                                        <taxonRankName>Family</taxonRankName>
                                    <taxonRankValue>Galaxauraceae</taxonRankValue>
                                </taxonomicClassification>
                                <taxonomicClassification>
                                        <taxonRankName>Family</taxonRankName>
                                    <taxonRankValue>Rhodomelaceae</taxonRankValue>
                                </taxonomicClassification>
                                <taxonomicClassification>
                                        <taxonRankName>Family</taxonRankName>
                                    <taxonRankValue>Ceramiaceae</taxonRankValue>
                                </taxonomicClassification>
                                <taxonomicClassification>
                                        <taxonRankName>Family</taxonRankName>
                                    <taxonRankValue>Rhodymeniaceae</taxonRankValue>
                                </taxonomicClassification>
                                <taxonomicClassification>
                                        <taxonRankName>Family</taxonRankName>
                                    <taxonRankValue>Champiaceae</taxonRankValue>
                                </taxonomicClassification>
                                <taxonomicClassification>
                                        <taxonRankName>Family</taxonRankName>
                                    <taxonRankValue>Lomentariaceae</taxonRankValue>
                                </taxonomicClassification>
                                <taxonomicClassification>
                                        <taxonRankName>Family</taxonRankName>
                                    <taxonRankValue>Cystocloniaceae</taxonRankValue>
                                </taxonomicClassification>
                                <taxonomicClassification>
                                        <taxonRankName>Family</taxonRankName>
                                    <taxonRankValue>Delesseriaceae</taxonRankValue>
                                </taxonomicClassification>
                                <taxonomicClassification>
                                        <taxonRankName>Family</taxonRankName>
                                    <taxonRankValue>Gelidiellaceae</taxonRankValue>
                                </taxonomicClassification>
                                <taxonomicClassification>
                                        <taxonRankName>Family</taxonRankName>
                                    <taxonRankValue>Dictyotaceae</taxonRankValue>
                                </taxonomicClassification>
                                <taxonomicClassification>
                                        <taxonRankName>Family</taxonRankName>
                                    <taxonRankValue>Sargassaceae</taxonRankValue>
                                </taxonomicClassification>
                                <taxonomicClassification>
                                        <taxonRankName>Family</taxonRankName>
                                    <taxonRankValue>Anadyomenaceae</taxonRankValue>
                                </taxonomicClassification>
                                <taxonomicClassification>
                                        <taxonRankName>Family</taxonRankName>
                                    <taxonRankValue>Cladophoraceae</taxonRankValue>
                                </taxonomicClassification>
                                <taxonomicClassification>
                                        <taxonRankName>Family</taxonRankName>
                                    <taxonRankValue>Bryopsidaceae</taxonRankValue>
                                </taxonomicClassification>
                                <taxonomicClassification>
                                        <taxonRankName>Family</taxonRankName>
                                    <taxonRankValue>Derbesiaceae</taxonRankValue>
                                </taxonomicClassification>
                                <taxonomicClassification>
                                        <taxonRankName>Family</taxonRankName>
                                    <taxonRankValue>Siphonocladaceae</taxonRankValue>
                                </taxonomicClassification>
                                <taxonomicClassification>
                                        <taxonRankName>Family</taxonRankName>
                                    <taxonRankValue>Valoniaceae</taxonRankValue>
                                </taxonomicClassification>
                                <taxonomicClassification>
                                        <taxonRankName>Family</taxonRankName>
                                    <taxonRankValue>Halimedaceae</taxonRankValue>
                                </taxonomicClassification>
                                <taxonomicClassification>
                                        <taxonRankName>Family</taxonRankName>
                                    <taxonRankValue>Udoteaceae</taxonRankValue>
                                </taxonomicClassification>
                                <taxonomicClassification>
                                        <taxonRankName>Family</taxonRankName>
                                    <taxonRankValue>Caulerpaceae</taxonRankValue>
                                </taxonomicClassification>
                                <taxonomicClassification>
                                        <taxonRankName>Family</taxonRankName>
                                    <taxonRankValue>Dichotomosiphonaceae</taxonRankValue>
                                </taxonomicClassification>
                        </taxonomicCoverage>
                        <taxonomicCoverage>
                                <generalTaxonomicCoverage>El componente de animales está compuesto por 58 registros de peces que representan 58 especies, distribuidos en 2 clases (Actinopterygii y Chondrichtyes) 8 órdenes, 24 familias y 38 géneros.
La organización de los taxa se presenta a nivel de familias.</generalTaxonomicCoverage>
                                <taxonomicClassification>
                                        <taxonRankName>Family</taxonRankName>
                                    <taxonRankValue>Acanthuridae</taxonRankValue>
                                </taxonomicClassification>
                                <taxonomicClassification>
                                        <taxonRankName>Family</taxonRankName>
                                    <taxonRankValue>Aulostomidae</taxonRankValue>
                                </taxonomicClassification>
                                <taxonomicClassification>
                                        <taxonRankName>Family</taxonRankName>
                                    <taxonRankValue>Balistidae</taxonRankValue>
                                </taxonomicClassification>
                                <taxonomicClassification>
                                        <taxonRankName>Family</taxonRankName>
                                    <taxonRankValue>Bothidae</taxonRankValue>
                                </taxonomicClassification>
                                <taxonomicClassification>
                                        <taxonRankName>Family</taxonRankName>
                                    <taxonRankValue>Carangidae</taxonRankValue>
                                </taxonomicClassification>
                                <taxonomicClassification>
                                        <taxonRankName>Family</taxonRankName>
                                    <taxonRankValue>Chaetodontidae</taxonRankValue>
                                </taxonomicClassification>
                                <taxonomicClassification>
                                        <taxonRankName>Family</taxonRankName>
                                    <taxonRankValue>Diodontidae</taxonRankValue>
                                </taxonomicClassification>
                                <taxonomicClassification>
                                        <taxonRankName>Family</taxonRankName>
                                    <taxonRankValue>Ginglymostomatidae</taxonRankValue>
                                </taxonomicClassification>
                                <taxonomicClassification>
                                        <taxonRankName>Family</taxonRankName>
                                    <taxonRankValue>Grammatidae</taxonRankValue>
                                </taxonomicClassification>
                                <taxonomicClassification>
                                        <taxonRankName>Family</taxonRankName>
                                    <taxonRankValue>Haemulidae</taxonRankValue>
                                </taxonomicClassification>
                                <taxonomicClassification>
                                        <taxonRankName>Family</taxonRankName>
                                    <taxonRankValue>Holocentridae</taxonRankValue>
                                </taxonomicClassification>
                                <taxonomicClassification>
                                        <taxonRankName>Family</taxonRankName>
                                    <taxonRankValue>Kyphosidae</taxonRankValue>
                                </taxonomicClassification>
                                <taxonomicClassification>
                                        <taxonRankName>Family</taxonRankName>
                                    <taxonRankValue>Labridae</taxonRankValue>
                                </taxonomicClassification>
                                <taxonomicClassification>
                                        <taxonRankName>Family</taxonRankName>
                                    <taxonRankValue>Lutjanidae</taxonRankValue>
                                </taxonomicClassification>
                                <taxonomicClassification>
                                        <taxonRankName>Family</taxonRankName>
                                    <taxonRankValue>Malacanthidae</taxonRankValue>
                                </taxonomicClassification>
                                <taxonomicClassification>
                                        <taxonRankName>Family</taxonRankName>
                                    <taxonRankValue>Monacanthidae</taxonRankValue>
                                </taxonomicClassification>
                                <taxonomicClassification>
                                        <taxonRankName>Family</taxonRankName>
                                    <taxonRankValue>Mullidae</taxonRankValue>
                                </taxonomicClassification>
                                <taxonomicClassification>
                                        <taxonRankName>Family</taxonRankName>
                                    <taxonRankValue>Ostraciidae</taxonRankValue>
                                </taxonomicClassification>
                                <taxonomicClassification>
                                        <taxonRankName>Family</taxonRankName>
                                    <taxonRankValue>Pomacanthidae</taxonRankValue>
                                </taxonomicClassification>
                                <taxonomicClassification>
                                        <taxonRankName>Family</taxonRankName>
                                    <taxonRankValue>Pomacentridae</taxonRankValue>
                                </taxonomicClassification>
                                <taxonomicClassification>
                                        <taxonRankName>Family</taxonRankName>
                                    <taxonRankValue>Scaridae</taxonRankValue>
                                </taxonomicClassification>
                                <taxonomicClassification>
                                        <taxonRankName>Family</taxonRankName>
                                    <taxonRankValue>Serranidae</taxonRankValue>
                                </taxonomicClassification>
                                <taxonomicClassification>
                                        <taxonRankName>Family</taxonRankName>
                                    <taxonRankValue>Sparidae</taxonRankValue>
                                </taxonomicClassification>
                                <taxonomicClassification>
                                        <taxonRankName>Family</taxonRankName>
                                    <taxonRankValue>Sphyraenidae</taxonRankValue>
                                </taxonomicClassification>
                        </taxonomicCoverage>
            </coverage>
            <maintenance>
                <description>
                    <para></para>
                </description>
                <maintenanceUpdateFrequency>unkown</maintenanceUpdateFrequency>
            </maintenance>
            <contact>
            <individualName>
<givenName>Adriana</givenName>                    <surName>Santos Martínez</surName>
            </individualName>
<organizationName>Universidad Nacional de Colombia</organizationName><positionName>Investigador principal</positionName>            <address>
<country>COLOMBIA</country>            </address>
<electronicMailAddress>asantosma@unal.edu.co</electronicMailAddress>            </contact>
            <contact>
            <individualName>
<givenName>Julián</givenName>                    <surName>Prato Valderrama</surName>
            </individualName>
<organizationName>Universidad Nacional de Colombia</organizationName><positionName>Coinvestigador</positionName>            <address>
<country>COLOMBIA</country>            </address>
<electronicMailAddress>jprato@unal.edu.co</electronicMailAddress>            </contact>
            <contact>
            <individualName>
<givenName>Brigitte</givenName>                    <surName>Gavio</surName>
            </individualName>
<organizationName>Universidad Nacional de Colombia</organizationName><positionName>Coinvestigador</positionName>            <address>
<country>COLOMBIA</country>            </address>
<electronicMailAddress>bgavio@unal.edu.co</electronicMailAddress>            </contact>
            <methods>
                    <methodStep>
                        <description>
                            <para>Diversidad macroalgas:
Se tomaron muestras de algas en 20 estaciones, entre profundidades de 3 a 20 m. Las algas fueron separadas y almacenadas en frascos opacos con una solución de formalina en agua de mar al 5%. Posteriormente fueron identificadas.</para>
                        </description>
                    </methodStep>
                    <methodStep>
                        <description>
                            <para>Componente servicio de refugio para biodiversidad (peces y bentos):
Por estación, mediante buceo autónomo (SCUBA) se hicieron censos visuales para registrar abundancias y tallas, en tres transectos de banda de 50 x 2 m. Sobre cada transecto se realizó la toma de video - transectos utilizando cámaras Go-Pro y se registró la complejidad topográfica mediante el método de cadena. Los video-transectos se usaron para obtener los porcentajes de cobertura del bentos, los valores registrados de la rugosidad en campo para determinar los índices de complejidad topográfica en cada estación.</para>
                        </description>
                    </methodStep>
                    <sampling>
                        <studyExtent>
                            <description>
                                <para>Isla Cayos de Bajo Nuevo,  Archipiélago de San Andrés, Providencia y Santa Catalina, dentro de la reserva de la biosfera Seaflower.</para>
                            </description>
                        </studyExtent>
                        <samplingDescription>
                            <para>Se realizaron muestreos en 13 estaciones para la toma de muestras e identificación de amplia biodiversidad de macroalgas, el levantamiento de la información de complejidad topográfica submarina en los arrecifes coralinos y su relación con el servicio ecosistémico de hábitat para peces arrecifales, con el registro de las especies de peces; con datos cuantitativos de abundancia y rangos de tallas. Se realizaron censos visuales cuantitativos de peces en 26 estaciones y se registró la complejidad topográfica mediante la técnica de transecto por cadena para el posterior cálculo de dicho índice. Adicionalmente se realizaron video transectos para evaluar cobertura y composición de la comunidad bentónica. Así como se logró instalar sensores de presión para evaluar la atenuación de la energía del oleaje aportado por la barrera arrecifal de Isla Cayos de Bajo Nuevo, generando importantes datos.</para>
                        </samplingDescription>
                    </sampling>
                    <qualityControl>
                        <description>
                            <para>Ajuste de diferentes elementos del DwC: Realizado por el Equipo Coordinador del SIB Colombia de acuerdo a la naturaleza de los datos. Validación de las plantillas DwC con la herramienta GBIF Validator.</para>
                        </description>
                    </qualityControl>
            </methods>

            <project id="Expedición Científica Seaflower - 2021 Bajo Nuevo ">
                <title>Valoración de servicios ecosistémicos y diversidad biológica de los arrecifes de coral en los alrededores de las islas Cayos de Bajo Nuevo, Reserva de Biosfera Seaflower, Caribe Colombiano</title>
                    <personnel>
            <individualName>
<givenName>Adriana</givenName>                    <surName>Santos Martínez</surName>
            </individualName>
            <role>PRINCIPAL_INVESTIGATOR</role>
                    </personnel>
                <abstract>
                    <para>La Expedición Científica Seaflower 2021-II, Islas Cayos de Bajo Nuevo, se llevó a cabo entre el 22 de noviembre y el 3 de diciembre de 2021, a bordo del buque “ARC” Providencia. Mediante la coordinación de la Secretaría Ejecutiva de la Comisión Colombiana del Océano, Armada Nacional de Colombia, Dirección General Marítima, el Programa Colombia Bio del Ministerio de Ciencia, Tecnología e Innovación, Coralina y la Universidad Nacional de Colombia. Se contó con la participación de investigadores y personal del Centro de Investigaciones Oceanográficas e Hidrográficas del Caribe, la Universidad Nacional de Colombia, la Pontificia Universidad Javeriana de Cali, Coralina, Sepia Rov SAS, Reef Sheperd y la Fundación Natibo. Durante la expedición se generó información sobre el estado de los ecosistemas sumergidos de los complejos arrecifales más septentrionales del país, se ejecutaron un total de 8 proyectos de investigación, relacionados con las áreas temáticas de biodiversidad y ecosistemas marinos (7) e ingenierías y tecnologías aplicadas (1).</para>
                </abstract>
                <funding>
                    <para>Secretaría Ejecutiva de la Comisión Colombiana del Océano (CCO), Armada Nacional de Colombia (ARC), Dirección General Marítima (DIMAR), Programa Colombia Bio del Ministerio de Ciencia, Tecnología e Innovación, Corporación para el Desarrollo Sostenible del Archipielago de San Andrés, Providencia y Santa Catalina (CORALINA), Universidad Nacional de Colombia (UNAL).</para>
                </funding>
                    <studyAreaDescription>
                        <descriptor name="generic" citableClassificationSystem="false">
                            <descriptorValue>La Isla Cayo de Bajo Nuevo también conocida como Petrel Island, tiene su posición a 15°53&apos;N y 78°38&apos;O. Es un gran complejo arrecifal ubicado a 110 km al este de Bajo Alicia, con unas dimensiones de 15.4 km y un área aproximada de 100 km2. La mayoría de su área está sumergida y cuenta con un canal profundo que separa el banco en dos áreas y un pequeño cayo de arena en el borde del canal. Posee una cresta arrecifal bien desarrollada en los sectores noreste, este y sur. No cuenta con pastos marinos, ni manglares.</descriptorValue>
                        </descriptor>
                    </studyAreaDescription>
            </project>
    </dataset>

    <additionalMetadata>
        <metadata>
            <gbif>
                <dateStamp>2024-07-11T14:26:38Z</dateStamp>
                <citation identifier="https://doi.org/10.15472/dakt0z">Prato J, Dorado J, Gavio B, Santos-Martínez A, Prato Valderrama J (2023). Valoración de servicios ecosistémicos y diversidad biológica de los arrecifes de coral en los alrededores de las islas Cayos de Bajo Nuevo, Reserva de Biosfera Seaflower, Caribe Colombiano. Universidad Nacional de Colombia. Occurrence dataset https://doi.org/10.15472/dakt0z accessed via GBIF.org on 2024-07-11.</citation>
                    <bibliography>
                <citation>Proyecto de tesis doctoral Julián Prato Valderrama, para optar al título de Doctor en Ciencias en Biología – Línea Biología Marina, de la Universidad Nacional de Colombia Sede Caribe. Título: Relationships between coral reef complexity and ecosystem services at Caribbean oceanic islands, Seaflower Biosphere Reserve, Colombia</citation>
                <citation>Proyecto de tesis de maestría en Ciencias, Biología, Línea Biología Marina, del estudiante de la Sede Caribe UNAL, John Carvajal. Título:
Estructura población de peces cirujano (Acanthuridae) en un ambiente insular del Caribe colombiano</citation>
                <citation>Proyecto de tesis de maestría en Ciencias, Biología, Línea Biología Marina, de la estudiante de la Sede Caribe UNAL, Diana Castaño. Título:
Estructura y función de peces herbívoros en zonas arrecifales de San Andrés, una Isla Oceánica en el Caribe.</citation>
                <citation identifier="https://doi.org/10.3390/oceans2030034">Castaño, D.; Morales-de-Anda, D.; Prato, J.; Cupul-Magaña, A.L.; Echeverry, J.P.; Santos-Martínez, A. 2021. Reef Structural Complexity Influences Fish Community Metrics on a Remote Oceanic Island: Serranilla Island, Seaflower Biosphere Reserve, Colombia. Oceans 2021, 2, 611–623.</citation>
                <citation>CORALINA-INVEMAR. 2012. Gómez-López, DI, Segura-Quintero C, Sierra-Correa PC, Garay-Tinoco J. 2012. Atlas de la Reserva de Biósfera Seaflower. Archipiélago de San Andrés, Providencia y Santa Catalina. Instituto de Investigaciones Marinas y Costeras &quot;José Benito Vives De Andréis&quot; - INVEMAR- y Corporación para el Desarrollo Sostenible del Archipiélago de San Andrés, Providencia y Santa Catalina -CORALINA-. Serie de Publicaciones Especiales de INVEMAR # 28. Santa Marta, Colombia 180 pp.</citation>
                <citation>Díaz J.M. 2005. Esquemas espaciales de zonación Ecológica y morfología de las lagunas de los atolones y complejos arrecifales De un archipiélago oceánico del caribe: San Andrés y Providencia (Colombia). Rev. Acad. Colomb. Cienc. 29(112): 357-368.</citation>
                <citation>Done T.J. 1992. Phase shifts in coral reef communities and their ecological significance. Hydrobiologia, 247(1-3): 121-132.</citation>
                <citation>Franklin G. 2015. Effects of roughness on wave-dominated coral reefs environment. Tesis presentada para obtener el título de PhD en ciencias marinas. Universidad de Mérida, México, 168 pp.</citation>
                <citation>Holthuijsen L.H. 2007. Waves in Oceanic and Coastal Waters. Cambridge University Press, New York, 387 pp.</citation>
                <citation>Márquez AI. 2014. Povos dos recifes: reconfigurações na apropriação social de ecossistemas marinhos e litorâneos em duas comunidades do Caribe. Tesis para obtención del título de doctora en ciencias sociales. Universidad Federal Rural do Rio de Janeiro. 301 pp.</citation>
                <citation>Miloslavich, P. y Klein, E. 2005. Linking marine biodiversity research and conservation in the Caribbean, p. 3-18. In P. Miloslavich and E. Klein (eds.). Caribbean Marine Biodiversity: The Known and the Unknow. DEStech, Lankaster, Pennsylvania, U.S.A.</citation>
                <citation>Mumby P, Harborne A, Williams J, Kappel C, Brumbaugh D, Micheli F, Holmes K, Dahlgren C, Paris C, Blackwell P. 2007. Trophic cascade facilitates coral recruitment in a marine reserve. PNAS, 104: 8362-8367.</citation>
                <citation>Osorio J, Osorio A, Peláez, D. 2017. Ecosystem management tools to study natural habitats as wavedamping structures and coastal protection mechanisms. Ecological Engineering, on process of publishing.</citation>
                <citation>Prada M. 2012. Plan de Manejo Ambiental del Atolón South-South-West (Alburquerque): Sección sur AMP Seaflower. Coralina. San Andrés, 109 pp.</citation>
                <citation>Prato J, Newball R. 2016. Aproximación a la valoración económica ambiental del departamento Archipiélago de San Andrés, Providencia y Santa Catalina – Reserva de la biósfera Seaflower. Secretaría Ejecutiva de la Comisión Colombiana del Océano-SECCO, Corporación para el desarrollo sostenible del Archipiélago de San Andrés, Providencia y Santa Catalina-CORALINA. Bogotá, 167 pp.</citation>
                <citation>Rivera-Monroy, V.H., Twilley, R.R., Bone, D., Childers, D.L., Coronado-Molina, R.C., Feller, I.C., Herrera-Silveira, J., Jaffe, R., Mancera, E., Rejmankova, E., Salisbury, J.E. y Weil, E. 2004. A conceptual framework to develop long-term ecological research and management objectives in the wider Caribbean region. BioScience, 54: 843–856.Costanza R. de Groot R. Sutton P. van der Ploeg S. Anderson S. Kubiszewski I. Farber S. Turner K. Changes in the global value of ecosystem services. Global Environmental Change, 26:152- 158.</citation>
                <citation>Santos-Martínez A., Gavio B., Castaño D., Posada V., Abril O., Schuhmann P., Prato J. 2018. Valoración de servicios ecosistémicos y diversidad biológica de los arrecifes de coral en los alrededores de la Isla Cayos de Serranilla, Reserva de Biosfera Seaflower, Caribe Colombiano”. Informe del proyecto. Expedición Seaflower 2017 Isla Cayos de Serranilla.</citation>
                <citation>Santos-Martínez A., Gavio B., Castaño D., Ianini P. Posada V., Abril A., Prato J. 2018. Valoración de servicios ecosistémicos de los arrecifes de coral en los alrededores de la isla cayos de Albuquerque, Reserva de Biosfera Seaflower, Caribe Colombiano. Informe del proyecto. Expedición Seaflower 2018, Isla Cayos de Albuquerque.</citation>
                <citation>WWF. 2006. Mejores prácticas de pesca en arrecifes coralinos. Guía para la colecta de información que apoye el manejo de pesquerías basado en ecosistemas. WWF México/Centroamérica, 81 pp.</citation>
                    </bibliography>
                    <resourceLogoUrl>https://raw.githubusercontent.com/SIB-Colombia/logos/main/socio-SiB-unal.png</resourceLogoUrl>
            </gbif>
        </metadata>
    </additionalMetadata>

</eml:eml>
