<?xml version="1.0" encoding="utf-8"?>
<eml:eml xmlns:eml="eml://ecoinformatics.org/eml-2.1.1" xmlns:xsi="http://www.w3.org/2001/XMLSchema-instance"
         xsi:schemaLocation="eml://ecoinformatics.org/eml-2.1.1 http://rs.gbif.org/schema/eml-gbif-profile/1.2/eml.xsd"
packageId="ca7da026-6d2c-463c-804b-c73bc1a52784"  system="http://gbif.org" scope="system"
xml:lang="es">

    <dataset>
            <alternateIdentifier>10.15468/k5sj3w</alternateIdentifier>
                <alternateIdentifier>https://ipt.iobis.org/caribbeanobis/resource?r=pecespraderasfanerogamas</alternateIdentifier>
                <alternateIdentifier>http://ipt.iobis.org/caribbeanobis/resource?r=pecespraderasfanerogamas</alternateIdentifier>
                <alternateIdentifier>ca7da026-6d2c-463c-804b-c73bc1a52784</alternateIdentifier>
        <title>Peces presentes en praderas de fanerogamas en Boca Seca (PN Morrocoy) y Laguna de Yapascua (PN San Esteban) Venezuela</title>
            <creator>
            <individualName>
<givenName>Carmen Teresa</givenName>                    <surName>Rodriguez Fernandez</surName>
            </individualName>
<organizationName>BIOMAC-UC</organizationName><positionName>profesor</positionName>            <address>
<deliveryPoint>Departamento biologia FACYT, universidad de Carabobo</deliveryPoint><city>Valencia</city><administrativeArea>Carabobo</administrativeArea><postalCode>2005</postalCode><country>VENEZUELA</country>            </address>
<phone>+584141203353</phone><electronicMailAddress>rfcarmenteresa@gmail.com</electronicMailAddress>            <userId directory="https://orcid.org/">0000-0003-3834-5752</userId>
            </creator>
            <metadataProvider>
            <individualName>
<givenName>Carmen Teresa</givenName>                    <surName>Rodriguez Fernandez</surName>
            </individualName>
<organizationName>BIOMAC-UC</organizationName><positionName>profesor</positionName>            <address>
<deliveryPoint>Departamento de Biologia, FACYT, Universidad de Carabobo</deliveryPoint><city>Valencia</city><administrativeArea>Carabobo</administrativeArea><postalCode>2005</postalCode>            </address>
<phone>+584141203353</phone><electronicMailAddress>rfcarmenteresa@gmail.com</electronicMailAddress>            <userId directory="https://orcid.org/">0000-0003-3834-5752</userId>
            </metadataProvider>
            <associatedParty>
            <individualName>
<givenName>Carmen Teresa</givenName>                    <surName>Rodriguez Fernandez</surName>
            </individualName>
<organizationName>BIOMAC-UC</organizationName><positionName>Profesor</positionName>            <address>
<deliveryPoint>Departamento de Biologia, FACYT, Universidad de Carabobo</deliveryPoint><city>Valencia</city><administrativeArea>Carabobo</administrativeArea><postalCode>2005</postalCode><country>VENEZUELA</country>            </address>
<phone>+584141203353</phone><electronicMailAddress>rfcarmenteresa@gmail.com</electronicMailAddress>            <userId directory="http://orcid.org/">0000-0003-3834-5752</userId>
            <role>AUTHOR</role>
            </associatedParty>
            <associatedParty>
            <individualName>
<givenName>Jose Gregorio</givenName>                    <surName>Rodriguez-Quintal</surName>
            </individualName>
<organizationName>BIOMAC-UC</organizationName><positionName>Profesor</positionName>            <address>
<deliveryPoint>Departamento de Biologia, FACYT, Universidad de Carabobo</deliveryPoint><city>Valencia</city><administrativeArea>Carabobo</administrativeArea><postalCode>2005</postalCode><country>VENEZUELA</country>            </address>
<phone>+584242000853</phone><electronicMailAddress>stegastes@hotmail.com</electronicMailAddress>            <userId directory="http://orcid.org/">0000-0002-5664-8071</userId>
            <role>AUTHOR</role>
            </associatedParty>
            <pubDate>
                2022-10-20
            </pubDate>
        <language>SPANISH</language>
            <abstract>
                    <para>En este data set se presentan las especies de peces en praderas de fanerógamas ubicadas en Boca Seca en el PN Morrocoy, y en la Laguna de Yapascua en el PN San Esteban, en la costa noroccidental de Venezuela. Para caracterizar la comunidad íctica, se estimó la composición por especies de peces en cada una de las localidades bajo estudio, realizando censos visuales con paradas de observación cada 5m por 5min, y caladas con chichorro playero para su captura y posterior identificación. Como resultado de estas investigaciones se identificaron 33 especies de peces de 26 géneros y 21 familias: Acanthuridae, Achiridae, Belonidae, Carangidae, Chaetodontidae, Clupeidae, Diodontidae, Gerreidae, Gobiidae, Haemulidae, Labridae, Lutjanidae, Monacanthidae, Mugilidae, Ostraciidae, Pomacentridae, Scaridae, Serranidae, Sparidae y Tetraodontidae. En Boca Seca un total de 27 especies de 17 familias; y para la Laguna de Yapascua 12 especies de 10 familias. En términos de número de individuos, en Boca Seca las familias mas abundantes fueron la Scaridae, Gerridae, Lutjanidae y Labridae. En la Laguna de Yapascua las familias mas abundantes fueron la Cupleidae, Gerridae y Sparidae</para>
            </abstract>
                <keywordSet>
                        <keyword>Clupeidae</keyword>
                        <keyword>Sphyraenidae y Tetraodontidae</keyword>
                        <keyword>Belonidae</keyword>
                        <keyword>Boca Seca</keyword>
                        <keyword>Gerreidae</keyword>
                        <keyword>Acanthuridae</keyword>
                        <keyword>Morrocoy</keyword>
                        <keyword>Laguna de Yapascua</keyword>
                        <keyword>Sparidae</keyword>
                        <keyword>Occurrence</keyword>
                        <keyword>Carangidae</keyword>
                        <keyword>pradera de fanerogamas</keyword>
                        <keyword>Chaetodontidae</keyword>
                        <keyword>Diodontidae</keyword>
                        <keyword>Pomacentridae</keyword>
                        <keyword>Scaridae</keyword>
                        <keyword>Haemulidae</keyword>
                        <keyword>Labridae</keyword>
                        <keyword>ID: BID-CA2020-025-NAC</keyword>
                        <keyword>Achiridae</keyword>
                        <keyword>Venezuela</keyword>
                        <keyword>Mugilidae</keyword>
                        <keyword>San Esteban</keyword>
                        <keyword>Gobiidae</keyword>
                        <keyword>Monacanthidae</keyword>
                        <keyword>CaribeSur</keyword>
                        <keyword>Ostraciidae</keyword>
                        <keyword>Lutjanidae</keyword>
                        <keyword>Serranidae</keyword>
                        <keywordThesaurus>GBIF Dataset Type Vocabulary: http://rs.gbif.org/vocabulary/gbif/datasetType/occurrence</keywordThesaurus>
                </keywordSet>
                <keywordSet>
                        <keyword>Occurrence</keyword>
                        <keywordThesaurus>GBIF Dataset Type Vocabulary: http://rs.gbif.org/vocabulary/gbif/dataset_type.xml</keywordThesaurus>
                </keywordSet>
                <keywordSet>
                        <keyword>Samplingevent</keyword>
                        <keywordThesaurus>GBIF Dataset Type Vocabulary: http://rs.gbif.org/vocabulary/gbif/dataset_type_2015-07-10.xml</keywordThesaurus>
                </keywordSet>
            <additionalInfo>
                <para>La Transcripcion y curaduría de este conjunto de datos fue posible gracias al apoyo de CaribeSur, Proyecto BID:CA2020-025-NAC</para>
            </additionalInfo>
            <intellectualRights>
                    <para>This work is licensed under a <ulink url="http://creativecommons.org/licenses/by/4.0/legalcode"><citetitle>Creative Commons Attribution (CC-BY) 4.0 License</citetitle></ulink>.</para>
            </intellectualRights>
            <coverage>
                    <geographicCoverage>
                            <geographicDescription>Este trabajo se llevo a cabo en el Parque Nacional Morrocoy, localizado en la región nor-occidental de Golfo Triste, en la costa centro-occidental de Venezuela (10°52’ Lat N y 68°16’ Long O). La pradera seleccionada para este estudio se encuentra ubicada entre Cayo Animas y Cayo Boca Seca, entre los 10°51’05” Lat N y 68°14’07” Long O y se extiende en la parte interna de Cayo Animas, paralela a la línea de la costa, presentando conexión hacia el este con un arrecife coralino a unos 200m, y hacia el oeste con canales internos rodeados por manglares de Rhizophora mangle
El PN San Esteban, está ubicado en la región central de la cordillera de la costa, Carabobo, en la región centro-norte de Venezuela, con un área total de 44.500ha. Dentro del parque, a nivel costero se ubica la Laguna de Yapascua, con un cuerpo de agua salobre, dentro de la cual se desarrolló un sistema de praderas de fanerógamas, en las coordenadas 10°28&apos;23.02&quot;N y -67°53&apos;44.98&quot;O.</geographicDescription>
                            <boundingCoordinates>
                                <westBoundingCoordinate>-68.346</westBoundingCoordinate>
                                <eastBoundingCoordinate>-67.799</eastBoundingCoordinate>
                                <northBoundingCoordinate>10.885</northBoundingCoordinate>
                                <southBoundingCoordinate>10.442</southBoundingCoordinate>
                            </boundingCoordinates>
                    </geographicCoverage>
                        <taxonomicCoverage>
                                <generalTaxonomicCoverage>Como resultado de estas investigaciones se identificaron 33 especies de peces de 26 géneros y 21 familias: Acanthuridae, Achiridae, Belonidae, Carangidae, Chaetodontidae, Clupeidae, Diodontidae, Gerreidae, Gobiidae, Haemulidae, Labridae, Lutjanidae, Monacanthidae, Mugilidae, Ostraciidae, Pomacentridae, Scaridae, Serranidae, Sparidae y Tetraodontidae. En Boca Seca un total de 27 especies de 17 familias; y para Yapascua 12 especies de 10 familias. En términos de número de individuos, en Boca Seca las familias mas abundantes fueron la Scaridae, Gerridae, Lutjanidae y Labridae. En la Laguna de Yapascua las familias mas abundantes fueron la Cupleidae, Gerridae y Sparidae</generalTaxonomicCoverage>
                                <taxonomicClassification>
                                        <taxonRankName>Species</taxonRankName>
                                    <taxonRankValue>Acanthurus bahianus</taxonRankValue>
                                </taxonomicClassification>
                                <taxonomicClassification>
                                        <taxonRankName>Species</taxonRankName>
                                    <taxonRankValue>Acanthurus chirurgus</taxonRankValue>
                                </taxonomicClassification>
                                <taxonomicClassification>
                                        <taxonRankName>Species</taxonRankName>
                                    <taxonRankValue>Archosargus rhomboidalis</taxonRankValue>
                                </taxonomicClassification>
                                <taxonomicClassification>
                                        <taxonRankName>Species</taxonRankName>
                                    <taxonRankValue>Bathygobius soporator</taxonRankValue>
                                </taxonomicClassification>
                                <taxonomicClassification>
                                        <taxonRankName>Species</taxonRankName>
                                    <taxonRankValue>Chaetodon capistratus</taxonRankValue>
                                </taxonomicClassification>
                                <taxonomicClassification>
                                        <taxonRankName>Species</taxonRankName>
                                    <taxonRankValue>Diodon holocanthus</taxonRankValue>
                                </taxonomicClassification>
                                <taxonomicClassification>
                                        <taxonRankName>Species</taxonRankName>
                                    <taxonRankValue>Eucinostomus gula</taxonRankValue>
                                </taxonomicClassification>
                                <taxonomicClassification>
                                        <taxonRankName>Species</taxonRankName>
                                    <taxonRankValue>Eucinostomus melanopterus</taxonRankValue>
                                </taxonomicClassification>
                                <taxonomicClassification>
                                        <taxonRankName>Species</taxonRankName>
                                    <taxonRankValue>Gerres cinereus</taxonRankValue>
                                </taxonomicClassification>
                                <taxonomicClassification>
                                        <taxonRankName>Species</taxonRankName>
                                    <taxonRankValue>Gnatholepis thompsoni</taxonRankValue>
                                </taxonomicClassification>
                                <taxonomicClassification>
                                        <taxonRankName>Species</taxonRankName>
                                    <taxonRankValue>Haemulon aurolineatum</taxonRankValue>
                                </taxonomicClassification>
                                <taxonomicClassification>
                                        <taxonRankName>Species</taxonRankName>
                                    <taxonRankValue>Haemulon flavolineatum</taxonRankValue>
                                </taxonomicClassification>
                                <taxonomicClassification>
                                        <taxonRankName>Species</taxonRankName>
                                    <taxonRankValue>Haemulon sciurus</taxonRankValue>
                                </taxonomicClassification>
                                <taxonomicClassification>
                                        <taxonRankName>Species</taxonRankName>
                                    <taxonRankValue>Halichoeres bivittatus</taxonRankValue>
                                </taxonomicClassification>
                                <taxonomicClassification>
                                        <taxonRankName>Species</taxonRankName>
                                    <taxonRankValue>Hypoplectrus puella</taxonRankValue>
                                </taxonomicClassification>
                                <taxonomicClassification>
                                        <taxonRankName>Species</taxonRankName>
                                    <taxonRankValue>Jenkinsia lamprotaenia</taxonRankValue>
                                </taxonomicClassification>
                                <taxonomicClassification>
                                        <taxonRankName>Species</taxonRankName>
                                    <taxonRankValue>Lactophrys polygonia</taxonRankValue>
                                </taxonomicClassification>
                                <taxonomicClassification>
                                        <taxonRankName>Species</taxonRankName>
                                    <taxonRankValue>Lutjanus analis</taxonRankValue>
                                </taxonomicClassification>
                                <taxonomicClassification>
                                        <taxonRankName>Species</taxonRankName>
                                    <taxonRankValue>Monacanthus ciliatus</taxonRankValue>
                                </taxonomicClassification>
                                <taxonomicClassification>
                                        <taxonRankName>Species</taxonRankName>
                                    <taxonRankValue>Mugil curema</taxonRankValue>
                                </taxonomicClassification>
                                <taxonomicClassification>
                                        <taxonRankName>Species</taxonRankName>
                                    <taxonRankValue>Ocyurus chrysurus</taxonRankValue>
                                </taxonomicClassification>
                                <taxonomicClassification>
                                        <taxonRankName>Species</taxonRankName>
                                    <taxonRankValue>Oligoplites saurus</taxonRankValue>
                                </taxonomicClassification>
                                <taxonomicClassification>
                                        <taxonRankName>Species</taxonRankName>
                                    <taxonRankValue>Scarus iserti</taxonRankValue>
                                </taxonomicClassification>
                                <taxonomicClassification>
                                        <taxonRankName>Species</taxonRankName>
                                    <taxonRankValue>Sparisoma chrysopterum</taxonRankValue>
                                </taxonomicClassification>
                                <taxonomicClassification>
                                        <taxonRankName>Species</taxonRankName>
                                    <taxonRankValue>Sparisoma radians</taxonRankValue>
                                </taxonomicClassification>
                                <taxonomicClassification>
                                        <taxonRankName>Species</taxonRankName>
                                    <taxonRankValue>Sphoeroides greeleyi</taxonRankValue>
                                </taxonomicClassification>
                                <taxonomicClassification>
                                        <taxonRankName>Species</taxonRankName>
                                    <taxonRankValue>Sphoeroides spengleri</taxonRankValue>
                                </taxonomicClassification>
                                <taxonomicClassification>
                                        <taxonRankName>Species</taxonRankName>
                                    <taxonRankValue>Sphoeroides testudineus</taxonRankValue>
                                </taxonomicClassification>
                                <taxonomicClassification>
                                        <taxonRankName>Species</taxonRankName>
                                    <taxonRankValue>Sphyraena barracuda</taxonRankValue>
                                </taxonomicClassification>
                                <taxonomicClassification>
                                        <taxonRankName>Species</taxonRankName>
                                    <taxonRankValue>Stegastes leucostictus</taxonRankValue>
                                </taxonomicClassification>
                                <taxonomicClassification>
                                        <taxonRankName>Species</taxonRankName>
                                    <taxonRankValue>Trachinotus carolinus</taxonRankValue>
                                </taxonomicClassification>
                                <taxonomicClassification>
                                        <taxonRankName>Species</taxonRankName>
                                    <taxonRankValue>Trinectes inscriptus</taxonRankValue>
                                </taxonomicClassification>
                                <taxonomicClassification>
                                        <taxonRankName>Species</taxonRankName>
                                    <taxonRankValue>Tylosurus crocodilus</taxonRankValue>
                                </taxonomicClassification>
                        </taxonomicCoverage>
            </coverage>
            <maintenance>
                <description>
                    <para></para>
                </description>
                <maintenanceUpdateFrequency>asNeeded</maintenanceUpdateFrequency>
            </maintenance>
            <contact>
            <individualName>
<givenName>Jose Gregorio</givenName>                    <surName>Rodriguez-Quintal</surName>
            </individualName>
<organizationName>BIOMAC-UC</organizationName><positionName>Profesor</positionName>            <address>
<deliveryPoint>Departamento de Biologia, FACYT, Universidad de Carabobo</deliveryPoint><city>Valencia</city><administrativeArea>Carabobo</administrativeArea><postalCode>2005</postalCode><country>VENEZUELA</country>            </address>
<phone>+584242000853</phone><electronicMailAddress>stegastes@hotmail.com</electronicMailAddress>            <userId directory="https://orcid.org/">0000-0002-5664-8071</userId>
            </contact>
            <methods>
                    <methodStep>
                        <description>
                            <para>Este trabajo se llevo a cabo en dos praderas de fanerogamas en Venezuela. Una en el Parque Nacional Morrocoy, en la región nor-occidental de Golfo Triste, en la costa centro-occidental especificamente entre Cayo Animas y Cayo Boca Seca, 10°51’05” N y 68°14’07” O, paralela a la línea de la costa, presentando conexión hacia el este con un arrecife coralino a unos 200m, y hacia el oeste con canales internos rodeados por manglares de Rhizophora mangle
El PN San Esteban,  tambien ubicado en la región central de la cordillera de la costa, Carabobo, se selecciono una pradera ubicada en la Laguna de Yapascua, un cuerpo de agua salobre, dentro de las coordenadas 10°28&apos;23.02&quot;N y -67°53&apos;44.98&quot;O</para>
                        </description>
                    </methodStep>
                    <methodStep>
                        <description>
                            <para>El primer estudio se llevó a cabo en el Parque Nacional Morrocoy (Falcon) en una pradera ubicada entre Cayo Animas y Cayo Boca Seca (Falcón). La caracterización de la ictiofauna se hizo con censos visuales a lo largo de transectas de 30m, con paradas de observación cada 5m, registrando el número de individuos por especie observados en un radio de 2,5m aproximadamente, durante un tiempo determinado (método de la transecta, Bortone et al., 1992). Esta metodología se emplea comúnmente en estudios de comunidades arrecifales y ha sido aplicada en el Parque Nacional Morrocoy estableciendo 5min como el tiempo mínimo de parada para obtener la curva de saturación de especies. Se realizaron 11 censos y 9 caladas con una red de playa de 40m de largo, 2m de alto y abertura de malla de 1cm, durante los meses de junio 2000 y mayo 2001 (sequía) y octubre y noviembre 2000 (lluvia), preservando los ejemplares en formol al 5%.</para>
                        </description>
                    </methodStep>
                    <methodStep>
                        <description>
                            <para>En la pradera de la Laguna de Yapascua, en el Parque Nacional San Esteban (Carabobo), la colecta de los peces se realizó en el año 2014, con una red tipo chinchorro playero de 10m de longitud, 2,5m de alto y 1,5cm de abertura de malla, con un área de muestreo efectiva de 15,91m2. Para un total de dos (2) caladas por punto, en un único horario a las 11:00 am. Los peces capturados fueron colocados en frio, y etiquetados según la zona de captura. Una vez en el laboratorio los peces fueron preservados en formalina al 10% con agua de mar, previo su identificación. Se procedió a realizar la clasificación taxonómica hasta especie, utilizando las claves propuestas por Fisher (1997), Cervigón (1991, 1993, 1994, 1996) y la página www.fishbase.net.</para>
                        </description>
                    </methodStep>
                    <sampling>
                        <studyExtent>
                            <description>
                                <para>Este trabajo se llevo a cabo en el Parque Nacional Morrocoy, localizado en la región nor-occidental de Golfo Triste, en la costa centro-occidental de Venezuela (10°52’ N y 68°16’ O). La pradera seleccionada para este estudio se encuentra ubicada entre Cayo Animas y Cayo Boca Seca, entre los 10°51’05” N y 68°14’07” O y se extiende en la parte interna de Cayo Animas, paralela a la línea de la costa, presentando conexión hacia el este con un arrecife coralino a unos 200m, y hacia el oeste con canales internos rodeados por manglares de Rhizophora mangle
El PN San Esteban, está ubicado en la región central de la cordillera de la costa, Carabobo, en la región centro-norte de Venezuela, con un área total de 44.500ha. Dentro del parque, a nivel costero se ubica la Laguna de Yapascua, con un cuerpo de agua salobre, dentro de la cual se desarrolla un sistema de praderas de fanerógamas, en las coordenadas 10°28&apos;23.02&quot;N y -67°53&apos;44.98&quot;O en la que se realizo este censo de peces</para>
                            </description>
                        </studyExtent>
                        <samplingDescription>
                            <para>El primer estudio se llevó a cabo en el Parque Nacional Morrocoy (Falcon) en una pradera ubicada entre Cayo Animas y Cayo Boca Seca (Falcón). La caracterización de la ictiofauna se hizo con censos visuales a lo largo de transectas de 30m, con paradas de observación cada 5m, registrando el número de individuos por especie observados en un radio de 2,5m aproximadamente, durante un tiempo determinado (método de la transecta, Bortone et al., 1992). Esta metodología se emplea comúnmente en estudios de comunidades arrecifales y ha sido aplicada en el Parque Nacional Morrocoy estableciendo 5min como el tiempo mínimo de parada para obtener la curva de saturación de especies. Se realizaron 11 censos y 9 caladas con una red de playa de 40m de largo, 2m de alto y abertura de malla de 1cm, durante los meses de junio 2000 y mayo 2001 (sequía) y octubre y noviembre 2000 (lluvia), preservando los ejemplares en formol al 5%.
En la pradera de la Laguna de Yapascua, en el Parque Nacional San Esteban (Carabobo), la colecta de los peces se realizó en el año 2014, con una red tipo chinchorro playero de 10m de longitud, 2,5m de alto y 1,5cm de abertura de malla, con un área de muestreo efectiva de 15,91m2. Para un total de dos (2) caladas por punto, en un único horario a las 11:00 am. Los peces capturados fueron colocados en frio, y etiquetados según la zona de captura. Una vez en el laboratorio los peces fueron preservados en formalina al 10% con agua de mar, previo su identificación. Se procedió a realizar la clasificación taxonómica hasta especie, utilizando las claves propuestas por Fisher (1997), Cervigón (1991, 1993, 1994, 1996) y la página www.fishbase.net.</para>
                        </samplingDescription>
                    </sampling>
            </methods>

            <project id="BID-CA2020-025-NAC">
                <title>Peces presentes en praderas de fanerogamas en Boca Seca (PN Morrocoy) y Laguna de Yapascua (PN San Esteban) Venezuela</title>
                    <personnel>
            <individualName>
<givenName>Jose Gregorio</givenName>                    <surName>Rodriguez-Quintal</surName>
            </individualName>
            <userId directory="http://orcid.org/">0000-0002-5664-8071</userId>
            <role>AUTHOR</role>
                    </personnel>
                    <personnel>
            <individualName>
<givenName>Carmen Teresa</givenName>                    <surName>Rodriguez Fernandez</surName>
            </individualName>
            <userId directory="http://orcid.org/">0000-0003-3834-5752</userId>
            <role>AUTHOR</role>
                    </personnel>
                    <personnel>
            <individualName>
<givenName>David</givenName>                    <surName>Bone Torroja</surName>
            </individualName>
            <userId directory="http://orcid.org/">0000-0003-3030-0832</userId>
            <role>AUTHOR</role>
                    </personnel>
                <abstract>
                    <para>En este data set se presentan las especies de peces en praderas de fanerógamas ubicadas en Boca Seca en el PN Morrocoy, y Laguna de Yapascua en el PN San Esteban, en la costa noroccidental de Venezuela. Para caracterizar la comunidad íctica, se estimó la composición por especies de peces en cada una de las localidades bajo estudio, realizando censos visuales con paradas de observación cada 5m por 5min, y caladas con chichorro playero para su captura y posterior identificación. Como resultado de estas investigaciones se identificaron 33 especies de peces de 26 géneros y 21 familias: Acanthuridae, Achiridae, Belonidae, Carangidae, Chaetodontidae, Clupeidae, Diodontidae, Gerreidae, Gobiidae, Haemulidae, Labridae, Lutjanidae, Monacanthidae, Mugilidae, Ostraciidae, Pomacentridae, Scaridae, Serranidae, Sparidae y Tetraodontidae. En Boca Seca un total de 27 especies de 17 familias; y para Yapascua 12 especies de 10 familias. En términos de número de individuos, en Boca Seca las familias mas abundantes fueron la Scaridae, Gerridae, Lutjanidae y Labridae. En la Laguna de Yapascua las familias mas abundantes fueron la Cupleidae, Gerridae y Sparidae</para>
                </abstract>
                <funding>
                    <para>Curaduría y movilización de datos: Proyecto GBIF-CaribeSur ID: BID-CA2020-025-NAC</para>
                </funding>
                    <studyAreaDescription>
                        <descriptor name="generic" citableClassificationSystem="false">
                            <descriptorValue>Este trabajo se llevo a cabo en el Parque Nacional Morrocoy, localizado en la región nor-occidental de Golfo Triste, en la costa centro-occidental de Venezuela (10°52’ N y 68°16’ O). La pradera seleccionada para este estudio se encuentra ubicada entre Cayo Animas y Cayo Boca Seca, entre los 10°51’05” N y 68°14’07” O y se extiende en la parte interna de Cayo Animas, paralela a la línea de la costa, presentando conexión hacia el este con un arrecife coralino a unos 200m, y hacia el oeste con canales internos rodeados por manglares de Rhizophora mangle
El PN San Esteban, está ubicado en la región central de la cordillera de la costa, Carabobo, en la región centro-norte de Venezuela, con un área total de 44.500ha. Dentro del parque, a nivel costero se ubica la Laguna de Yapascua, con un cuerpo de agua salobre, dentro de la cual se desarrolla un sistema de praderas de fanerógamas, en las coordenadas 10°28&apos;23.02&quot;N y -67°53&apos;44.98&quot;O en la que se realizo este censo de peces.</descriptorValue>
                        </descriptor>
                    </studyAreaDescription>
                    <designDescription>
                        <description>
                            <para>El primer estudio se llevó a cabo en el Parque Nacional Morrocoy (Falcon) en una pradera ubicada entre Cayo Animas y Cayo Boca Seca (Falcón). La caracterización de la ictiofauna se hizo con censos visuales a lo largo de transectas de 30m, con paradas de observación cada 5m, registrando el número de individuos por especie observados en un radio de 2,5m aproximadamente, durante un tiempo determinado (método de la transecta, Bortone et al., 1992). Esta metodología se emplea comúnmente en estudios de comunidades arrecifales y ha sido aplicada en el Parque Nacional Morrocoy estableciendo 5min como el tiempo mínimo de parada para obtener la curva de saturación de especies. Se realizaron 11 censos y 9 caladas con una red de playa de 40m de largo, 2m de alto y abertura de malla de 1cm, durante los meses de junio 2000 y mayo 2001 (sequía) y octubre y noviembre 2000 (lluvia), preservando los ejemplares en formol al 5%.
En la pradera de la Laguna de Yapascua, en el Parque Nacional San Esteban (Carabobo), la colecta de los peces se realizó en el año 2014, con una red tipo chinchorro playero de 10m de longitud, 2,5m de alto y 1,5cm de abertura de malla, con un área de muestreo efectiva de 15,91m2. Para un total de dos (2) caladas por punto, en un único horario a las 11:00 am. Los peces capturados fueron colocados en frio, y etiquetados según la zona de captura. Una vez en el laboratorio los peces fueron preservados en formalina al 10% con agua de mar, previo su identificación. Se procedió a realizar la clasificación taxonómica hasta especie, utilizando las claves propuestas por Fisher (1997), Cervigón (1991, 1993, 1994, 1996) y la página www.fishbase.net.</para>
                        </description>
                    </designDescription>
            </project>
    </dataset>

    <additionalMetadata>
        <metadata>
            <gbif>
                <dateStamp>2024-07-11T14:26:26Z</dateStamp>
                <citation>Rodriguez Fernandez C T, Rodriguez-Quintal J G &amp; D Bone Torroja (2022): Peces presentes en praderas de fanerogamas en Boca Seca (PN Morrocoy) y Laguna de Yapascua (PN San Esteban) Venezuela https://doi.org/10.15468/k5sj3w accessed via GBIF.org on 2024-07-11.</citation>
                    <bibliography>
                <citation identifier="http://servicio.bc.uc.edu.ve/facyt/vol6n1/art01.pdf">Rodríguez, C., J. Rodríguez-Quintal &amp; D. Bone. 2011.Dieta de las principales especies de peces asociadas a una pradera de Thalassia testudinum del Parque Nacional Morrocoy, Venezuela. Faraute de Ciencias y Tecnología, 6(1), pp 5-10</citation>
                <citation>Rodriguez, J, 2014. Estructura trófica de la Comunidad Ictica asociada a una pradera de fanerógamas, en la Laguna de Yapascua, Parque Nacional San Esteban. Informe interno</citation>
                    </bibliography>
                    <resourceLogoUrl>http://ipt.iobis.org/caribbeanobis/logo.do?r=pecespraderasfanerogamas</resourceLogoUrl>
                        <collection>
                            <parentCollectionIdentifier></parentCollectionIdentifier>
                            <collectionIdentifier></collectionIdentifier>
                            <collectionName>Coleccion Biologica de Organismos Marinos</collectionName>
                        </collection>
                        <specimenPreservationMethod>FORMALIN</specimenPreservationMethod>
                            <jgtiCuratorialUnit>
                                <jgtiUnitType>envases</jgtiUnitType>
                                <jgtiUnitRange>
                                    <beginRange>1</beginRange>
                                    <endRange>50</endRange>
                                </jgtiUnitRange>
                            </jgtiCuratorialUnit>
            </gbif>
        </metadata>
    </additionalMetadata>

</eml:eml>
