<?xml version="1.0" encoding="utf-8"?>
<eml:eml xmlns:eml="eml://ecoinformatics.org/eml-2.1.1" xmlns:xsi="http://www.w3.org/2001/XMLSchema-instance"
         xsi:schemaLocation="eml://ecoinformatics.org/eml-2.1.1 http://rs.gbif.org/schema/eml-gbif-profile/1.2/eml.xsd"
packageId="d002c155-3025-4a2e-8843-fcefa96e2802"  system="http://gbif.org" scope="system"
xml:lang="es">

    <dataset>
            <alternateIdentifier>10.15472/avllrs</alternateIdentifier>
                <alternateIdentifier>d002c155-3025-4a2e-8843-fcefa96e2802</alternateIdentifier>
                <alternateIdentifier>https://ipt.biodiversidad.co/sibm/resource?r=albuquerque2018_bi</alternateIdentifier>
        <title>Biodiversidad íctica de la Isla Cayos de Albuquerque Reserva de Biosfera Seaflower-Proyecto Colombia BIO</title>
            <creator>
            <individualName>
<givenName>Arturo</givenName>                    <surName>Acero Pizarro</surName>
            </individualName>
<organizationName>Universidad Nacional de Colombia</organizationName><positionName>Profesor titular</positionName>            <address>
<deliveryPoint>Clle 25 #2-55, Playa Salguero Invemar, CECIMAR Sede Caribe</deliveryPoint><city>Santa Marta</city><administrativeArea>Magdalena</administrativeArea><postalCode>470006</postalCode><country>COLOMBIA</country>            </address>
<phone>575 4328600  ext. 279</phone><electronicMailAddress>aacerop@unal.edu.co</electronicMailAddress><onlineUrl>http://www.hermes.unal.edu.co/pages/Consultas/Investigador.xhtml</onlineUrl>            </creator>
            <creator>
            <individualName>
<givenName>Jose Julián</givenName>                    <surName>Tavera</surName>
            </individualName>
<organizationName>Universidad del Valle</organizationName><positionName>Profesor asociado</positionName>            <address>
<deliveryPoint>Clle 13 # 100-00, Ciudadela Universitaria Meléndez - Universidad del Valle</deliveryPoint><city>Cali</city><administrativeArea>Valle del Cauca</administrativeArea><postalCode>76001</postalCode><country>COLOMBIA</country>            </address>
<phone>572 3212100  ext. 2171</phone><electronicMailAddress>jose.tavera@correounivalle.edu.co</electronicMailAddress><onlineUrl>http://biologia.univalle.edu.co/index.php/profesores/jose-tavera</onlineUrl>            </creator>
            <creator>
            <individualName>
<givenName>Natalia</givenName>                    <surName>Rivas Escobar</surName>
            </individualName>
<organizationName>Universidad Nacional de Colombia</organizationName><positionName>Estudiante de maestría</positionName>            <address>
<country>COLOMBIA</country>            </address>
<electronicMailAddress>narivase@unal.edu.co</electronicMailAddress>            </creator>
            <creator>
            <individualName>
<givenName>Alfredo Abril</givenName>                    <surName>Howard</surName>
            </individualName>
<organizationName>Universidad Nacional de Colombia</organizationName><positionName>Estudiante de doctorado</positionName>            <address>
<country>COLOMBIA</country>            </address>
            </creator>
            <metadataProvider>
            <individualName>
<givenName>Natalia</givenName>                    <surName>Rivas Escobar</surName>
            </individualName>
<organizationName>Universidad Nacional de Colombia</organizationName><positionName>Estudiante de maestría</positionName>            <address>
<country>COLOMBIA</country>            </address>
<electronicMailAddress>narivase@unal.edu.co</electronicMailAddress>            </metadataProvider>
            <associatedParty>
            <individualName>
<givenName>Arturo</givenName>                    <surName>Acero Pizarro</surName>
            </individualName>
<organizationName>Universidad Nacional de Colombia</organizationName><positionName>Profesor titular</positionName>            <address>
<deliveryPoint>Clle 25 #2-55, Playa Salguero - Invemar</deliveryPoint><city>Santa Marta</city><administrativeArea>Magdalena</administrativeArea><postalCode>47006</postalCode><country>COLOMBIA</country>            </address>
<phone>575 4328600  ext. 279</phone><electronicMailAddress>aacerop@unal.edu.co</electronicMailAddress><onlineUrl>http://www.hermes.unal.edu.co/pages/Consultas/Investigador.xhtml</onlineUrl>            <role>AUTHOR</role>
            </associatedParty>
            <pubDate>
                2021-07-15
            </pubDate>
        <language>SPANISH</language>
            <abstract>
                    <para>El Archipiélago de San Andrés, Providencia y Santa Catalina, con una extensión aproximada de 180.000 km2, está compuesto por tres islas con población humana residente y un gran número de islas pequeñas, cayos, bajos y bancos que se extienden de noreste a suroeste en el Caribe occidental colombiano. Reconociendo singularidades como su tamaño, composición geomorfológica, ubicación, recursos pesqueros, área potencial para energías renovables, diversidad de especies y riqueza de ecosistemas, la UNESCO declaró al Archipiélago como Reserva de Biosfera Seaflower.
En los últimos años la Comisión Colombiana del Océano- CCO ha venido organizando anualmente expediciones científicas a diferentes localidades de la Reserva; la última expedición realizada (2018) fue a las islas ubicadas en el límite sur del archipiélago, Islas Cayo de Albuquerque (Cayo Suroeste). 
La información presentada en el presente proyecto fue colectada durante el primer turno de la expedición llevado a cabo del 23 de septiembre al 3 de octubre de 2018. El muestreo se realizó de forma intensiva por medio de censo errante con equipo de buceo autónomo durante aproximadamente 30 minutos en cada estación evaluada alrededor de los cayos. Las profundidades evaluadas oscilaron entre 2 y 35 m.  
En total fueron evaluadas 35 estaciones donde pudieron registrarse 207 especies de peces de las cuales, 26 son nuevos registros para el área y 5 para la Reserva.</para>
            </abstract>
                <keywordSet>
                        <keyword></keyword>
                        <keyword>Colombia</keyword>
                        <keyword>Biodiversidad</keyword>
                        <keyword>Albuquerque</keyword>
                        <keyword>Peces</keyword>
                        <keyword>ocurrencia</keyword>
                        <keyword>Caribe colombiano</keyword>
                        <keyword>Reserva Biosfera</keyword>
                        <keywordThesaurus>GBIF Dataset Type Vocabulary: http://rs.gbif.org/vocabulary/gbif/dataset_type.xml</keywordThesaurus>
                </keywordSet>
                <keywordSet>
                        <keyword>Observation</keyword>
                        <keywordThesaurus>GBIF Dataset Subtype Vocabulary: http://rs.gbif.org/vocabulary/gbif/dataset_subtype.xml</keywordThesaurus>
                </keywordSet>
            <intellectualRights>
                    <para>This work is licensed under a <ulink url="http://creativecommons.org/licenses/by-nc/4.0/legalcode"><citetitle>Creative Commons Attribution Non Commercial (CC-BY-NC) 4.0 License</citetitle></ulink>.</para>
            </intellectualRights>
            <coverage>
                    <geographicCoverage>
                            <geographicDescription>Cayos de Albuquerque. Reserva de la Biósfera Seaflower. Caribe colombiano</geographicDescription>
                            <boundingCoordinates>
                                <westBoundingCoordinate>-82.969</westBoundingCoordinate>
                                <eastBoundingCoordinate>-76.421</eastBoundingCoordinate>
                                <northBoundingCoordinate>17.225</northBoundingCoordinate>
                                <southBoundingCoordinate>10.358</southBoundingCoordinate>
                            </boundingCoordinates>
                    </geographicCoverage>
                    <temporalCoverage>
                            <rangeOfDates>
                                <beginDate>
                                    <calendarDate>                2018-09-23
</calendarDate>
                                </beginDate>
                                <endDate>
                                    <calendarDate>                2018-10-02
</calendarDate>
                                </endDate>
                            </rangeOfDates>
                    </temporalCoverage>
                        <taxonomicCoverage>
                                <taxonomicClassification>
                                        <taxonRankName>Order</taxonRankName>
                                    <taxonRankValue>Carcharhiniformes</taxonRankValue>
                                </taxonomicClassification>
                                <taxonomicClassification>
                                        <taxonRankName>Order</taxonRankName>
                                    <taxonRankValue>Orectolobiformes</taxonRankValue>
                                </taxonomicClassification>
                                <taxonomicClassification>
                                        <taxonRankName>Order</taxonRankName>
                                    <taxonRankValue>Myliobatiformes</taxonRankValue>
                                </taxonomicClassification>
                                <taxonomicClassification>
                                        <taxonRankName>Order</taxonRankName>
                                    <taxonRankValue>Anguilliformes</taxonRankValue>
                                </taxonomicClassification>
                                <taxonomicClassification>
                                        <taxonRankName>Order</taxonRankName>
                                    <taxonRankValue>Clupeiformes</taxonRankValue>
                                </taxonomicClassification>
                                <taxonomicClassification>
                                        <taxonRankName>Order</taxonRankName>
                                    <taxonRankValue>Aulopiformes</taxonRankValue>
                                </taxonomicClassification>
                                <taxonomicClassification>
                                        <taxonRankName>Order</taxonRankName>
                                    <taxonRankValue>Holocentriformes</taxonRankValue>
                                </taxonomicClassification>
                                <taxonomicClassification>
                                        <taxonRankName>Order</taxonRankName>
                                    <taxonRankValue>Scombriformes</taxonRankValue>
                                </taxonomicClassification>
                                <taxonomicClassification>
                                        <taxonRankName>Order</taxonRankName>
                                    <taxonRankValue>Syngnathiformes</taxonRankValue>
                                </taxonomicClassification>
                                <taxonomicClassification>
                                        <taxonRankName>Order</taxonRankName>
                                    <taxonRankValue>Kurtiformes</taxonRankValue>
                                </taxonomicClassification>
                                <taxonomicClassification>
                                        <taxonRankName>Order</taxonRankName>
                                    <taxonRankValue>Gobiiformes</taxonRankValue>
                                </taxonomicClassification>
                                <taxonomicClassification>
                                        <taxonRankName>Order</taxonRankName>
                                    <taxonRankValue>Carangiformes</taxonRankValue>
                                </taxonomicClassification>
                                <taxonomicClassification>
                                        <taxonRankName>Order</taxonRankName>
                                    <taxonRankValue>Incertae sedis- Carangaria</taxonRankValue>
                                </taxonomicClassification>
                                <taxonomicClassification>
                                        <taxonRankName>Order</taxonRankName>
                                    <taxonRankValue>Carangiformes</taxonRankValue>
                                </taxonomicClassification>
                                <taxonomicClassification>
                                        <taxonRankName>Order</taxonRankName>
                                    <taxonRankValue>Pleuronectiformes</taxonRankValue>
                                </taxonomicClassification>
                                <taxonomicClassification>
                                        <taxonRankName>Order</taxonRankName>
                                    <taxonRankValue>Beloniformes</taxonRankValue>
                                </taxonomicClassification>
                                <taxonomicClassification>
                                    <taxonRankValue>incertae sedis- Ovalentaria</taxonRankValue>
                                </taxonomicClassification>
                                <taxonomicClassification>
                                        <taxonRankName>Order</taxonRankName>
                                    <taxonRankValue>Mugiliformes</taxonRankValue>
                                </taxonomicClassification>
                                <taxonomicClassification>
                                    <taxonRankValue>incertae sedis- Ovalentaria</taxonRankValue>
                                </taxonomicClassification>
                                <taxonomicClassification>
                                        <taxonRankName>Order</taxonRankName>
                                    <taxonRankValue>Gobiesociformes</taxonRankValue>
                                </taxonomicClassification>
                                <taxonomicClassification>
                                        <taxonRankName>Order</taxonRankName>
                                    <taxonRankValue>Blenniiformes</taxonRankValue>
                                </taxonomicClassification>
                                <taxonomicClassification>
                                        <taxonRankName>Order</taxonRankName>
                                    <taxonRankValue>Gerreiformes</taxonRankValue>
                                </taxonomicClassification>
                                <taxonomicClassification>
                                        <taxonRankName>Order</taxonRankName>
                                    <taxonRankValue>Labriformes</taxonRankValue>
                                </taxonomicClassification>
                                <taxonomicClassification>
                                        <taxonRankName>Order</taxonRankName>
                                    <taxonRankValue>Chaetodontiformes</taxonRankValue>
                                </taxonomicClassification>
                                <taxonomicClassification>
                                    <taxonRankValue>incertae sedis- Eupercaria</taxonRankValue>
                                </taxonomicClassification>
                                <taxonomicClassification>
                                        <taxonRankName>Order</taxonRankName>
                                    <taxonRankValue>Acanthuriformes</taxonRankValue>
                                </taxonomicClassification>
                                <taxonomicClassification>
                                    <taxonRankValue>incertae sedis- Eupercaria</taxonRankValue>
                                </taxonomicClassification>
                                <taxonomicClassification>
                                        <taxonRankName>Order</taxonRankName>
                                    <taxonRankValue>Lutjaniformes</taxonRankValue>
                                </taxonomicClassification>
                                <taxonomicClassification>
                                        <taxonRankName>Order</taxonRankName>
                                    <taxonRankValue>Lobotiformes</taxonRankValue>
                                </taxonomicClassification>
                                <taxonomicClassification>
                                        <taxonRankName>Order</taxonRankName>
                                    <taxonRankValue>Spariformes</taxonRankValue>
                                </taxonomicClassification>
                                <taxonomicClassification>
                                        <taxonRankName>Order</taxonRankName>
                                    <taxonRankValue>Priacanthiformes</taxonRankValue>
                                </taxonomicClassification>
                                <taxonomicClassification>
                                        <taxonRankName>Order</taxonRankName>
                                    <taxonRankValue>Tetraodontiformes</taxonRankValue>
                                </taxonomicClassification>
                                <taxonomicClassification>
                                        <taxonRankName>Order</taxonRankName>
                                    <taxonRankValue>Pempheriformes</taxonRankValue>
                                </taxonomicClassification>
                                <taxonomicClassification>
                                        <taxonRankName>Order</taxonRankName>
                                    <taxonRankValue>Centrarchiformes</taxonRankValue>
                                </taxonomicClassification>
                                <taxonomicClassification>
                                        <taxonRankName>Order</taxonRankName>
                                    <taxonRankValue>Perciformes</taxonRankValue>
                                </taxonomicClassification>
                        </taxonomicCoverage>
            </coverage>
            <maintenance>
                <description>
                    <para></para>
                </description>
                <maintenanceUpdateFrequency>asNeeded</maintenanceUpdateFrequency>
            </maintenance>
            <contact>
            <individualName>
<givenName>Arturo</givenName>                    <surName>Acero Pizarro</surName>
            </individualName>
<organizationName>Universidad Nacional de Colombia</organizationName><positionName>Profesor titular</positionName>            <address>
<deliveryPoint>Clle 25 #2-55, Playa Salguero Invemar, CECIMAR Sede Caribe</deliveryPoint><city>Santa Marta</city><administrativeArea>Magdalena</administrativeArea><postalCode>470006</postalCode><country>COLOMBIA</country>            </address>
<phone>575 4328600  ext. 279</phone><electronicMailAddress>aacerop@unal.edu.co</electronicMailAddress><onlineUrl>http://www.hermes.unal.edu.co/pages/Consultas/Investigador.xhtml</onlineUrl>            </contact>
            <contact>
            <individualName>
<givenName>Erika</givenName>                    <surName>Montoya-Cadavid</surName>
            </individualName>
<organizationName>Invemar</organizationName><positionName>Administradora de datos IPT SiBM OBIS Colombia</positionName>            <address>
<deliveryPoint>Clle 25 #2-55, Playa Salguero - Invemar</deliveryPoint><city>Santa marta</city><administrativeArea>Magdalena</administrativeArea><postalCode>470006</postalCode><country>COLOMBIA</country>            </address>
<phone>575 4328600 ext. 143</phone><electronicMailAddress>administrador_sibm@invemar.org.co</electronicMailAddress>            </contact>
            <contact>
            <individualName>
<givenName>Julio</givenName>                    <surName>Bohorquez</surName>
            </individualName>
<organizationName>Invemar</organizationName><positionName>Custodio y administrador bases de datos</positionName>            <address>
<deliveryPoint>Clle 25 #2-55, Playa Salguero - Invemar</deliveryPoint><city>Santa Marta</city><administrativeArea>Magdalena</administrativeArea><postalCode>470006</postalCode><country>COLOMBIA</country>            </address>
<electronicMailAddress>julio.bohorquez@invemar.org.co</electronicMailAddress>            </contact>
            <methods>
                    <methodStep>
                        <description>
                            <para>Por medio de buceo autónomo fueron evaluadas 35 estaciones alrededor de los cayos, abarcando diferentes sustratos y profundidades. Fueron registradas las especies observadas durante cada inmersión y su abundancia relativa.</para>
                        </description>
                    </methodStep>
                    <sampling>
                        <studyExtent>
                            <description>
                                <para>Cayos de Albuquerque</para>
                            </description>
                        </studyExtent>
                        <samplingDescription>
                            <para>Buceo errante a profundidades de hasta 30 metros por 30 minutos en cada estación evaluada.</para>
                        </samplingDescription>
                    </sampling>
            </methods>

            <project id="Colombia_BIO">
                <title>Biodiversidad íctica de la Isla Cayos de Albuquerque Reserva de Biosfera Seaflower</title>
                    <personnel>
            <individualName>
<givenName>Nacor</givenName>                    <surName>Bolaños- Cubillos</surName>
            </individualName>
            <role>METADATA_AUTHOR</role>
                    </personnel>
                <abstract>
                    <para>Dadas las particularidades de la zona, en el año 2000 la UNESCO declaró al archipiélago de San Andrés, Providencia y Santa Catalina como Reserva de la Biosfera Seaflower. Desde el año 2015, instituciones colombianas han participado en expediciones científicas anuales a zonas relativamente remotas de la Reserva para aumentar el conocimiento de sus ecosistemas y biodiversidad. 
En el presente estudio se registran 207 especies de peces para los Cayos de Albuquerque (12°07’N- 81°52’2&quot;O), observadas durante la Expedición Científica Seaflower 2018. Se incluyen cinco nuevos registros para la reserva y 26 para la localidad.</para>
                </abstract>
                <funding>
                    <para>Universidad Nacional de Colombia
Comisión Colombiana del Océano 
Colciencias</para>
                </funding>
                    <studyAreaDescription>
                        <descriptor name="generic" citableClassificationSystem="false">
                            <descriptorValue>El Archipiélago de San Andrés, Providencia y Santa Catalina, con una extensión aproximada de 180.000 km2, está compuesto por tres islas con población humana residente y un gran número de islas pequeñas, cayos, bajos y bancos que se extienden de noreste a suroeste en el Caribe occidental colombiano. Cayos de Albuquerque se ubican en el limite sur de la reserva, cuentan con hábitats litorales y someros entre los que destacan los fondos arenosos, sustratos rocosos, pastos marinos, acantilados y formaciones coralinas.</descriptorValue>
                        </descriptor>
                    </studyAreaDescription>
                    <designDescription>
                        <description>
                            <para>En el muestreo se realizaron censos visuales con el método de buceo errante de Agra, nadando a una profundidad uniforme a lo largo de cada buceo (30 minutos) a cuatro niveles diferentes (0-5 m, 8-10 m, 12-15 y 18-20 m).</para>
                        </description>
                    </designDescription>
            </project>
    </dataset>

    <additionalMetadata>
        <metadata>
            <gbif>
                <dateStamp>2024-07-11T14:26:37Z</dateStamp>
                <citation identifier="https://doi.org/10.15472/avllrs">Acero Pizarro A, Tavera J J, Rivas Escobar N, Howard A A (2021): Biodiversidad íctica de la Isla Cayos de Albuquerque Reserva de Biosfera Seaflower-Proyecto Colombia BIO. v1.1. Universidad Nacional de Colombia. Dataset/Occurrence. https://doi.org/10.15472/avllrs accessed via GBIF.org on 2024-06-17. accessed via GBIF.org on 2024-06-17. accessed via GBIF.org on 2024-07-11.</citation>
                    <resourceLogoUrl>https://statics.sibcolombia.net/sib-resources/images/logos-socios/500px/unal.jpg</resourceLogoUrl>
            </gbif>
        </metadata>
    </additionalMetadata>

</eml:eml>
