<?xml version="1.0" encoding="utf-8"?>
<eml:eml xmlns:eml="eml://ecoinformatics.org/eml-2.1.1" xmlns:xsi="http://www.w3.org/2001/XMLSchema-instance"
         xsi:schemaLocation="eml://ecoinformatics.org/eml-2.1.1 http://rs.gbif.org/schema/eml-gbif-profile/1.2/eml.xsd"
packageId="e5e8bc78-652e-4f13-81fb-58866002f82b"  system="http://gbif.org" scope="system"
xml:lang="es">

    <dataset>
            <alternateIdentifier>10.15468/6aeejv</alternateIdentifier>
                <alternateIdentifier>https://ipt.iobis.org/caribbeanobis/resource?r=pecesarrecifesislalargaalcatraz</alternateIdentifier>
                <alternateIdentifier>http://ipt.iobis.org/caribbeanobis/resource?r=pecesarrecifesislalargaalcatraz</alternateIdentifier>
                <alternateIdentifier>e5e8bc78-652e-4f13-81fb-58866002f82b</alternateIdentifier>
        <title>Peces de arrecifes coralinos de Isla Larga y Alcatraz, PN San Esteban, Venezuela</title>
            <creator>
            <individualName>
<givenName>Carmen Teresa</givenName>                    <surName>Rodriguez Fernandez</surName>
            </individualName>
<organizationName>BIOMAC-UC, Universidad de Carabobo</organizationName><positionName>Profesor</positionName>            <address>
<deliveryPoint>FACYT, Departamento de Biologia</deliveryPoint><city>Valencia</city><administrativeArea>Carabobo</administrativeArea><postalCode>2005</postalCode><country>VENEZUELA</country>            </address>
<phone>+584141203353</phone><electronicMailAddress>rfcarmenteresa@gmail.com</electronicMailAddress>            <userId directory="http://orcid.org/">0000-0003-3834-5752</userId>
            </creator>
            <metadataProvider>
            <individualName>
<givenName>Jose Gregorio</givenName>                    <surName>Rodriguez-Quintal</surName>
            </individualName>
<organizationName>BIOMAC-UC, Universidad de Carabobo</organizationName><positionName>Profesor</positionName>            <address>
<deliveryPoint>FACYT, Departamento de Biologia</deliveryPoint><city>Valencia</city><administrativeArea>Carabobo</administrativeArea><postalCode>2005</postalCode><country>VENEZUELA</country>            </address>
<phone>+5842420008353</phone><electronicMailAddress>stegastes@hotmail.com</electronicMailAddress>            <userId directory="http://orcid.org/">0000-0002-5664-8071</userId>
            </metadataProvider>
            <associatedParty>
            <individualName>
<givenName>Jose Gregorio</givenName>                    <surName>Rodriguez-Quintal</surName>
            </individualName>
<organizationName>BIOMAC-UC, Universidad de Carabobo</organizationName><positionName>Profesor</positionName>            <address>
<deliveryPoint>FACYT, Departamento de Biologia</deliveryPoint><city>Valencia</city><administrativeArea>Carabobo</administrativeArea><postalCode>2005</postalCode><country>VENEZUELA</country>            </address>
<phone>+5842420008353</phone><electronicMailAddress>stegastes@hotmail.com</electronicMailAddress>            <userId directory="http://orcid.org/">0000-0002-5664-8071</userId>
            <role>AUTHOR</role>
            </associatedParty>
            <associatedParty>
            <individualName>
<givenName>Ana Teresa</givenName>                    <surName>Herrera-Reveles</surName>
            </individualName>
<organizationName>Universidad Central de Venezuela</organizationName><positionName>Profesor</positionName>            <address>
<deliveryPoint>Los Chaguaramos</deliveryPoint><administrativeArea>Caracas</administrativeArea><country>VENEZUELA</country>            </address>
            <role>AUTHOR</role>
            </associatedParty>
            <associatedParty>
            <individualName>
<givenName>Carmen Teresa</givenName>                    <surName>Rodriguez Fernandez</surName>
            </individualName>
<organizationName>BIOMAC-UC, Universidad de Carabobo</organizationName><positionName>Profesor</positionName>            <address>
<deliveryPoint>FACYT, Departamento de Biologia</deliveryPoint><city>Valencia</city><administrativeArea>Carabobo</administrativeArea><postalCode>2005</postalCode>            </address>
<phone>+584141203353</phone><electronicMailAddress>rfcarmenteresa@gmail.com</electronicMailAddress>            <userId directory="http://orcid.org/">0000-0003-3834-5752</userId>
            <role>AUTHOR</role>
            </associatedParty>
            <associatedParty>
            <individualName>
<givenName>Marcos</givenName>                    <surName>Colmenares</surName>
            </individualName>
<organizationName>BIOMAC-UC, Universidad de Carabobo</organizationName><positionName>Asistente</positionName>            <address>
<deliveryPoint>FACYT, Departamento de Biologia</deliveryPoint><city>Valencia</city><administrativeArea>Carabobo</administrativeArea><postalCode>2005</postalCode><country>VENEZUELA</country>            </address>
            <role>AUTHOR</role>
            </associatedParty>
            <pubDate>
                2022-10-21
            </pubDate>
        <language>SPANISH</language>
            <abstract>
                    <para>En este data set se presentan las especies de peces presentes  en dos arrecifes coralinos del Parque Nacional San Esteban, ubicado en el estado Carabobo, Venezuela (Isla Larga y Alcatraz). Para caracterizar la comunidad íctica, se estimó la composición por especies de peces en cada una de las localidades bajo estudio, realizando censos visuales sobre transectas de 30 m de longitud paralelas a la línea de costa, ubicadas en diferentes estratos de profundidad. El método empleado para esta evaluación fue el de transecta con paradas de observación a intervalos de 5 m de distancia sobre la misma, con lo que se totalizan 7 puntos de muestreo por estrato de profundidad. En los dos arrecifes muestreados se identificaron 96 especies 49 generos y 27 familias (Acanthuridae, Aulostomidae, Carangidae, Chaenopsidae, Chaetodontidae, Cirrhitidae, Diodontidae, Gerreidae, Gobiidae, Haemulidae, Holocentridae, Labridae, Lutjanidae, Monacanthidae, Mullidae, Muraenidae, Ophichthidae, Opistognathidae, Ostraciidae, Pomacanthidae, Scaridae, Sciaenidae, Scombridae, Serranidae, Sparidae, Synodontidae y Tetraodontidae). En Isla Larga 70 especies de 23 familias; y para Alcatraz 83 especies de 25 familias. Los resultados revelan que los ambientes arrecifales del Parque Nacional San Esteban, presentan una alta riqueza íctica con relación a otros ambientes coralinos en Venezuela, como el PN Morrocoy.</para>
            </abstract>
                <keywordSet>
                        <keyword>Opistognathidae</keyword>
                        <keyword>Gerreidae</keyword>
                        <keyword>Holocentridae</keyword>
                        <keyword>Sciaenidae</keyword>
                        <keyword>Aulostomidae</keyword>
                        <keyword>Acanthuridae</keyword>
                        <keyword>Cirrhitidae</keyword>
                        <keyword>Isla Larga</keyword>
                        <keyword>Sparidae</keyword>
                        <keyword>Chaenopsidae</keyword>
                        <keyword>Ophichthidae</keyword>
                        <keyword>Occurrence</keyword>
                        <keyword>Carangidae</keyword>
                        <keyword>Chaetodontidae</keyword>
                        <keyword>Mullidae</keyword>
                        <keyword>Diodontidae</keyword>
                        <keyword>Muraenidae</keyword>
                        <keyword>Scaridae</keyword>
                        <keyword>Synodontidae</keyword>
                        <keyword>Alcatraz</keyword>
                        <keyword>Haemulidae</keyword>
                        <keyword>Labridae</keyword>
                        <keyword>Tetraodontidae</keyword>
                        <keyword>ID: BID-CA2020-025-NAC</keyword>
                        <keyword>Pomacanthidae</keyword>
                        <keyword>Venezuela</keyword>
                        <keyword>Gobiidae</keyword>
                        <keyword>Monacanthidae</keyword>
                        <keyword>Ostraciidae</keyword>
                        <keyword>CaribeSur</keyword>
                        <keyword>Lutjanidae</keyword>
                        <keyword>Scombridae</keyword>
                        <keyword>Serranidae</keyword>
                        <keywordThesaurus>GBIF Dataset Type Vocabulary: http://rs.gbif.org/vocabulary/gbif/datasetType/occurrence</keywordThesaurus>
                </keywordSet>
                <keywordSet>
                        <keyword>Occurrence</keyword>
                        <keywordThesaurus>GBIF Dataset Type Vocabulary: http://rs.gbif.org/vocabulary/gbif/dataset_type.xml</keywordThesaurus>
                </keywordSet>
                <keywordSet>
                        <keyword>Samplingevent</keyword>
                        <keywordThesaurus>GBIF Dataset Type Vocabulary: http://rs.gbif.org/vocabulary/gbif/dataset_type_2015-07-10.xml</keywordThesaurus>
                </keywordSet>
            <additionalInfo>
                <para>La Transcripcion y curaduría de este conjunto de datos fue posible gracias al apoyo de CaribeSur, Proyecto BID:CA2020-025-NAC</para>
            </additionalInfo>
            <intellectualRights>
                    <para>This work is licensed under a <ulink url="http://creativecommons.org/licenses/by/4.0/legalcode"><citetitle>Creative Commons Attribution (CC-BY) 4.0 License</citetitle></ulink>.</para>
            </intellectualRights>
            <coverage>
                    <geographicCoverage>
                            <geographicDescription>En este data set se presentan las especies de peces presentes  en dos arrecifes coralinos del Parque Nacional San Esteban, ubicado en el estado Carabobo, Venezuela (Isla Larga y Alcatraz). Para caracterizar la comunidad íctica, se estimó la composición por especies de peces en cada una de las localidades bajo estudio, realizando censos visuales sobre transectas de 30 m de longitud paralelas a la línea de costa, ubicadas en diferentes estratos de profundidad. El método empleado para esta evaluación fue el de transecta con paradas de observación a intervalos de 5 m de distancia sobre la misma, con lo que se totalizan 7 puntos de muestreo por estrato de profundidad. 
En los dos arrecifes muestreados se identificaron 96 especies 49 generos y 27 familias (Acanthuridae, Aulostomidae, Carangidae, Chaenopsidae, Chaetodontidae, Cirrhitidae, Diodontidae, Gerreidae, Gobiidae, Haemulidae, Holocentridae, Labridae, Lutjanidae, Monacanthidae, Mullidae, Muraenidae, Ophichthidae, Opistognathidae, Ostraciidae, Pomacanthidae, Scaridae, Sciaenidae, Scombridae, Serranidae, Sparidae, Synodontidae y Tetraodontidae). En Isla Larga 70 especies de 23 familias; y para Alcatraz 83 especies de 25 familias. Los resultados revelan que los ambientes arrecifales del Parque Nacional San Esteban, presentan una alta riqueza íctica con relación a otros ambientes coralinos en Venezuela, como el PN Morrocoy.</geographicDescription>
                            <boundingCoordinates>
                                <westBoundingCoordinate>-67.978</westBoundingCoordinate>
                                <eastBoundingCoordinate>-67.941</eastBoundingCoordinate>
                                <northBoundingCoordinate>10.511</northBoundingCoordinate>
                                <southBoundingCoordinate>10.481</southBoundingCoordinate>
                            </boundingCoordinates>
                    </geographicCoverage>
                    <temporalCoverage>
                            <rangeOfDates>
                                <beginDate>
                                    <calendarDate>                2006-11-01
</calendarDate>
                                </beginDate>
                                <endDate>
                                    <calendarDate>                2007-06-30
</calendarDate>
                                </endDate>
                            </rangeOfDates>
                    </temporalCoverage>
                        <taxonomicCoverage>
                                <generalTaxonomicCoverage>En los dos arrecifes muestreados se identificaron 96 especies 49 generos y 27 familias (Acanthuridae, Aulostomidae, Carangidae, Chaenopsidae, Chaetodontidae, Cirrhitidae, Diodontidae, Gerreidae, Gobiidae, Haemulidae, Holocentridae, Labridae, Lutjanidae, Monacanthidae, Mullidae, Muraenidae, Ophichthidae, Opistognathidae, Ostraciidae, Pomacanthidae, Scaridae, Sciaenidae, Scombridae, Serranidae, Sparidae, Synodontidae y Tetraodontidae)</generalTaxonomicCoverage>
                                <taxonomicClassification>
                                        <taxonRankName>Species</taxonRankName>
                                    <taxonRankValue>Abudefduf saxatilis</taxonRankValue>
                                </taxonomicClassification>
                                <taxonomicClassification>
                                        <taxonRankName>Species</taxonRankName>
                                    <taxonRankValue>Abudefduf taurus</taxonRankValue>
                                </taxonomicClassification>
                                <taxonomicClassification>
                                        <taxonRankName>Species</taxonRankName>
                                    <taxonRankValue>Acanthostracion polygonia</taxonRankValue>
                                </taxonomicClassification>
                                <taxonomicClassification>
                                        <taxonRankName>Species</taxonRankName>
                                    <taxonRankValue>Acanthurus bahianus</taxonRankValue>
                                </taxonomicClassification>
                                <taxonomicClassification>
                                        <taxonRankName>Species</taxonRankName>
                                    <taxonRankValue>Acanthurus chirurgus</taxonRankValue>
                                </taxonomicClassification>
                                <taxonomicClassification>
                                        <taxonRankName>Species</taxonRankName>
                                    <taxonRankValue>Acanthurus coeruleus</taxonRankValue>
                                </taxonomicClassification>
                                <taxonomicClassification>
                                        <taxonRankName>Species</taxonRankName>
                                    <taxonRankValue>Amblycirrhitus pinos</taxonRankValue>
                                </taxonomicClassification>
                                <taxonomicClassification>
                                        <taxonRankName>Species</taxonRankName>
                                    <taxonRankValue>Anisotremus virginicus</taxonRankValue>
                                </taxonomicClassification>
                                <taxonomicClassification>
                                        <taxonRankName>Species</taxonRankName>
                                    <taxonRankValue>Aulostomus maculatus</taxonRankValue>
                                </taxonomicClassification>
                                <taxonomicClassification>
                                        <taxonRankName>Species</taxonRankName>
                                    <taxonRankValue>Bodianus rufus</taxonRankValue>
                                </taxonomicClassification>
                                <taxonomicClassification>
                                        <taxonRankName>Species</taxonRankName>
                                    <taxonRankValue>Calamus penna</taxonRankValue>
                                </taxonomicClassification>
                                <taxonomicClassification>
                                        <taxonRankName>Species</taxonRankName>
                                    <taxonRankValue>Cantherhines macrocerus</taxonRankValue>
                                </taxonomicClassification>
                                <taxonomicClassification>
                                        <taxonRankName>Species</taxonRankName>
                                    <taxonRankValue>Cantherhines pullus</taxonRankValue>
                                </taxonomicClassification>
                                <taxonomicClassification>
                                        <taxonRankName>Species</taxonRankName>
                                    <taxonRankValue>Canthigaster rostrata</taxonRankValue>
                                </taxonomicClassification>
                                <taxonomicClassification>
                                        <taxonRankName>Species</taxonRankName>
                                    <taxonRankValue>Caranx crysos</taxonRankValue>
                                </taxonomicClassification>
                                <taxonomicClassification>
                                        <taxonRankName>Species</taxonRankName>
                                    <taxonRankValue>Caranx ruber</taxonRankValue>
                                </taxonomicClassification>
                                <taxonomicClassification>
                                        <taxonRankName>Species</taxonRankName>
                                    <taxonRankValue>Cephalopholis cruentatus</taxonRankValue>
                                </taxonomicClassification>
                                <taxonomicClassification>
                                        <taxonRankName>Species</taxonRankName>
                                    <taxonRankValue>Cephalopholis fulvus</taxonRankValue>
                                </taxonomicClassification>
                                <taxonomicClassification>
                                        <taxonRankName>Species</taxonRankName>
                                    <taxonRankValue>Chaetodon capistratus</taxonRankValue>
                                </taxonomicClassification>
                                <taxonomicClassification>
                                        <taxonRankName>Species</taxonRankName>
                                    <taxonRankValue>Chaetodon ocellatus</taxonRankValue>
                                </taxonomicClassification>
                                <taxonomicClassification>
                                        <taxonRankName>Species</taxonRankName>
                                    <taxonRankValue>Chaetodon sedentarius</taxonRankValue>
                                </taxonomicClassification>
                                <taxonomicClassification>
                                        <taxonRankName>Species</taxonRankName>
                                    <taxonRankValue>Chaetodon striatus</taxonRankValue>
                                </taxonomicClassification>
                                <taxonomicClassification>
                                        <taxonRankName>Species</taxonRankName>
                                    <taxonRankValue>Chromis cyanea</taxonRankValue>
                                </taxonomicClassification>
                                <taxonomicClassification>
                                        <taxonRankName>Species</taxonRankName>
                                    <taxonRankValue>Chromis multilineata</taxonRankValue>
                                </taxonomicClassification>
                                <taxonomicClassification>
                                        <taxonRankName>Species</taxonRankName>
                                    <taxonRankValue>Clepticus parrae</taxonRankValue>
                                </taxonomicClassification>
                                <taxonomicClassification>
                                        <taxonRankName>Species</taxonRankName>
                                    <taxonRankValue>Coryphopterus glaucofraenum</taxonRankValue>
                                </taxonomicClassification>
                                <taxonomicClassification>
                                        <taxonRankName>Species</taxonRankName>
                                    <taxonRankValue>Coryphopterus personatus</taxonRankValue>
                                </taxonomicClassification>
                                <taxonomicClassification>
                                        <taxonRankName>Species</taxonRankName>
                                    <taxonRankValue>Decapterus macarellus</taxonRankValue>
                                </taxonomicClassification>
                                <taxonomicClassification>
                                        <taxonRankName>Species</taxonRankName>
                                    <taxonRankValue>Diodon holocanthus</taxonRankValue>
                                </taxonomicClassification>
                                <taxonomicClassification>
                                        <taxonRankName>Species</taxonRankName>
                                    <taxonRankValue>Diodon hystrix</taxonRankValue>
                                </taxonomicClassification>
                                <taxonomicClassification>
                                        <taxonRankName>Species</taxonRankName>
                                    <taxonRankValue>Emblemariopsis randalli</taxonRankValue>
                                </taxonomicClassification>
                                <taxonomicClassification>
                                        <taxonRankName>Species</taxonRankName>
                                    <taxonRankValue>Epinephelus guttatus</taxonRankValue>
                                </taxonomicClassification>
                                <taxonomicClassification>
                                        <taxonRankName>Species</taxonRankName>
                                    <taxonRankValue>Eucinostomus melanopterus</taxonRankValue>
                                </taxonomicClassification>
                                <taxonomicClassification>
                                        <taxonRankName>Species</taxonRankName>
                                    <taxonRankValue>Gerres cinereus</taxonRankValue>
                                </taxonomicClassification>
                                <taxonomicClassification>
                                        <taxonRankName>Species</taxonRankName>
                                    <taxonRankValue>Gymnothorax miliaris</taxonRankValue>
                                </taxonomicClassification>
                                <taxonomicClassification>
                                        <taxonRankName>Species</taxonRankName>
                                    <taxonRankValue>Gymnothorax moringa</taxonRankValue>
                                </taxonomicClassification>
                                <taxonomicClassification>
                                        <taxonRankName>Species</taxonRankName>
                                    <taxonRankValue>Haemulon aurolineatum</taxonRankValue>
                                </taxonomicClassification>
                                <taxonomicClassification>
                                        <taxonRankName>Species</taxonRankName>
                                    <taxonRankValue>Haemulon chrysargyreum</taxonRankValue>
                                </taxonomicClassification>
                                <taxonomicClassification>
                                        <taxonRankName>Species</taxonRankName>
                                    <taxonRankValue>Haemulon flavolineatum</taxonRankValue>
                                </taxonomicClassification>
                                <taxonomicClassification>
                                        <taxonRankName>Species</taxonRankName>
                                    <taxonRankValue>Haemulon macrostomum</taxonRankValue>
                                </taxonomicClassification>
                                <taxonomicClassification>
                                        <taxonRankName>Species</taxonRankName>
                                    <taxonRankValue>Haemulon parra</taxonRankValue>
                                </taxonomicClassification>
                                <taxonomicClassification>
                                        <taxonRankName>Species</taxonRankName>
                                    <taxonRankValue>Haemulon sciurus</taxonRankValue>
                                </taxonomicClassification>
                                <taxonomicClassification>
                                        <taxonRankName>Species</taxonRankName>
                                    <taxonRankValue>Halichoeres bivittatus</taxonRankValue>
                                </taxonomicClassification>
                                <taxonomicClassification>
                                        <taxonRankName>Species</taxonRankName>
                                    <taxonRankValue>Halichoeres caudalis</taxonRankValue>
                                </taxonomicClassification>
                                <taxonomicClassification>
                                        <taxonRankName>Species</taxonRankName>
                                    <taxonRankValue>Halichoeres garnoti</taxonRankValue>
                                </taxonomicClassification>
                                <taxonomicClassification>
                                        <taxonRankName>Species</taxonRankName>
                                    <taxonRankValue>Halichoeres poeyi</taxonRankValue>
                                </taxonomicClassification>
                                <taxonomicClassification>
                                        <taxonRankName>Species</taxonRankName>
                                    <taxonRankValue>Halichoeres radiatus</taxonRankValue>
                                </taxonomicClassification>
                                <taxonomicClassification>
                                        <taxonRankName>Species</taxonRankName>
                                    <taxonRankValue>Holacanthus ciliaris</taxonRankValue>
                                </taxonomicClassification>
                                <taxonomicClassification>
                                        <taxonRankName>Species</taxonRankName>
                                    <taxonRankValue>Holocentrus adscensionis</taxonRankValue>
                                </taxonomicClassification>
                                <taxonomicClassification>
                                        <taxonRankName>Species</taxonRankName>
                                    <taxonRankValue>Holocentrus rufus</taxonRankValue>
                                </taxonomicClassification>
                                <taxonomicClassification>
                                        <taxonRankName>Genus</taxonRankName>
                                    <taxonRankValue>Hypoplectrus</taxonRankValue>
                                </taxonomicClassification>
                                <taxonomicClassification>
                                        <taxonRankName>Species</taxonRankName>
                                    <taxonRankValue>Hypoplectrus puella</taxonRankValue>
                                </taxonomicClassification>
                                <taxonomicClassification>
                                        <taxonRankName>Species</taxonRankName>
                                    <taxonRankValue>Hypoplectrus unicolor</taxonRankValue>
                                </taxonomicClassification>
                                <taxonomicClassification>
                                        <taxonRankName>Species</taxonRankName>
                                    <taxonRankValue>Lactophrys bicaudalis</taxonRankValue>
                                </taxonomicClassification>
                                <taxonomicClassification>
                                        <taxonRankName>Species</taxonRankName>
                                    <taxonRankValue>Lactophrys triqueter</taxonRankValue>
                                </taxonomicClassification>
                                <taxonomicClassification>
                                        <taxonRankName>Species</taxonRankName>
                                    <taxonRankValue>Lutjanus analis</taxonRankValue>
                                </taxonomicClassification>
                                <taxonomicClassification>
                                        <taxonRankName>Species</taxonRankName>
                                    <taxonRankValue>Lutjanus apodus</taxonRankValue>
                                </taxonomicClassification>
                                <taxonomicClassification>
                                        <taxonRankName>Species</taxonRankName>
                                    <taxonRankValue>Lutjanus griseus</taxonRankValue>
                                </taxonomicClassification>
                                <taxonomicClassification>
                                        <taxonRankName>Species</taxonRankName>
                                    <taxonRankValue>Lutjanus jocu</taxonRankValue>
                                </taxonomicClassification>
                                <taxonomicClassification>
                                        <taxonRankName>Species</taxonRankName>
                                    <taxonRankValue>Lutjanus mahogoni</taxonRankValue>
                                </taxonomicClassification>
                                <taxonomicClassification>
                                        <taxonRankName>Species</taxonRankName>
                                    <taxonRankValue>Lutjanus synagris</taxonRankValue>
                                </taxonomicClassification>
                                <taxonomicClassification>
                                        <taxonRankName>Species</taxonRankName>
                                    <taxonRankValue>Microspathodon chrysurus</taxonRankValue>
                                </taxonomicClassification>
                                <taxonomicClassification>
                                        <taxonRankName>Species</taxonRankName>
                                    <taxonRankValue>Mulloidichthys martinicus</taxonRankValue>
                                </taxonomicClassification>
                                <taxonomicClassification>
                                        <taxonRankName>Species</taxonRankName>
                                    <taxonRankValue>Myrichthys breviceps</taxonRankValue>
                                </taxonomicClassification>
                                <taxonomicClassification>
                                        <taxonRankName>Species</taxonRankName>
                                    <taxonRankValue>Myripristis jacobus</taxonRankValue>
                                </taxonomicClassification>
                                <taxonomicClassification>
                                        <taxonRankName>Species</taxonRankName>
                                    <taxonRankValue>Ocyurus chrysurus</taxonRankValue>
                                </taxonomicClassification>
                                <taxonomicClassification>
                                        <taxonRankName>Species</taxonRankName>
                                    <taxonRankValue>Odontoscion dentex</taxonRankValue>
                                </taxonomicClassification>
                                <taxonomicClassification>
                                        <taxonRankName>Species</taxonRankName>
                                    <taxonRankValue>Opistognathus aurifrons</taxonRankValue>
                                </taxonomicClassification>
                                <taxonomicClassification>
                                        <taxonRankName>Species</taxonRankName>
                                    <taxonRankValue>Pomacanthus arcuatus</taxonRankValue>
                                </taxonomicClassification>
                                <taxonomicClassification>
                                        <taxonRankName>Species</taxonRankName>
                                    <taxonRankValue>Pomacanthus paru</taxonRankValue>
                                </taxonomicClassification>
                                <taxonomicClassification>
                                        <taxonRankName>Species</taxonRankName>
                                    <taxonRankValue>Pseudopeneus maculatus</taxonRankValue>
                                </taxonomicClassification>
                                <taxonomicClassification>
                                        <taxonRankName>Species</taxonRankName>
                                    <taxonRankValue>Rypticus saponaceus</taxonRankValue>
                                </taxonomicClassification>
                                <taxonomicClassification>
                                        <taxonRankName>Species</taxonRankName>
                                    <taxonRankValue>Scarus coelestinus</taxonRankValue>
                                </taxonomicClassification>
                                <taxonomicClassification>
                                        <taxonRankName>Species</taxonRankName>
                                    <taxonRankValue>Scarus guacamaia</taxonRankValue>
                                </taxonomicClassification>
                                <taxonomicClassification>
                                        <taxonRankName>Species</taxonRankName>
                                    <taxonRankValue>Scarus iseri</taxonRankValue>
                                </taxonomicClassification>
                                <taxonomicClassification>
                                        <taxonRankName>Species</taxonRankName>
                                    <taxonRankValue>Scarus taeniopterus</taxonRankValue>
                                </taxonomicClassification>
                                <taxonomicClassification>
                                        <taxonRankName>Species</taxonRankName>
                                    <taxonRankValue>Scarus vetula</taxonRankValue>
                                </taxonomicClassification>
                                <taxonomicClassification>
                                        <taxonRankName>Species</taxonRankName>
                                    <taxonRankValue>Scomberomorus regalis</taxonRankValue>
                                </taxonomicClassification>
                                <taxonomicClassification>
                                        <taxonRankName>Species</taxonRankName>
                                    <taxonRankValue>Serranus tigrinus</taxonRankValue>
                                </taxonomicClassification>
                                <taxonomicClassification>
                                        <taxonRankName>Species</taxonRankName>
                                    <taxonRankValue>Sparisoma aurofrenatum</taxonRankValue>
                                </taxonomicClassification>
                                <taxonomicClassification>
                                        <taxonRankName>Species</taxonRankName>
                                    <taxonRankValue>Sparisoma chrysopterum</taxonRankValue>
                                </taxonomicClassification>
                                <taxonomicClassification>
                                        <taxonRankName>Species</taxonRankName>
                                    <taxonRankValue>Sparisoma rubripinne</taxonRankValue>
                                </taxonomicClassification>
                                <taxonomicClassification>
                                        <taxonRankName>Species</taxonRankName>
                                    <taxonRankValue>Sparisoma viride</taxonRankValue>
                                </taxonomicClassification>
                                <taxonomicClassification>
                                        <taxonRankName>Species</taxonRankName>
                                    <taxonRankValue>Sphoeroides spengleri</taxonRankValue>
                                </taxonomicClassification>
                                <taxonomicClassification>
                                        <taxonRankName>Species</taxonRankName>
                                    <taxonRankValue>Stegastes adustus</taxonRankValue>
                                </taxonomicClassification>
                                <taxonomicClassification>
                                        <taxonRankName>Species</taxonRankName>
                                    <taxonRankValue>Stegastes leucostictus</taxonRankValue>
                                </taxonomicClassification>
                                <taxonomicClassification>
                                        <taxonRankName>Species</taxonRankName>
                                    <taxonRankValue>Stegastes partitus</taxonRankValue>
                                </taxonomicClassification>
                                <taxonomicClassification>
                                        <taxonRankName>Species</taxonRankName>
                                    <taxonRankValue>Stegastes planifrons</taxonRankValue>
                                </taxonomicClassification>
                                <taxonomicClassification>
                                        <taxonRankName>Species</taxonRankName>
                                    <taxonRankValue>Stegastes variabilis</taxonRankValue>
                                </taxonomicClassification>
                                <taxonomicClassification>
                                        <taxonRankName>Species</taxonRankName>
                                    <taxonRankValue>Synodus intermedius</taxonRankValue>
                                </taxonomicClassification>
                                <taxonomicClassification>
                                        <taxonRankName>Species</taxonRankName>
                                    <taxonRankValue>Synodus saurus</taxonRankValue>
                                </taxonomicClassification>
                                <taxonomicClassification>
                                        <taxonRankName>Species</taxonRankName>
                                    <taxonRankValue>Thalassoma bifasciatum</taxonRankValue>
                                </taxonomicClassification>
                                <taxonomicClassification>
                                        <taxonRankName>Species</taxonRankName>
                                    <taxonRankValue>Xyrichtys splendens</taxonRankValue>
                                </taxonomicClassification>
                        </taxonomicCoverage>
            </coverage>
            <maintenance>
                <description>
                    <para></para>
                </description>
                <maintenanceUpdateFrequency>asNeeded</maintenanceUpdateFrequency>
            </maintenance>
            <contact>
            <individualName>
<givenName>Jose Gregorio</givenName>                    <surName>Rodriguez-Quintal</surName>
            </individualName>
<organizationName>BIOMAC-UC, Universidad de Carabobo</organizationName><positionName>Profesor</positionName>            <address>
<deliveryPoint>FACYT, Departamento de Biologia</deliveryPoint><city>Valencia</city><administrativeArea>Carabobo</administrativeArea><postalCode>2005</postalCode><country>VENEZUELA</country>            </address>
<phone>+5842420008353</phone><electronicMailAddress>stegastes@hotmail.com</electronicMailAddress>            <userId directory="http://orcid.org/">0000-0002-5664-8071</userId>
            </contact>
            <methods>
                    <methodStep>
                        <description>
                            <para>Se realizaron cuatro salidas de campo entre noviembre de 2006 junio de 2007. Se estimó la composición por especies de peces en cada una de las localidades bajo estudio, realizando censos visuales sobre transectas de 30 m de longitud paralelas a la línea de costa, ubicadas en los estratos de profundidad de 1, 3, 6, 9 y 12 m para Isla Larga, y 1 y 6 m para Alcatraz.</para>
                        </description>
                    </methodStep>
                    <methodStep>
                        <description>
                            <para>El método empleado para esta evaluación fue el de transecta con paradas de observación (BORTONE et al. 1986), el cual consiste en nadar a lo largo de cada transecta (utilizando equipo SCUBA), realizando paradas de observación a intervalos de 5 m de distancia sobre la misma, con lo que se totalizan 7 puntos de muestreo por estrato de profundidad. En estas paradas se registró el número de individuos por especie observados en un radio de aproximadamente 2,5 m durante 5 min. Con este método se obtuvo la lista de especies de peces y se estimaron sus densidades. Posteriormente, se agruparon estos peces en categorías tróficas con el trabajo de RANDALL (1967), para buscar relaciones con el ambiente.</para>
                        </description>
                    </methodStep>
                    <sampling>
                        <studyExtent>
                            <description>
                                <para>El estudio se llevó a cabo en dos ambientes arrecifales, uno ubicado al suroeste de Isla Larga (10° 29’ 05&quot; Lat. N y 67° 56’ 40&quot; Long. W) y el otro al oeste de Alcatraz (10° 30’ 29&quot; Lat. N y 67° 58’ 36&quot; Long. W), en la zona marino costera del Parque Nacional San Esteban, ubicado en el tramo occidental de la Serranía del Litoral de la Cordillera de la Costa, en el Estado Carabobo</para>
                            </description>
                        </studyExtent>
                        <samplingDescription>
                            <para>Se realizaron cuatro salidas de campo entre noviembre de 2006 junio de 2007. Para caracterizar la comunidad íctica, se estimó la composición por especies de peces en cada una de las localidades bajo estudio, realizando censos visuales sobre transectas de 30 m de longitud paralelas a la línea de costa, ubicadas en los estratos de profundidad de 1, 3, 6, 9 y 12 m para Isla Larga, y 1 y 6 m para Alcatraz, que no presentó los estratos profundos dada su topografía. El método empleado para esta evaluación fue el de transecta con paradas de observación (BORTONE et al. 1986), el cual consiste en nadar a lo largo de cada transecta (utilizando equipo SCUBA), realizando paradas de observación a intervalos de 5 m de distancia sobre la misma, con lo que se totalizan 7 puntos de muestreo por estrato de profundidad. En estas paradas se registró el número de individuos por especie observados en un radio de aproximadamente 2,5 m durante 5 min. Con este método se obtuvo la lista de especies de peces y se estimaron sus densidades. Posteriormente, se agruparon estos peces en categorías tróficas con el trabajo de RANDALL (1967), para buscar relaciones con el ambiente.</para>
                        </samplingDescription>
                    </sampling>
            </methods>

            <project id="BID-CA2020-025-NAC">
                <title>Peces de los arrecifes coralinos de Isla Larga y Alcatraz, PN San Esteban, Venezuela</title>
                    <personnel>
            <individualName>
<givenName>Jose Gregorio</givenName>                    <surName>Rodriguez-Quintal</surName>
            </individualName>
            <userId directory="http://orcid.org/">0000-0002-5664-8071</userId>
            <role>AUTHOR</role>
                    </personnel>
                <abstract>
                    <para>En este data set se presentan las especies de peces presentes  en dos arrecifes coralinos del Parque Nacional San Esteban, ubicado en el estado Carabobo, Venezuela (Isla Larga y Alcatraz). Para caracterizar la comunidad íctica, se estimó la composición por especies de peces en cada una de las localidades bajo estudio, realizando censos visuales sobre transectas de 30 m de longitud paralelas a la línea de costa, ubicadas en diferentes estratos de profundidad. El método empleado para esta evaluación fue el de transecta con paradas de observación a intervalos de 5 m de distancia sobre la misma, con lo que se totalizan 7 puntos de muestreo por estrato de profundidad. 
En los dos arrecifes muestreados se identificaron 96 especies 49 generos y 27 familias (Acanthuridae, Aulostomidae, Carangidae, Chaenopsidae, Chaetodontidae, Cirrhitidae, Diodontidae, Gerreidae, Gobiidae, Haemulidae, Holocentridae, Labridae, Lutjanidae, Monacanthidae, Mullidae, Muraenidae, Ophichthidae, Opistognathidae, Ostraciidae, Pomacanthidae, Scaridae, Sciaenidae, Scombridae, Serranidae, Sparidae, Synodontidae y Tetraodontidae). En Isla Larga 70 especies de 23 familias; y para Alcatraz 83 especies de 25 familias. Los resultados revelan que los ambientes arrecifales del Parque Nacional San Esteban, presentan una alta riqueza íctica con relación a otros ambientes coralinos en Venezuela, como el PN Morrocoy.</para>
                </abstract>
                <funding>
                    <para>Curaduría y movilización de datos: Proyecto GBIF-CaribeSur ID: BID-CA2020-025-NAC</para>
                </funding>
                    <studyAreaDescription>
                        <descriptor name="generic" citableClassificationSystem="false">
                            <descriptorValue>El estudio se llevó a cabo en dos ambientes arrecifales, uno ubicado al suroeste de Isla Larga (10° 29’ 05&quot; Lat. N y 67° 56’ 40&quot; Long. O) y el otro al oeste de Alcatraz (10° 30’ 29&quot; Lat. N y 67° 58’ 36&quot; Long. O), en la zona marino costera del Parque Nacional San Esteban, ubicado en el tramo occidental de la Serranía del Litoral de la Cordillera de la Costa, en el Estado Carabobo.</descriptorValue>
                        </descriptor>
                    </studyAreaDescription>
                    <designDescription>
                        <description>
                            <para>El estudio se llevó a cabo en dos ambientes arrecifales, uno ubicado al suroeste de Isla Larga (10° 29’ 05&quot; Lat. N y 67° 56’ 40&quot; Long. W) y el otro al oeste de Alcatraz (10° 30’ 29&quot; Lat. N y 67° 58’ 36&quot; Long. W), en la zona marino costera del Parque Nacional San Esteban, ubicado en el tramo occidental de la Serranía del Litoral de la Cordillera de la Costa, en el Estado Carabobo. Se realizaron cuatro salidas de campo entre noviembre de 2006 junio de 2007.
Para caracterizar la comunidad íctica, se estimó la composición por especies de peces en cada una de las localidades bajo estudio, realizando censos visuales sobre transectas de 30 m de longitud paralelas a la línea de costa, ubicadas en los estratos de profundidad de 1, 3, 6, 9 y 12 m para Isla Larga, y 1 y 6 m para Alcatraz, que no presentó los estratos profundos dada su topografía. El método empleado para esta evaluación fue el de transecta con paradas de observación (BORTONE et al. 1986), el cual consiste en nadar a lo largo de cada transecta (utilizando equipo SCUBA), realizando paradas de observación a intervalos de 5 m de distancia sobre la misma, con lo que se totalizan 7 puntos de muestreo por estrato de profundidad. En estas paradas se registró el número de individuos por especie observados en un radio de aproximadamente 2,5 m durante 5 min. Con este método se obtuvo la lista de especies de peces y se estimaron sus densidades. Posteriormente, se agruparon estos peces en categorías tróficas con el trabajo de RANDALL (1967), para buscar relaciones con el ambiente.</para>
                        </description>
                    </designDescription>
            </project>
    </dataset>

    <additionalMetadata>
        <metadata>
            <gbif>
                <dateStamp>2024-07-11T14:26:44Z</dateStamp>
                <citation>Rodríguez-Quintal J., A. Herrera, C. Rodriguez &amp; M. Colmenares. 2021. Peces de los arrecifes coralinos de Isla Larga y Alcatraz, PN San Esteban, Venezuela https://doi.org/10.15468/6aeejv accessed via GBIF.org on 2024-07-11.</citation>
                    <bibliography>
                <citation identifier="https://www.academia.edu/17887310/Estructura_de_la_comunidad_%C3%ADctica_arrecifal_en_el_Parque_Nacional_San_Esteban_Venezuela">Rodríguez-Quintal J., A. Herrera, M. Colmenares &amp; C. Rodríguez. 2011. Estructura de la comunidad ictica arrecifal en el Parque Nacional San Esteban. Bol. Inst. Oceanogr. Venezuela. 50 (1): 31-40</citation>
                    </bibliography>
                    <resourceLogoUrl>http://ipt.iobis.org/caribbeanobis/logo.do?r=pecesarrecifesislalargaalcatraz</resourceLogoUrl>
            </gbif>
        </metadata>
    </additionalMetadata>

</eml:eml>
