<?xml version="1.0" encoding="utf-8"?>
<eml:eml xmlns:eml="eml://ecoinformatics.org/eml-2.1.1" xmlns:xsi="http://www.w3.org/2001/XMLSchema-instance"
         xsi:schemaLocation="eml://ecoinformatics.org/eml-2.1.1 http://rs.gbif.org/schema/eml-gbif-profile/1.2/eml.xsd"
packageId="e95d0010-b3f1-11de-82f8-b8a03c50a862"  system="http://gbif.org" scope="system"
xml:lang="en">

    <dataset>
            <alternateIdentifier>10.15468/wdwxid</alternateIdentifier>
                <alternateIdentifier>https://ipt.gbif.es/resource?r=aforo</alternateIdentifier>
                <alternateIdentifier>http://ipt.gbif.es/resource?r=aforo</alternateIdentifier>
                <alternateIdentifier>http://www.gbif.es/ipt/resource?r=aforo</alternateIdentifier>
                <alternateIdentifier>e95d0010-b3f1-11de-82f8-b8a03c50a862</alternateIdentifier>
                <alternateIdentifier>9192</alternateIdentifier>
        <title>Otoliths Reference Collection. CBMR-AFORO (ICM-CSIC)</title>
            <creator>
            <individualName>
<givenName>Òscar</givenName>                    <surName>Chic</surName>
            </individualName>
<organizationName>Institut de Ciències del Mar (ICM-CSIC)</organizationName><positionName>Data Science Lab Manager</positionName>            <address>
<deliveryPoint>Passeig Marítim de la Barceloneta, 37-49</deliveryPoint><city>Barcelona</city><administrativeArea>Barcelona</administrativeArea><postalCode>E-08003</postalCode><country>SPAIN</country>            </address>
<phone>+34 93 230 95 00</phone><electronicMailAddress>ochic@icm.csic.es</electronicMailAddress><onlineUrl>http://www.icm.csic.es/</onlineUrl>            </creator>
            <creator>
            <individualName>
<givenName>Amalia</givenName>                    <surName>Manjabacas</surName>
            </individualName>
<organizationName>Institut de Ciències del Mar (ICM-CSIC)</organizationName><positionName>Technician</positionName>            <address>
<deliveryPoint>Passeig Marítim de la Barceloneta, 37-49</deliveryPoint><city>Barcelona</city><administrativeArea>Barcelona</administrativeArea><postalCode>E-08003</postalCode><country>SPAIN</country>            </address>
<phone>+34 93 230 95 00</phone><electronicMailAddress>manjabacas@icm.csic.es</electronicMailAddress><onlineUrl>http://www.icm.csic.es/</onlineUrl>            </creator>
            <creator>
            <individualName>
<givenName>Elena</givenName>                    <surName>Guerrero</surName>
            </individualName>
<organizationName>Institut de Ciències del Mar (ICM-CSIC)</organizationName><positionName>Curator</positionName>            <address>
<deliveryPoint>Passeig Marítim de la Barceloneta, 37.</deliveryPoint><city>Barcelona</city><administrativeArea>Barcelona</administrativeArea><postalCode>E-08003</postalCode><country>SPAIN</country>            </address>
<phone>+34 93 230 95 00</phone><electronicMailAddress>cbr@icm.csic.es</electronicMailAddress><onlineUrl>https://cbr.icm.csic.es/en</onlineUrl>            </creator>
            <metadataProvider>
            <individualName>
<givenName>Antoni</givenName>                    <surName>Lombarte</surName>
            </individualName>
<organizationName>Institut de Ciències del Mar (ICM-CSIC)</organizationName><positionName>Researcher</positionName>            <address>
<deliveryPoint>Passeig Marítim de la Barceloneta, 37-49</deliveryPoint><city>Barcelona</city><administrativeArea>Barcelona</administrativeArea><postalCode>E-08003</postalCode><country>SPAIN</country>            </address>
<phone>+34 93 230 95 00</phone><electronicMailAddress>toni@icm.csic.es</electronicMailAddress><onlineUrl>http://www.icm.csic.es/</onlineUrl>            </metadataProvider>
            <metadataProvider>
            <individualName>
<givenName>Amalia</givenName>                    <surName>Manjabacas</surName>
            </individualName>
<organizationName>Institut de Ciències del Mar (ICM-CSIC)</organizationName><positionName>Technician</positionName>            <address>
<deliveryPoint>Passeig Marítim de la Barceloneta, 37-49</deliveryPoint><city>Barcelona</city><administrativeArea>Barcelona</administrativeArea><postalCode>E-08003</postalCode><country>SPAIN</country>            </address>
<phone>+34 93 230 95 00</phone><electronicMailAddress>manjabacas@icm.csic.es</electronicMailAddress><onlineUrl>http://www.icm.csic.es/</onlineUrl>            </metadataProvider>
            <metadataProvider>
            <individualName>
<givenName>Elena</givenName>                    <surName>Guerrero</surName>
            </individualName>
<organizationName>Institut de Ciències del Mar (ICM-CSIC)</organizationName><positionName>Curator</positionName>            <address>
<deliveryPoint>Passeig Marítim de la Barceloneta, 37.</deliveryPoint><city>Barcelona</city><administrativeArea>Barcelona</administrativeArea><postalCode>E-08003</postalCode><country>SPAIN</country>            </address>
<phone>+34 93 230 95 00</phone><electronicMailAddress>cbr@icm.csic.es</electronicMailAddress><onlineUrl>https://cbr.icm.csic.es/en</onlineUrl>            </metadataProvider>
            <pubDate>
                2023-04-24
            </pubDate>
        <language>ENGLISH</language>
            <abstract>
                    <para>This collection is a catalogue of the otolith part of the CBMR (ICM-CSIC) and associated to the data base AFORO. The database is regularly updated and at present (2023) it contains a total of 7905 high resolution images corresponding to 2716 species from 274 families at the CBMR of the Institut de Ciències del Mar (ICM-CSIC) from worldwide, especially in Mediterranean, Canary Islands, Antarctic and Namibian waters. Also, AFORO shows images from diverse atlases of otoliths (Rivaton &amp;amp; Bourret 1999; Leopold, van Damme, Philippart &amp;amp; Winter 2001; Campana 2004; Tuset, Lombarte &amp;amp; Assis 2008; Lin &amp;amp; Chang 201; Sadighzadeh, Tuset, Dadpour, Otero-Ferrer, Lombarte 2012; Volpedo, Thompson &amp;amp; Avigliano 2017). AFORO website (http://aforo.cmima.csic.es/) offers an online open catalogue of otolith images and its associated shape analysis through pattern recognition techniques applying wavelet analysis (WT), elliptic Fourier analysis (EFA) and classical morphometries, including relationship with fish length. The website also includes an Automatic Taxon Identification that allows to search and identify directly using query images of otoliths. The data base also is associated with Fishbase and Osteobase datbases.
More information about the catalogue is here:  https://scientiamarina.revistas.csic.es/index.php/scientiamarina/article/view/192</para>
            </abstract>
                <keywordSet>
                        <keyword>Occurrence</keyword>
                        <keywordThesaurus>GBIF Dataset Type Vocabulary: http://rs.gbif.org/vocabulary/gbif/dataset_type_2015-07-10.xml</keywordThesaurus>
                </keywordSet>
                <keywordSet>
                        <keyword>automatic taxon identification</keyword>
                        <keyword>fish otoliths</keyword>
                        <keyword>Fourier</keyword>
                        <keyword>3D otoliths</keyword>
                        <keyword>otolith database</keyword>
                        <keyword>wavelet</keyword>
                        <keyword>curvature space scale</keyword>
                        <keyword>otoliths</keyword>
                        <keyword>otolith shape</keyword>
                        <keyword>sagitta</keyword>
                        <keyword>marine</keyword>
                        <keyword>otolith</keyword>
                        <keywordThesaurus>n/a</keywordThesaurus>
                </keywordSet>
            <intellectualRights>
                    <para>This work is licensed under a <ulink url="http://creativecommons.org/licenses/by-nc/4.0/legalcode"><citetitle>Creative Commons Attribution Non Commercial (CC-BY-NC) 4.0 License</citetitle></ulink>.</para>
            </intellectualRights>
            <distribution scope="document">
                <online>
                    <url function="information">http://aforo.cmima.csic.es</url>
                </online>
            </distribution>
            <coverage>
                    <geographicCoverage>
                            <geographicDescription>Species and families from the Mediterranean Sea, Antarctic Ocean (Weddell Sea, Ross Sea, Antarctic Peninsula), Atlantic Ocean (Argentina, Uruguay, South-western Islands, Gulf of Mexico, USA, Canada, Baltic Sea, North Sea, Ireland Sea, Cantabric Sea, Portugal, Madeira, Canary Islands, Morocco, Cabo Verde, Senegal, Gabon, Namibia), Indic Ocean (Madagascar, Tanzania, Red Sea, Iran) and Pacific (Australia, New Zealand, New Caledonia, Muroroa, Peru, Ecuador, Canada, Alaska).</geographicDescription>
                            <boundingCoordinates>
                                <westBoundingCoordinate>-180</westBoundingCoordinate>
                                <eastBoundingCoordinate>180</eastBoundingCoordinate>
                                <northBoundingCoordinate>90</northBoundingCoordinate>
                                <southBoundingCoordinate>-90</southBoundingCoordinate>
                            </boundingCoordinates>
                    </geographicCoverage>
                        <taxonomicCoverage>
                                <taxonomicClassification>
                                        <taxonRankName>Order</taxonRankName>
                                    <taxonRankValue>Acipenseriformes</taxonRankValue>
                                </taxonomicClassification>
                                <taxonomicClassification>
                                        <taxonRankName>Order</taxonRankName>
                                    <taxonRankValue>Albuliformes</taxonRankValue>
                                </taxonomicClassification>
                                <taxonomicClassification>
                                        <taxonRankName>Order</taxonRankName>
                                    <taxonRankValue>Anguilliformes</taxonRankValue>
                                </taxonomicClassification>
                                <taxonomicClassification>
                                        <taxonRankName>Order</taxonRankName>
                                    <taxonRankValue>Argentiniformes</taxonRankValue>
                                </taxonomicClassification>
                                <taxonomicClassification>
                                        <taxonRankName>Order</taxonRankName>
                                    <taxonRankValue>Atheriniformes</taxonRankValue>
                                </taxonomicClassification>
                                <taxonomicClassification>
                                        <taxonRankName>Order</taxonRankName>
                                    <taxonRankValue>Aulopiformes</taxonRankValue>
                                </taxonomicClassification>
                                <taxonomicClassification>
                                        <taxonRankName>Order</taxonRankName>
                                    <taxonRankValue>Batrachoidiformes</taxonRankValue>
                                </taxonomicClassification>
                                <taxonomicClassification>
                                        <taxonRankName>Order</taxonRankName>
                                    <taxonRankValue>Beloniformes</taxonRankValue>
                                </taxonomicClassification>
                                <taxonomicClassification>
                                        <taxonRankName>Order</taxonRankName>
                                    <taxonRankValue>Beryciformes</taxonRankValue>
                                </taxonomicClassification>
                                <taxonomicClassification>
                                        <taxonRankName>Order</taxonRankName>
                                    <taxonRankValue>Characiformes</taxonRankValue>
                                </taxonomicClassification>
                                <taxonomicClassification>
                                        <taxonRankName>Order</taxonRankName>
                                    <taxonRankValue>Clupeiformes</taxonRankValue>
                                </taxonomicClassification>
                                <taxonomicClassification>
                                        <taxonRankName>Order</taxonRankName>
                                    <taxonRankValue>Cypriniformes</taxonRankValue>
                                </taxonomicClassification>
                                <taxonomicClassification>
                                        <taxonRankName>Order</taxonRankName>
                                    <taxonRankValue>Cyprinodontiformes</taxonRankValue>
                                </taxonomicClassification>
                                <taxonomicClassification>
                                        <taxonRankName>Order</taxonRankName>
                                    <taxonRankValue>Elopiformes</taxonRankValue>
                                </taxonomicClassification>
                                <taxonomicClassification>
                                        <taxonRankName>Order</taxonRankName>
                                    <taxonRankValue>Gadiformes</taxonRankValue>
                                </taxonomicClassification>
                                <taxonomicClassification>
                                        <taxonRankName>Order</taxonRankName>
                                    <taxonRankValue>Gasterosteiformes</taxonRankValue>
                                </taxonomicClassification>
                                <taxonomicClassification>
                                        <taxonRankName>Order</taxonRankName>
                                    <taxonRankValue>Gasterostiformes</taxonRankValue>
                                </taxonomicClassification>
                                <taxonomicClassification>
                                        <taxonRankName>Order</taxonRankName>
                                    <taxonRankValue>Gonorynchiformes</taxonRankValue>
                                </taxonomicClassification>
                                <taxonomicClassification>
                                        <taxonRankName>Order</taxonRankName>
                                    <taxonRankValue>Lampridiformes</taxonRankValue>
                                </taxonomicClassification>
                                <taxonomicClassification>
                                        <taxonRankName>Order</taxonRankName>
                                    <taxonRankValue>Lophiiformes</taxonRankValue>
                                </taxonomicClassification>
                                <taxonomicClassification>
                                        <taxonRankName>Order</taxonRankName>
                                    <taxonRankValue>Mugiliformes</taxonRankValue>
                                </taxonomicClassification>
                                <taxonomicClassification>
                                        <taxonRankName>Order</taxonRankName>
                                    <taxonRankValue>Myctophiformes</taxonRankValue>
                                </taxonomicClassification>
                                <taxonomicClassification>
                                        <taxonRankName>Order</taxonRankName>
                                    <taxonRankValue>Ophidiiformes</taxonRankValue>
                                </taxonomicClassification>
                                <taxonomicClassification>
                                        <taxonRankName>Order</taxonRankName>
                                    <taxonRankValue>Osmeriformes</taxonRankValue>
                                </taxonomicClassification>
                                <taxonomicClassification>
                                        <taxonRankName>Order</taxonRankName>
                                    <taxonRankValue>Osteoglossiformes</taxonRankValue>
                                </taxonomicClassification>
                                <taxonomicClassification>
                                        <taxonRankName>Order</taxonRankName>
                                    <taxonRankValue>Perciformes</taxonRankValue>
                                </taxonomicClassification>
                                <taxonomicClassification>
                                        <taxonRankName>Order</taxonRankName>
                                    <taxonRankValue>Pleuronectiformes</taxonRankValue>
                                </taxonomicClassification>
                                <taxonomicClassification>
                                        <taxonRankName>Order</taxonRankName>
                                    <taxonRankValue>Polymixiiformes</taxonRankValue>
                                </taxonomicClassification>
                                <taxonomicClassification>
                                        <taxonRankName>Order</taxonRankName>
                                    <taxonRankValue>Salmoniformes</taxonRankValue>
                                </taxonomicClassification>
                                <taxonomicClassification>
                                        <taxonRankName>Order</taxonRankName>
                                    <taxonRankValue>Scorpaeniformes</taxonRankValue>
                                </taxonomicClassification>
                                <taxonomicClassification>
                                        <taxonRankName>Order</taxonRankName>
                                    <taxonRankValue>Siluriformes</taxonRankValue>
                                </taxonomicClassification>
                                <taxonomicClassification>
                                        <taxonRankName>Order</taxonRankName>
                                    <taxonRankValue>Stephanoberyciformes</taxonRankValue>
                                </taxonomicClassification>
                                <taxonomicClassification>
                                        <taxonRankName>Order</taxonRankName>
                                    <taxonRankValue>Stomiiformes</taxonRankValue>
                                </taxonomicClassification>
                                <taxonomicClassification>
                                        <taxonRankName>Order</taxonRankName>
                                    <taxonRankValue>Tetraodontiformes</taxonRankValue>
                                </taxonomicClassification>
                                <taxonomicClassification>
                                        <taxonRankName>Order</taxonRankName>
                                    <taxonRankValue>Zeiformes</taxonRankValue>
                                </taxonomicClassification>
                                <taxonomicClassification>
                                        <taxonRankName>Kingdom</taxonRankName>
                                    <taxonRankValue>Animalia</taxonRankValue>
                                </taxonomicClassification>
                                <taxonomicClassification>
                                        <taxonRankName>Phylum</taxonRankName>
                                    <taxonRankValue>Chordata</taxonRankValue>
                                </taxonomicClassification>
                        </taxonomicCoverage>
            </coverage>
            <maintenance>
                <description>
                    <para></para>
                </description>
                <maintenanceUpdateFrequency>asNeeded</maintenanceUpdateFrequency>
            </maintenance>
            <contact>
            <individualName>
<givenName>Amalia</givenName>                    <surName>Manjabacas</surName>
            </individualName>
<organizationName>Institut de Ciències del Mar (ICM-CSIC)</organizationName><positionName>Technician</positionName>            <address>
<deliveryPoint>Passeig Marítim de la Barceloneta, 37-49</deliveryPoint><city>Barcelona</city><administrativeArea>Barcelona</administrativeArea><postalCode>E-08003</postalCode><country>SPAIN</country>            </address>
<phone>+34 93 230 95 00</phone><electronicMailAddress>manjabacas@icm.csic.es</electronicMailAddress><onlineUrl>http://www.icm.csic.es/</onlineUrl>            </contact>
            <contact>
            <individualName>
<givenName>Elena</givenName>                    <surName>Guerrero</surName>
            </individualName>
<organizationName>Institut de Ciències del Mar (ICM-CSIC)</organizationName><positionName>Curator</positionName>            <address>
<deliveryPoint>Passeig Marítim de la Barceloneta, 37-49.</deliveryPoint><city>Barcelona</city><administrativeArea>Barcelona</administrativeArea><postalCode>E-08003</postalCode><country>SPAIN</country>            </address>
<phone>+34 93 230 95 00</phone><electronicMailAddress>cbr@icm.csic.es</electronicMailAddress><onlineUrl>https://cbr.icm.csic.es/en</onlineUrl>            <userId directory="https://orcid.org/">0000-0003-1657-6648</userId>
            </contact>
            <methods>
            </methods>

            <project >
                <title>Project ION tools for the search, management and visualization of heterogenous data over Internet (Ref: MCyT - TIC2000-0376-p4-04)</title>
                    <personnel>
            <individualName>
<givenName>Emili</givenName>                    <surName>García Ladona</surName>
            </individualName>
            <role>PRINCIPAL_INVESTIGATOR</role>
                    </personnel>
                <abstract>
                    <para></para>
                </abstract>
                <funding>
                    <para>Ministerio Ciencia y Tecnología (MCyT)</para>
                </funding>
                    <studyAreaDescription>
                        <descriptor name="generic" citableClassificationSystem="false">
                            <descriptorValue>Otolith images and its associated shape analysis through pattern recognition techniques applying Fourier transform (FT), curvature space scale (CSS) and wavelet analysis (WT) are used in identification of stocks, populations and  species as part of ecological, trophic , paleontological, archeological and fishery studies. This site also includes an Automatic Taxon Identification such allows to search and identify directly using query images of otholits.</descriptorValue>
                        </descriptor>
                    </studyAreaDescription>
            </project>
    </dataset>

    <additionalMetadata>
        <metadata>
            <gbif>
                <dateStamp>2024-07-11T14:26:24Z</dateStamp>
                <citation>Chic Ò, Manjabacas A, Guerrero E, Lombarte A (2023). Otoliths Reference Collection. CBMR-AFORO (ICM-CSIC). Institut de Ciències del Mar (CSIC). Occurrence dataset https://doi.org/10.15468/wdwxid accessed via GBIF.org on 2024-07-11.</citation>
                    <resourceLogoUrl>http://aforo.cmima.csic.es/imatges/logoaforoA.png</resourceLogoUrl>
                        <collection>
                            <parentCollectionIdentifier>Not applicable</parentCollectionIdentifier>
                            <collectionIdentifier>e95d0010-b3f1-11de-82f8-b8a03c50a862</collectionIdentifier>
                            <collectionName>CBMR-AFORO</collectionName>
                        </collection>
                        <specimenPreservationMethod>NO_TREATMENT</specimenPreservationMethod>
                    <livingTimePeriod>1975</livingTimePeriod>
            </gbif>
        </metadata>
    </additionalMetadata>

</eml:eml>
