<?xml version="1.0" encoding="utf-8"?>
<eml:eml xmlns:eml="eml://ecoinformatics.org/eml-2.1.1" xmlns:xsi="http://www.w3.org/2001/XMLSchema-instance"
         xsi:schemaLocation="eml://ecoinformatics.org/eml-2.1.1 http://rs.gbif.org/schema/eml-gbif-profile/1.2/eml.xsd"
packageId="ef49d2b5-0f70-4787-8673-d6925dcec372"  system="http://gbif.org" scope="system"
xml:lang="es">

    <dataset>
            <alternateIdentifier>10.15472/i8rzfj</alternateIdentifier>
                <alternateIdentifier>https://ipt.biodiversidad.co/sibm/resource?r=unal_seaflower_algas-bolivar</alternateIdentifier>
        <title>Valoración de servicios ecosistémicos y diversidad biológica de los arrecifes de coral en los alrededores de la Isla Cayos de Bolívar, Reserva de Biósfera Seaflower, Caribe Colombiano.</title>
            <creator>
            <individualName>
<givenName>Adriana</givenName>                    <surName>Santos Martínez</surName>
            </individualName>
<organizationName>Universidad Nacional de Colombia</organizationName><positionName>Investigador principal</positionName>            <address>
<country>COLOMBIA</country>            </address>
<electronicMailAddress>asantosma@unal.edu.co</electronicMailAddress>            </creator>
            <creator>
            <individualName>
<givenName>Diana Carolina</givenName>                    <surName>Castaño Giraldo</surName>
            </individualName>
<organizationName>Universidad Nacional de Colombia</organizationName><positionName>Coinvestigador</positionName>            <address>
<country>COLOMBIA</country>            </address>
<electronicMailAddress>dcastano@unal.edu.co</electronicMailAddress>            </creator>
            <creator>
            <individualName>
<givenName>Brigitte</givenName>                    <surName>Gavio</surName>
            </individualName>
<organizationName>Universidad Nacional de Colombia</organizationName><positionName>Coinvestigador</positionName>            <address>
<country>COLOMBIA</country>            </address>
<electronicMailAddress>bgavio@unal.edu.co</electronicMailAddress>            </creator>
            <creator>
            <individualName>
<givenName>Julián</givenName>                    <surName>Prato Valderrama</surName>
            </individualName>
<organizationName>Universidad Nacional de Colombia</organizationName><positionName>Coinvestigador</positionName>            <address>
<country>COLOMBIA</country>            </address>
<electronicMailAddress>jprato@unal.edu.co</electronicMailAddress>            </creator>
            <metadataProvider>
            <individualName>
<givenName>Adriana</givenName>                    <surName>Santos Martínez</surName>
            </individualName>
<organizationName>Universidad Nacional de Colombia</organizationName><positionName>Investigador principal</positionName>            <address>
<country>COLOMBIA</country>            </address>
<electronicMailAddress>asantosma@unal.edu.co</electronicMailAddress>            </metadataProvider>
            <metadataProvider>
            <individualName>
<givenName>Brigitte</givenName>                    <surName>Gavio</surName>
            </individualName>
<organizationName>Universidad Nacional de Colombia</organizationName><positionName>Coinvestigador</positionName>            <address>
<country>COLOMBIA</country>            </address>
<electronicMailAddress>bgavio@unal.edu.co</electronicMailAddress>            </metadataProvider>
            <metadataProvider>
            <individualName>
<givenName>Diana Carolina</givenName>                    <surName>Castaño Giraldo</surName>
            </individualName>
<organizationName>Universidad Nacional de Colombia</organizationName><positionName>Coinvestigador</positionName>            <address>
<country>COLOMBIA</country>            </address>
<electronicMailAddress>dcastano@unal.edu.co</electronicMailAddress>            </metadataProvider>
            <metadataProvider>
            <individualName>
<givenName>Julián</givenName>                    <surName>Prato Valderrama</surName>
            </individualName>
<organizationName>Universidad Nacional de Colombia</organizationName><positionName>Coinvestigador</positionName>            <address>
<country>COLOMBIA</country>            </address>
<electronicMailAddress>jprato@unal.edu.co</electronicMailAddress>            </metadataProvider>
            <associatedParty>
            <individualName>
                    <surName>Universidad Nacional de Colombia</surName>
            </individualName>
<organizationName>Universidad Nacional de Colombia</organizationName><positionName>Institución propietaria</positionName>            <address>
<deliveryPoint>Carrera 45 # 26-85</deliveryPoint><city>Bogotá D.C.</city><administrativeArea>Bogotá D.C.</administrativeArea><country>COLOMBIA</country>            </address>
<phone>3165000</phone><onlineUrl>https://unal.edu.co</onlineUrl>            <role>OWNER</role>
            </associatedParty>
            <associatedParty>
            <individualName>
<givenName>Alvaro</givenName>                    <surName>Sandoval Riveros</surName>
            </individualName>
<organizationName>Universidad Nacional de Colombia</organizationName>            <address>
<deliveryPoint>Calle 11 a bis # 72b - 15</deliveryPoint><city>Bogotá, D.C.</city><administrativeArea>Bogotá, D.C.</administrativeArea>            </address>
<electronicMailAddress>aasandovalr@unal.edu.co</electronicMailAddress>            <userId directory="http://orcid.org/">0009-0004-5024-4318</userId>
            <role>PUBLISHER</role>
            </associatedParty>
            <pubDate>
                2023-10-19
            </pubDate>
        <language>SPANISH</language>
            <abstract>
                    <para>En el marco de la expedición Seaflower 2022, realizada en la Isla Cayos de Bolívar, dentro de la Reserva de la Biosfera Seaflower, se realizaron censos visuales de peces, determinación de complejidad topográfica y evaluación de la comunidad béntica, mapeo de ecosistemas someros, así como muestreos de macroalgas en Cayo Bolívar, mar Caribe colombiano, ubicado en la reserva de la biosfera Seaflower. Con este proyecto se da continuidad a la valoración de servicios ecosistémicos de los arrecifes de coral realizada en todas las expediciones Seaflower a partir de 2017, con estudios cuantitativos sobre diversidad de peces, cobertura del bentos, complejidad topográfica y protección costera, empleando metodologías estandarizadas e implementadas en dichas expediciones. Se da continuidad a proyectos realizados durante otras expediciones en Seaflower de 2014 a 2018 , al inventario de diversidad de macroalgas, además de continuar con esfuerzos conjuntos con CIOH, UN-Medellín y DIMAR (expediciones Seaflower 2017 y 2018).</para>
            </abstract>
                <keywordSet>
                        <keyword>Macroalgas</keyword>
                        <keyword>Peces</keyword>
                        <keywordThesaurus>NA</keywordThesaurus>
                </keywordSet>
                <keywordSet>
                        <keyword>Occurrence</keyword>
                        <keywordThesaurus>GBIF Dataset Type Vocabulary: http://rs.gbif.org/vocabulary/gbif/dataset_type_2015-07-10.xml</keywordThesaurus>
                </keywordSet>
                <keywordSet>
                        <keyword>Observation</keyword>
                        <keywordThesaurus>GBIF Dataset Subtype Vocabulary: http://rs.gbif.org/vocabulary/gbif/dataset_subtype.xml</keywordThesaurus>
                </keywordSet>
            <intellectualRights>
                    <para>This work is licensed under a <ulink url="http://creativecommons.org/licenses/by-nc/4.0/legalcode"><citetitle>Creative Commons Attribution Non Commercial (CC-BY-NC) 4.0 License</citetitle></ulink>.</para>
            </intellectualRights>
            <coverage>
                    <geographicCoverage>
                            <geographicDescription>La cobertura geográfica de los datos corresponde a el Cayo Bolívar o Cayos del Este-sureste; atolón del mar Caribe que se encuentra ubicado en la tercera sección, en la parte sur (14.780 km2) de la reserva de la biosfera Seaflower.</geographicDescription>
                            <boundingCoordinates>
                                <westBoundingCoordinate>-81.491</westBoundingCoordinate>
                                <eastBoundingCoordinate>-81.403</eastBoundingCoordinate>
                                <northBoundingCoordinate>12.453</northBoundingCoordinate>
                                <southBoundingCoordinate>12.37</southBoundingCoordinate>
                            </boundingCoordinates>
                    </geographicCoverage>
                    <temporalCoverage>
                            <rangeOfDates>
                                <beginDate>
                                    <calendarDate>                2022-09-23
</calendarDate>
                                </beginDate>
                                <endDate>
                                    <calendarDate>                2022-09-30
</calendarDate>
                                </endDate>
                            </rangeOfDates>
                    </temporalCoverage>
                        <taxonomicCoverage>
                                <generalTaxonomicCoverage>El componente de macroalgas está compuesto por 49 registros que representan 41 especies (8 registros no se identificaron a especie), distribuidos en 4 clases (Cyanophyceae, Florideophyceae, Phaeophyceae, Ulvophyceae) 14 órdenes, 24 familias y 36 géneros.</generalTaxonomicCoverage>
                                <taxonomicClassification>
                                        <taxonRankName>Genus</taxonRankName>
                                    <taxonRankValue>Amphiroa</taxonRankValue>
                                </taxonomicClassification>
                                <taxonomicClassification>
                                        <taxonRankName>Genus</taxonRankName>
                                    <taxonRankValue>Avrainvillea</taxonRankValue>
                                </taxonomicClassification>
                                <taxonomicClassification>
                                        <taxonRankName>Genus</taxonRankName>
                                    <taxonRankValue>Botryocladia</taxonRankValue>
                                </taxonomicClassification>
                                <taxonomicClassification>
                                        <taxonRankName>Genus</taxonRankName>
                                    <taxonRankValue>Bryopsis</taxonRankValue>
                                </taxonomicClassification>
                                <taxonomicClassification>
                                        <taxonRankName>Genus</taxonRankName>
                                    <taxonRankValue>Caulerpa</taxonRankValue>
                                </taxonomicClassification>
                                <taxonomicClassification>
                                        <taxonRankName>Genus</taxonRankName>
                                    <taxonRankValue>Ceramium</taxonRankValue>
                                </taxonomicClassification>
                                <taxonomicClassification>
                                        <taxonRankName>Genus</taxonRankName>
                                    <taxonRankValue>Champia</taxonRankValue>
                                </taxonomicClassification>
                                <taxonomicClassification>
                                        <taxonRankName>Genus</taxonRankName>
                                    <taxonRankValue>Chondria</taxonRankValue>
                                </taxonomicClassification>
                                <taxonomicClassification>
                                        <taxonRankName>Genus</taxonRankName>
                                    <taxonRankValue>Coelothrix</taxonRankValue>
                                </taxonomicClassification>
                                <taxonomicClassification>
                                        <taxonRankName>Genus</taxonRankName>
                                    <taxonRankValue>Colaconema</taxonRankValue>
                                </taxonomicClassification>
                                <taxonomicClassification>
                                        <taxonRankName>Genus</taxonRankName>
                                    <taxonRankValue>Coleofasciculus</taxonRankValue>
                                </taxonomicClassification>
                                <taxonomicClassification>
                                        <taxonRankName>Genus</taxonRankName>
                                    <taxonRankValue>Cryptonemia</taxonRankValue>
                                </taxonomicClassification>
                                <taxonomicClassification>
                                        <taxonRankName>Genus</taxonRankName>
                                    <taxonRankValue>Dictyosphaeria</taxonRankValue>
                                </taxonomicClassification>
                                <taxonomicClassification>
                                        <taxonRankName>Genus</taxonRankName>
                                    <taxonRankValue>Dictyota</taxonRankValue>
                                </taxonomicClassification>
                                <taxonomicClassification>
                                        <taxonRankName>Genus</taxonRankName>
                                    <taxonRankValue>Gayliella</taxonRankValue>
                                </taxonomicClassification>
                                <taxonomicClassification>
                                        <taxonRankName>Genus</taxonRankName>
                                    <taxonRankValue>Halimeda</taxonRankValue>
                                </taxonomicClassification>
                                <taxonomicClassification>
                                        <taxonRankName>Genus</taxonRankName>
                                    <taxonRankValue>Haloplegma</taxonRankValue>
                                </taxonomicClassification>
                                <taxonomicClassification>
                                        <taxonRankName>Genus</taxonRankName>
                                    <taxonRankValue>Hydrolithon</taxonRankValue>
                                </taxonomicClassification>
                                <taxonomicClassification>
                                        <taxonRankName>Genus</taxonRankName>
                                    <taxonRankValue>Jania</taxonRankValue>
                                </taxonomicClassification>
                                <taxonomicClassification>
                                        <taxonRankName>Genus</taxonRankName>
                                    <taxonRankValue>Lobophora</taxonRankValue>
                                </taxonomicClassification>
                                <taxonomicClassification>
                                        <taxonRankName>Genus</taxonRankName>
                                    <taxonRankValue>Lyngbya</taxonRankValue>
                                </taxonomicClassification>
                                <taxonomicClassification>
                                        <taxonRankName>Genus</taxonRankName>
                                    <taxonRankValue>Melanothamnus</taxonRankValue>
                                </taxonomicClassification>
                                <taxonomicClassification>
                                        <taxonRankName>Genus</taxonRankName>
                                    <taxonRankValue>Oscillatoria</taxonRankValue>
                                </taxonomicClassification>
                                <taxonomicClassification>
                                        <taxonRankName>Genus</taxonRankName>
                                    <taxonRankValue>Parviphycus</taxonRankValue>
                                </taxonomicClassification>
                                <taxonomicClassification>
                                        <taxonRankName>Genus</taxonRankName>
                                    <taxonRankValue>Penicillus</taxonRankValue>
                                </taxonomicClassification>
                                <taxonomicClassification>
                                        <taxonRankName>Genus</taxonRankName>
                                    <taxonRankValue>Rhipocephalus</taxonRankValue>
                                </taxonomicClassification>
                                <taxonomicClassification>
                                        <taxonRankName>Genus</taxonRankName>
                                    <taxonRankValue>Sargassum</taxonRankValue>
                                </taxonomicClassification>
                                <taxonomicClassification>
                                        <taxonRankName>Genus</taxonRankName>
                                    <taxonRankValue>Spirulina</taxonRankValue>
                                </taxonomicClassification>
                                <taxonomicClassification>
                                        <taxonRankName>Genus</taxonRankName>
                                    <taxonRankValue>Stypopodium</taxonRankValue>
                                </taxonomicClassification>
                                <taxonomicClassification>
                                        <taxonRankName>Genus</taxonRankName>
                                    <taxonRankValue>Trichogloeopsis</taxonRankValue>
                                </taxonomicClassification>
                                <taxonomicClassification>
                                        <taxonRankName>Genus</taxonRankName>
                                    <taxonRankValue>Turbinaria</taxonRankValue>
                                </taxonomicClassification>
                                <taxonomicClassification>
                                        <taxonRankName>Genus</taxonRankName>
                                    <taxonRankValue>Udotea</taxonRankValue>
                                </taxonomicClassification>
                                <taxonomicClassification>
                                        <taxonRankName>Genus</taxonRankName>
                                    <taxonRankValue>Ulothrix</taxonRankValue>
                                </taxonomicClassification>
                                <taxonomicClassification>
                                        <taxonRankName>Genus</taxonRankName>
                                    <taxonRankValue>Valonia</taxonRankValue>
                                </taxonomicClassification>
                                <taxonomicClassification>
                                        <taxonRankName>Genus</taxonRankName>
                                    <taxonRankValue>Wrangelia</taxonRankValue>
                                </taxonomicClassification>
                                <taxonomicClassification>
                                        <taxonRankName>Genus</taxonRankName>
                                    <taxonRankValue>Yuzurua</taxonRankValue>
                                </taxonomicClassification>
                        </taxonomicCoverage>
                        <taxonomicCoverage>
                                <generalTaxonomicCoverage>El componente de peces está compuesto por 65 registros de especies, distribuidos en 2 clases (Actinopteri, Elasmobranchii) 14 órdenes, 26 familias y 41 géneros.</generalTaxonomicCoverage>
                                <taxonomicClassification>
                                        <taxonRankName>Genus</taxonRankName>
                                    <taxonRankValue>Abudefduf</taxonRankValue>
                                </taxonomicClassification>
                                <taxonomicClassification>
                                        <taxonRankName>Genus</taxonRankName>
                                    <taxonRankValue>Acanthurus</taxonRankValue>
                                </taxonomicClassification>
                                <taxonomicClassification>
                                        <taxonRankName>Genus</taxonRankName>
                                    <taxonRankValue>Aulostomus</taxonRankValue>
                                </taxonomicClassification>
                                <taxonomicClassification>
                                        <taxonRankName>Genus</taxonRankName>
                                    <taxonRankValue>Balistes</taxonRankValue>
                                </taxonomicClassification>
                                <taxonomicClassification>
                                        <taxonRankName>Genus</taxonRankName>
                                    <taxonRankValue>Bodianus</taxonRankValue>
                                </taxonomicClassification>
                                <taxonomicClassification>
                                        <taxonRankName>Genus</taxonRankName>
                                    <taxonRankValue>Calamus</taxonRankValue>
                                </taxonomicClassification>
                                <taxonomicClassification>
                                        <taxonRankName>Genus</taxonRankName>
                                    <taxonRankValue>Cantherhines</taxonRankValue>
                                </taxonomicClassification>
                                <taxonomicClassification>
                                        <taxonRankName>Genus</taxonRankName>
                                    <taxonRankValue>Canthidermis</taxonRankValue>
                                </taxonomicClassification>
                                <taxonomicClassification>
                                        <taxonRankName>Genus</taxonRankName>
                                    <taxonRankValue>Caranx</taxonRankValue>
                                </taxonomicClassification>
                                <taxonomicClassification>
                                        <taxonRankName>Genus</taxonRankName>
                                    <taxonRankValue>Carcharhinus</taxonRankValue>
                                </taxonomicClassification>
                                <taxonomicClassification>
                                        <taxonRankName>Genus</taxonRankName>
                                    <taxonRankValue>Cephalopholis</taxonRankValue>
                                </taxonomicClassification>
                                <taxonomicClassification>
                                        <taxonRankName>Genus</taxonRankName>
                                    <taxonRankValue>Chaetodon</taxonRankValue>
                                </taxonomicClassification>
                                <taxonomicClassification>
                                        <taxonRankName>Genus</taxonRankName>
                                    <taxonRankValue>Chromis</taxonRankValue>
                                </taxonomicClassification>
                                <taxonomicClassification>
                                        <taxonRankName>Genus</taxonRankName>
                                    <taxonRankValue>Clepticus</taxonRankValue>
                                </taxonomicClassification>
                                <taxonomicClassification>
                                        <taxonRankName>Genus</taxonRankName>
                                    <taxonRankValue>Diodon</taxonRankValue>
                                </taxonomicClassification>
                                <taxonomicClassification>
                                        <taxonRankName>Genus</taxonRankName>
                                    <taxonRankValue>Epinephelus</taxonRankValue>
                                </taxonomicClassification>
                                <taxonomicClassification>
                                        <taxonRankName>Genus</taxonRankName>
                                    <taxonRankValue>Ginglymostoma</taxonRankValue>
                                </taxonomicClassification>
                                <taxonomicClassification>
                                        <taxonRankName>Genus</taxonRankName>
                                    <taxonRankValue>Gramma</taxonRankValue>
                                </taxonomicClassification>
                                <taxonomicClassification>
                                        <taxonRankName>Genus</taxonRankName>
                                    <taxonRankValue>Haemulon</taxonRankValue>
                                </taxonomicClassification>
                                <taxonomicClassification>
                                        <taxonRankName>Genus</taxonRankName>
                                    <taxonRankValue>Halichoeres</taxonRankValue>
                                </taxonomicClassification>
                                <taxonomicClassification>
                                        <taxonRankName>Genus</taxonRankName>
                                    <taxonRankValue>Heteropriacanthus</taxonRankValue>
                                </taxonomicClassification>
                                <taxonomicClassification>
                                        <taxonRankName>Genus</taxonRankName>
                                    <taxonRankValue>Holacanthus</taxonRankValue>
                                </taxonomicClassification>
                                <taxonomicClassification>
                                        <taxonRankName>Genus</taxonRankName>
                                    <taxonRankValue>Holocentrus</taxonRankValue>
                                </taxonomicClassification>
                                <taxonomicClassification>
                                        <taxonRankName>Genus</taxonRankName>
                                    <taxonRankValue>Hypoplectrus</taxonRankValue>
                                </taxonomicClassification>
                                <taxonomicClassification>
                                        <taxonRankName>Genus</taxonRankName>
                                    <taxonRankValue>Kyphosus</taxonRankValue>
                                </taxonomicClassification>
                                <taxonomicClassification>
                                        <taxonRankName>Genus</taxonRankName>
                                    <taxonRankValue>Lactophrys</taxonRankValue>
                                </taxonomicClassification>
                                <taxonomicClassification>
                                        <taxonRankName>Genus</taxonRankName>
                                    <taxonRankValue>Malacanthus</taxonRankValue>
                                </taxonomicClassification>
                                <taxonomicClassification>
                                        <taxonRankName>Genus</taxonRankName>
                                    <taxonRankValue>Melichthys</taxonRankValue>
                                </taxonomicClassification>
                                <taxonomicClassification>
                                        <taxonRankName>Genus</taxonRankName>
                                    <taxonRankValue>Microspathodon</taxonRankValue>
                                </taxonomicClassification>
                                <taxonomicClassification>
                                        <taxonRankName>Genus</taxonRankName>
                                    <taxonRankValue>Mulloidichthys</taxonRankValue>
                                </taxonomicClassification>
                                <taxonomicClassification>
                                        <taxonRankName>Genus</taxonRankName>
                                    <taxonRankValue>Mycteroperca</taxonRankValue>
                                </taxonomicClassification>
                                <taxonomicClassification>
                                        <taxonRankName>Genus</taxonRankName>
                                    <taxonRankValue>Myripristis</taxonRankValue>
                                </taxonomicClassification>
                                <taxonomicClassification>
                                        <taxonRankName>Genus</taxonRankName>
                                    <taxonRankValue>Ocyurus</taxonRankValue>
                                </taxonomicClassification>
                                <taxonomicClassification>
                                        <taxonRankName>Genus</taxonRankName>
                                    <taxonRankValue>Ophioblennius</taxonRankValue>
                                </taxonomicClassification>
                                <taxonomicClassification>
                                        <taxonRankName>Genus</taxonRankName>
                                    <taxonRankValue>Pomacanthus</taxonRankValue>
                                </taxonomicClassification>
                                <taxonomicClassification>
                                        <taxonRankName>Genus</taxonRankName>
                                    <taxonRankValue>Rypticus</taxonRankValue>
                                </taxonomicClassification>
                                <taxonomicClassification>
                                        <taxonRankName>Genus</taxonRankName>
                                    <taxonRankValue>Scarus</taxonRankValue>
                                </taxonomicClassification>
                                <taxonomicClassification>
                                        <taxonRankName>Genus</taxonRankName>
                                    <taxonRankValue>Sparisoma</taxonRankValue>
                                </taxonomicClassification>
                                <taxonomicClassification>
                                        <taxonRankName>Genus</taxonRankName>
                                    <taxonRankValue>Sphyraena</taxonRankValue>
                                </taxonomicClassification>
                                <taxonomicClassification>
                                        <taxonRankName>Genus</taxonRankName>
                                    <taxonRankValue>Stegastes</taxonRankValue>
                                </taxonomicClassification>
                                <taxonomicClassification>
                                        <taxonRankName>Genus</taxonRankName>
                                    <taxonRankValue>Thalassoma</taxonRankValue>
                                </taxonomicClassification>
                        </taxonomicCoverage>
            </coverage>
            <maintenance>
                <description>
                    <para></para>
                </description>
                <maintenanceUpdateFrequency>unkown</maintenanceUpdateFrequency>
            </maintenance>
            <contact>
            <individualName>
<givenName>Adriana</givenName>                    <surName>Santos Martínez</surName>
            </individualName>
<organizationName>Universidad Nacional de Colombia</organizationName><positionName>Investigador principal</positionName>            <address>
<country>COLOMBIA</country>            </address>
<electronicMailAddress>asantosma@unal.edu.co</electronicMailAddress>            </contact>
            <contact>
            <individualName>
<givenName>Diana Carolina</givenName>                    <surName>Castaño Giraldo</surName>
            </individualName>
<organizationName>Universidad Nacional de Colombia</organizationName><positionName>Coinvestigador</positionName>            <address>
<country>COLOMBIA</country>            </address>
<electronicMailAddress>dcastano@unal.edu.co</electronicMailAddress>            </contact>
            <contact>
            <individualName>
<givenName>Brigitte</givenName>                    <surName>Gavio</surName>
            </individualName>
<organizationName>Universidad Nacional de Colombia</organizationName><positionName>Coinvestigador</positionName>            <address>
<country>COLOMBIA</country>            </address>
<electronicMailAddress>bgavio@unal.edu.co</electronicMailAddress>            </contact>
            <contact>
            <individualName>
<givenName>Julián</givenName>                    <surName>Prato Valderrama</surName>
            </individualName>
<organizationName>Universidad Nacional de Colombia</organizationName><positionName>Coinvestigador</positionName>            <address>
<country>COLOMBIA</country>            </address>
<electronicMailAddress>jprato@unal.edu.co</electronicMailAddress>            </contact>
            <methods>
                    <methodStep>
                        <description>
                            <para>Identificar los servicios ecosistémicos (SE) que aportan los arrecifes coralinos en la Isla Cayos de Bolívar-ICB: Realizado mediante diligenciamiento de listado de checkeo de SE en campo.</para>
                        </description>
                    </methodStep>
                    <methodStep>
                        <description>
                            <para>Censos visuales y cuantitativos de peces con registro de rangos de tallas, complementado con la medición de la complejidad topográfica arrecifal.</para>
                        </description>
                    </methodStep>
                    <methodStep>
                        <description>
                            <para>Insumos para el mapeo de ecosistemas arrecifales someros mediante sensores remotos y posibles relaciones entre los ecosistemas marinos: Se efecturaron sobrevuelos con un dron de alta resolución en su cámara para la construcción de mosaicos de zonas estratégicas en la Isla, como las barreras arrecifales y el Cayo freshwater.</para>
                        </description>
                    </methodStep>
                    <methodStep>
                        <description>
                            <para>Determinación de la diversidad de macroalgas marinas: Se recolectaron muestras de macroalgas bentónicas, las cuales se identificaron en laboratorio para generar un listado de especies.</para>
                        </description>
                    </methodStep>
                    <methodStep>
                        <description>
                            <para>Se realizó la interacción con los integrantes de la Armada Nacional y Guardacostas para apoyar y fortalecer las estrategias de manejo con tortugas marinas gracias a la participación y conferencia dictada a los infantes de marina del Cayo de la experta médica veterinaria y candidata a MSc en Biología Marina Diana Castaño. Adicionalmente se generaron interacciones para posibles cooperaciones futuras con el grupo de geología para incorporar el concepto de los Beach Rock en análisis conjuntos.</para>
                        </description>
                    </methodStep>
                    <sampling>
                        <studyExtent>
                            <description>
                                <para>La cobertura geográfica de los datos corresponde a el Cayo Bolívar o Cayos del Este-sureste es un atolón del mar Caribe que se encuentra ubicado en la tercera sección, en la parte sur (14.780 km2) de la reserva de la biosfera Seaflower.</para>
                            </description>
                        </studyExtent>
                        <samplingDescription>
                            <para>Se logró realizar los muestreos en 24 estaciones completas (censos visuales de peces, determinación de complejidad topográfica y evaluación comunidad béntica), más tres estaciones para mapeo de ecosistemas someros, así como 23 estaciones en las que se realizaron muestreos de macroalgas. Se lograron implementar las metodologías propuestas exitosamente.</para>
                        </samplingDescription>
                    </sampling>
                    <qualityControl>
                        <description>
                            <para>Ajuste de diferentes elementos del DwC: Realizado por el Equipo Coordinador del SIB Colombia de acuerdo a la naturaleza de los datos. Validación de las plantillas DwC con la herramienta GBIF Validator.</para>
                        </description>
                    </qualityControl>
            </methods>

            <project id="Expedición Científica Seaflower - 2022 Islas Cayos de Bolívar">
                <title>Valoración de servicios ecosistémicos y diversidad biológica de los arrecifes de coral en los alrededores de la Isla Cayos de Bolívar, Reserva de Biósfera Seaflower, Caribe Colombiano.</title>
                    <personnel>
            <individualName>
<givenName>Adriana</givenName>                    <surName>Santos Martínez</surName>
            </individualName>
            <role>PRINCIPAL_INVESTIGATOR</role>
                    </personnel>
                    <personnel>
            <individualName>
<givenName>Brigitte</givenName>                    <surName>Gavio</surName>
            </individualName>
            <role>PRINCIPAL_INVESTIGATOR</role>
                    </personnel>
                    <personnel>
            <individualName>
<givenName>Julian</givenName>                    <surName>Prato Valderrama</surName>
            </individualName>
            <role>PRINCIPAL_INVESTIGATOR</role>
                    </personnel>
                <abstract>
                    <para>La Expedición Científica Seaflower 2022, Isla Cayos del Este Sureste, se llevó a cabo entre el 9 de septiembre y 2 de octubre de 2022. Esta expedición fue coordinada por la Secretaría Ejecutiva de la Comisión Colombiana del Océano, Armada Nacional de Colombia, Dirección General Marítima, el Programa Colombia Bio del Ministerio de Ciencia, Tecnología e Innovación, Coralina y el CEMarin. Se contó con la participación de 64 expedicionarios de 26 instituciones, de los cuales 18 corresponden a investigadores y participantes locales, se desarrollaron 17 proyectos de investigación relacionados con biodiversidad, recurso hidrobiológico y pesquero, cultura y educación, valoración de servicios ecosistémicos, calidad ambiental marina, cartografía y sistemas de información geográfica. Se realizaron 473 puntos de muestreo a lo largo y ancho del complejo arrecifal, lo que permitirá construir un concepto científicamente sólido sobre las dinámicas socioecosistémicas de la Isla Cayos del Este Sureste. Adicionalmente, los estudios de bioprospección con esponjas y algas, la evaluación del estado de los ecosistemas estratégicos y especies clave proveerán información fundamental para la conservación y crecimiento bioeconómico del Archipiélago.</para>
                </abstract>
                <funding>
                    <para>Secretaría Ejecutiva de la Comisión Colombiana del Océano (CCO), Armada Nacional de Colombia (ARC), Dirección General Marítima (DIMAR), Programa Colombia Bio del Ministerio de Ciencia, Tecnología e Innovación, Corporación para el Desarrollo Sostenible del Archipiélago de San Andrés, Providencia y Santa Catalina (CORALINA), Corporación Centro de Excelencia en Ciencias Marinas (CEMarin).</para>
                </funding>
                    <studyAreaDescription>
                        <descriptor name="generic" citableClassificationSystem="false">
                            <descriptorValue>El complejo arrecifal de las Islas Cayos del Este Sureste (Bolívar), está localizado en 120°24&apos;N y 81°28&apos;W a 25 km al sur este de San Andrés, con dimensiones aproximadas de 11,7km de largo y un ancho de 5,1km hasta la isobata de 45m (Díaz et al., 1996). Es en forma de elipse, a unos 3,5 km E-W y 6,5 km SSE-NNW. Aunque este atolón actualmente tiene dos cayos (East Cay y West o Bolívar Cay) y un pequeño esputo de arena, su tamaño, forma y número parecen ser bastante variables en el transcurso del tiempo, pueden deducirse fácilmente de una descripción y mapa anteriores del atolón (Díaz et al.,1996).</descriptorValue>
                        </descriptor>
                    </studyAreaDescription>
            </project>
    </dataset>

    <additionalMetadata>
        <metadata>
            <gbif>
                <dateStamp>2024-07-11T14:26:31Z</dateStamp>
                <citation identifier="https://doi.org/10.15472/i8rzfj">Santos Martínez A, Castaño Giraldo D C, Gavio B, Prato Valderrama J (2023). Valoración de servicios ecosistémicos y diversidad biológica de los arrecifes de coral en los alrededores de la Isla Cayos de Bolívar, Reserva de Biósfera Seaflower, Caribe Colombiano.. Universidad Nacional de Colombia. Occurrence dataset https://doi.org/10.15472/i8rzfj accessed via GBIF.org on 2024-07-11.</citation>
                    <bibliography>
                <citation identifier="DOI: 10.1098/rspb.2009.0339">Alvarez-Filip, L., N.K. Dulvy, J. a Gill, I. M. Côté, A.R. Watkinson. (2009). Flattening of Caribbean coral reefs: region-wide declines in architectural complexity. Proceedings of the Royal Society B: Biological Sciences 276:3019–25.</citation>
                <citation identifier="ISBN 1-56973-567-0">Burke, L., Maidens, J., 2004. Reefs at Risk in the Caribbean. World Resources Institute. 80 pp.</citation>
                <citation identifier="ISBN 978-1-56973-762-0">Burke L., Reytar K., Spalding M., and Perry A., 2011. Reef at risk revisited. World Research Institute. Whasington DC., 115 pp.</citation>
                <citation identifier="doi: 10.1126/science.1086050">Gardner, T.A., Côté, I.M., Gill, J.A., Grant, A., and Watkinson, A.R. (2003). Long-term region-wide declines in Caribbean corals. Sci. 301(5635), 958-960.</citation>
                <citation identifier="doi: 10.1371/journal.pone.015809">Guannel, G., Arkema, K., Ruggiero, P. and Verutes, G. (2016). The power of three: coral reefs, seagrasses and mangroves protect coastal regions and increase their resilience. PloS One. 11(7), e0158094.</citation>
                <citation>Beaumont N, Townsend M, Mangi S, Austen MC. 2006. Marine biodiversity: An economic valuation. Department for Environment Food and Rural Affairs, Plymouth, United Kingdom, 72 pp.</citation>
                <citation>WWF-World Wildlife Fund. 2008. The Value of our oceans: The economic benefits of marine biodiversity and healthy ecosystems. WWF. Germany, Frankfurt, 21 pp.</citation>
                <citation>Prato J, Reyna J. 2015. Aproximación a la valoración económica de la zona marina y costera del Caribe colombiano. Secretaría Ejecutiva de la Comisión Colombiana del Océano. Bogotá, 184 pp)</citation>
                <citation identifier="doi: 10.1007/s003380050238">Jackson, J.B.C. (1997). Reefs since Columbus. Coral Reefs 16, S23–S32.</citation>
                <citation>Costanza R, d’Arge R, de Groot R, Farberk S, Grasso M, Hannon B, Limburg K, Naeem S, O’Neill RB, Paruelo J, Raskin RG, Suttonkk P, van den Belt M. 1997. The value of the world’s ecosystem services and natural capital. Nature, 387: 253-258</citation>
                <citation>Prato J, Newball R. 2016. Aproximación a la valoración económica ambiental del departamento Archipiélago de San Andrés, Providencia y Santa Catalina – Reserva de la Biósfera Seaflower. Secretaría Ejecutiva de la Comisión Colombiana del Océano- SECCO, Corporación para el desarrollo sostenible del Archipiélago de San Andrés, Providencia y Santa Catalina -CORALINA. Bogotá, 170 pp</citation>
                <citation>Gavio, B., V. Reyes-Gómez, M.J. Wynne. 2013. Crouania pumila sp. nov. (Callithamniaceae, Rhodophyta), a new species of marine red alga from the International Biosphere Reserve Seaflower, Caribbean Colombia. Revista de Biologia Tropical 61 (3): 1015-1023.</citation>
                <citation>Gavio, B., MA Cifuentes-Ossa, MJ Wynne. 2015. Notes on the marine algae of the International Biosphere Reserve Seaflower, Caribbean Colombia V: first preliminary study on the phycological flora of Quitasueño bank. Boletín de Investigaciones Marinas y Costeras. 44 (1): 117-126</citation>
                <citation>Barrera, JC, B Gavio, JE Mancera. 2016. Macroalgas asociadas al hábitat del gasterópodo Cittarium pica (Linneaus, 1758), en la isla de San Andrés, Colombia. In: Campos, N. H. y A. Acero P. (eds.). 2015. Contribuciones en Ciencias del Mar de la Universidad Nacional de Colombia-2015. CECIMAR, Sede Caribe, Universidad Nacional de Colombia, Santa Marta. pp. 15-27.</citation>
                <citation identifier="DOI 10.1186/s41200-016-0087-5">Rincón-Díaz, N, B. Gavio, M Wynne, A Santos-Martínez. 2016. First record of the red alga Griffithsia capitata (Ceramiales, Rhodophyta) in the southwestern Caribbean Sea, western Atlantic. Marine Biodiversity Records 9: 86.</citation>
                <citation identifier="DOI:http://dx.doi.org/10.15446/abc.v23n3.68113">Gavio B., A. Santos-Martínez. 2018. Floating Sargassum in Serranilla Bank, Caribbean Colombia, may jeopardize the race to the ocean of baby sea turtles. Acta biol. Colomb. 23 (3):311-314.</citation>
                <citation identifier="doi: https://dx.doi.org/10.1544 6/caldasia.v40n1.64597">Rincón-Díaz, M.N., B. Gavio, M.J. Wynne, A. Santos-Martínez. 2018. Notes on marine algae in the International Biosphere Reserve Seaflower Caribbean Colombian VII: Additions to the benthic flora of San Andrés Island. Caldasia 40(1):183-203.</citation>
                <citation identifier="DOI: https://doi.org/10.21829/abm128.2021.1848">Reyes-Gómez, V.P., H. Velasquez Pomar , B. Gavio. 2021. Notes on the marine algae of the International Biosphere Reserve Seaflower, Caribbean Colombia VIII: new records of red algae (Rhodophyta) from San Andrés, Old Providence, and Saint Cataline, Colombia. Acta Botanica Mexicana 128:e1848.</citation>
                <citation>Diaz-Pulido G., G. Bula-Meyer (1997) Marine algae from oceanic atolls in the Southwestern Caribbean (Albuquerque Cays, Courtown Cays, Serrana Bank, and Roncador Bank) Atoll Research Bulletin 448:1-18</citation>
                <citation>Zea, S., J. Geister, J. Garzón-Ferreira &amp; J.M. Díaz. 1998. Biotic changes in the reef complex of San Andrés Island (Southwestern Caribbean Sea, Colombia) occurring over nearly three decades. Atoll. Res. Bull. 456: 1-30.</citation>
                    </bibliography>
                    <resourceLogoUrl>https://raw.githubusercontent.com/SIB-Colombia/logos/main/socio-SiB-unal.png</resourceLogoUrl>
            </gbif>
        </metadata>
    </additionalMetadata>

</eml:eml>
