<?xml version="1.0" encoding="utf-8"?>
<eml:eml xmlns:eml="eml://ecoinformatics.org/eml-2.1.1" xmlns:xsi="http://www.w3.org/2001/XMLSchema-instance"
         xsi:schemaLocation="eml://ecoinformatics.org/eml-2.1.1 http://rs.gbif.org/schema/eml-gbif-profile/1.2/eml.xsd"
packageId="f964dc98-6bf6-44e3-b3ac-a453bf85b39c"  system="http://gbif.org" scope="system"
xml:lang="es">

    <dataset>
            <alternateIdentifier>10.15468/uevh3n</alternateIdentifier>
                <alternateIdentifier>https://ipt.iobis.org/caribbeanobis/resource?r=pecesarrecifescoralinosplayamerosombreroperazamorrocoy</alternateIdentifier>
                <alternateIdentifier>http://ipt.iobis.org/caribbeanobis/resource?r=pecesarrecifescoralinosplayamerosombreroperazamorrocoy</alternateIdentifier>
                <alternateIdentifier>f964dc98-6bf6-44e3-b3ac-a453bf85b39c</alternateIdentifier>
        <title>Peces asociados a los arrecifes Coralinos del Parque Nacional Morrocoy, Venezuela</title>
            <creator>
            <individualName>
<givenName>Jose Gregorio</givenName>                    <surName>Rodriguez-Quintal</surName>
            </individualName>
<organizationName>BIOMAC_UC, Universidad de Carabobo</organizationName><positionName>Profesor</positionName>            <address>
<deliveryPoint>FACYT, Departamento de Biologia</deliveryPoint><city>Valencia</city><administrativeArea>Carabobo</administrativeArea><postalCode>2005</postalCode><country>VENEZUELA</country>            </address>
<phone>+584241203353</phone><electronicMailAddress>stegastes@hotmail.com</electronicMailAddress>            <userId directory="http://orcid.org/">0000-0002-5664-8071</userId>
            </creator>
            <metadataProvider>
            <individualName>
<givenName>Jose Gregorio</givenName>                    <surName>Rodriguez-Quintal</surName>
            </individualName>
<organizationName>BIOMAC_UC, Universidad de Carabobo</organizationName><positionName>Profesor</positionName>            <address>
<deliveryPoint>FACYT, Departamento de Biologia</deliveryPoint><city>Valencia</city><administrativeArea>Carabobo</administrativeArea><postalCode>2005</postalCode><country>VENEZUELA</country>            </address>
<phone>+584241203353</phone><electronicMailAddress>stegastes@hotmail.com</electronicMailAddress>            <userId directory="http://orcid.org/">0000-0002-5664-8071</userId>
            </metadataProvider>
            <metadataProvider>
            <individualName>
<givenName>Adriana</givenName>                    <surName>Lopez-Ordaz</surName>
            </individualName>
<organizationName>Universidad Simon Bolivar</organizationName><positionName>Profesor</positionName>            <address>
<deliveryPoint>Valle de Sartenejas</deliveryPoint><city>Baruta</city><administrativeArea>Miranda</administrativeArea><postalCode>1080</postalCode><country>VENEZUELA</country>            </address>
<phone>+584129623878</phone><electronicMailAddress>adrilopezordaz@gmail.com</electronicMailAddress>            <userId directory="http://orcid.org/">0000-0001-9852-0976</userId>
            </metadataProvider>
            <metadataProvider>
            <individualName>
<givenName>Estrella</givenName>                    <surName>Villamizar</surName>
            </individualName>
<organizationName>Universidad Central de Venezuela</organizationName><positionName>Profesor</positionName>            <address>
<deliveryPoint>Los Chaguaramos, Facultad de Ciencias</deliveryPoint><city>Caracas</city><administrativeArea>Distrito Capital</administrativeArea><country>VENEZUELA</country>            </address>
            <userId directory="http://orcid.org/">0000-0002-0763-8854</userId>
            </metadataProvider>
            <metadataProvider>
            <individualName>
<givenName>Daniela</givenName>                    <surName>Alvarado</surName>
            </individualName>
<organizationName>Universida Simon Bolivar</organizationName><positionName>Estudiante</positionName>            <address>
<country>VENEZUELA</country>            </address>
            </metadataProvider>
            <metadataProvider>
            <individualName>
<givenName>Carmen Teresa</givenName>                    <surName>Rodriguez Fernandez</surName>
            </individualName>
<organizationName>BIOMAC-UC Universidad de Carabobo</organizationName><positionName>Profesor</positionName>            <address>
<deliveryPoint>FACYT, Departamento de Biologia</deliveryPoint><city>Valencia</city><administrativeArea>Carabobo</administrativeArea><postalCode>2005</postalCode><country>VENEZUELA</country>            </address>
<phone>+584141203353</phone><electronicMailAddress>rfcarmenteresa@gmail.com</electronicMailAddress>            <userId directory="http://orcid.org/">0000-0003-3834-5752</userId>
            </metadataProvider>
            <associatedParty>
            <individualName>
<givenName>Jose Gregorio</givenName>                    <surName>Rodriguez-Quintal</surName>
            </individualName>
<organizationName>BIOMAC-UC, Universidad de Carabobo</organizationName><positionName>Profesor</positionName>            <address>
<deliveryPoint>FACYT, Departamento de Biologia</deliveryPoint><city>Valencia</city><administrativeArea>Carabobo</administrativeArea><postalCode>2005</postalCode><country>VENEZUELA</country>            </address>
<phone>+584242000853</phone><electronicMailAddress>Stegastes@hotmail.com</electronicMailAddress>            <userId directory="http://orcid.org/">0000-0002-5664-8071</userId>
            <role>AUTHOR</role>
            </associatedParty>
            <associatedParty>
            <individualName>
<givenName>Estrella</givenName>                    <surName>Villamizar</surName>
            </individualName>
<organizationName>Universidad Central de Venezuela</organizationName><positionName>Profesor</positionName>            <address>
<deliveryPoint>Facultad de Ciencias. Los Chaguaramos</deliveryPoint><city>Caracas</city><administrativeArea>Distrito Capital</administrativeArea><country>VENEZUELA</country>            </address>
            <userId directory="http://orcid.org/">0000-0002-0763-8854</userId>
            <role>AUTHOR</role>
            </associatedParty>
            <associatedParty>
            <individualName>
<givenName>Adriana</givenName>                    <surName>Lopez-Ordaz</surName>
            </individualName>
<organizationName>Universidad Simon Bolivar</organizationName><positionName>Profesor</positionName>            <address>
<deliveryPoint>Sartenejas, Baruta</deliveryPoint><city>Baruta</city><administrativeArea>Miranda</administrativeArea><postalCode>1080</postalCode><country>VENEZUELA</country>            </address>
<electronicMailAddress>adrilopezordaz@gmail.com</electronicMailAddress>            <userId directory="http://orcid.org/">0000-0001-9852-0976</userId>
            <role>AUTHOR</role>
            </associatedParty>
            <associatedParty>
            <individualName>
<givenName>Daniela</givenName>                    <surName>Alvarado</surName>
            </individualName>
<organizationName>Universidad Simon Bolivar</organizationName><positionName>estudiante</positionName>            <address>
<country>VENEZUELA</country>            </address>
            <role>AUTHOR</role>
            </associatedParty>
            <pubDate>
                2022-11-02
            </pubDate>
        <language>SPANISH</language>
            <abstract>
                    <para>En este data set se presentan las especies de peces presentes en ocho arrecifes coralinos del Parque Nacional Morrocoy, ubicado en el estado Falcón, Venezuela, provenientes de tres investigaciones. Para caracterizar la comunidad íctica de Playa Mero, Cayo Sombrero y Cayo Peraza, se hicieron censos visuales con el método de transecta con paradas cada 5m (Bortone et al. 1986, Bortone et al 1992) registrando en los diferentes puntos de muestreo el número de individuos observados por especie, durante un tiempo de 5 min, cubriendo un radio de 2.5 m aproximadamente. Igualmente se hacen censos visuales aleatorios sobre el arrecife durante 25 min, registrando las diferentes especies de peces (Rodríguez &amp;amp; Villamizar, 2000 y 2008; López-Ordaz &amp;amp; Rodríguez-Quintal, 2010). En Playuela, Cayo Sombrero, Cayo Sal, Caño Grande, Punta Brava y Cayo Borracho se utilizo una modificación del método AGRA (Ginsburg et al, 1998) en el cual se recorre haciendo el censo de peces por 10 minutos a lo largo de una transecta de 30m de longitud, y un ancho de banda de 2m aproximadamente, los cuales son medidos con una barra-T de 1m de ancho llevada por el buzo delante de él, y que permite a su vez estimar el intervalo de talla de los peces. Repitiendo este procedimiento 10 veces en cada arrecife. Complementando este censo con censos al azar por 30 minutos (Alvarado, 2000).
En los ocho arrecifes muestreados se identificaron 130 especies 60 generos y 31 familias (Acanthuridae, Aulostomidae, Balistidae, Belonidae, Blenniidae, Carangidae, Chaenopsidae, Chaetodontidae, Diodontidae, Ephippidae, Gerreidae, Gobiidae, Haemulidae, Holocentridae, Kyphosidae, Labridae, Lutjanidae, Monacanthidae, Mullidae, Muraenidae, Ostraciidae, Pomacanthidae, Pomacentridae, Scaridae, Sciaenidae, Scombridae, Serranidae, Sparidae, Sphyraenidae, Synodontidae y Tetraodontidae). En Playa Mero 140 especies de 27 familias; en Cayo Sombrero 89 especies de 22 familias y en Cayo Peraza  65 especies de  25 familias.  En Cayo Borracho 36 especies de 12 familias; en Punta Brava 57 especies de 17 familias, Playuela 54 especies de 18 familias; Cayo Grande 45 especies de  18 familias y Cayo Sal 41 especies de 15 familias.
En Playa Mero y Cayo Sombrero las familias más importantes en términos de abundancia fueron las Scaridae y Pomacentridae (herbívoras) sobre todo más numerosas en Playa Mero. En Cayo Borracho la familia mas abundante fue la Achanturidae, en Punta Brava los Pomacentridae, en Playuela y Cayo Sal las familias más abundantes fueron los Scaridae, Pomacentridae y Haemulidae, y en general en todas ellas los herbívoros fue el nivel trófico dominante. En Cayo Peraza las familias más importantes en términos de número de especies fueron Haemulidae (diez), Pomacentridae (ocho) y Scaridae (ocho); y en términos de abundancia la comunidad estuvo dominada por la familia Pomacentridae, representando el 42.6%, seguida de Scaridae (19%) y Haemulidae (15%).</para>
            </abstract>
                <keywordSet>
                        <keyword>Belonidae</keyword>
                        <keyword>Cayo Sombrero</keyword>
                        <keyword>Gerreidae</keyword>
                        <keyword>Holocentridae</keyword>
                        <keyword>Sciaenidae</keyword>
                        <keyword>Aulostomidae</keyword>
                        <keyword>Acanthuridae</keyword>
                        <keyword>Playa Mero</keyword>
                        <keyword>Blenniidae</keyword>
                        <keyword>Cayo Peraza</keyword>
                        <keyword>Cayo Borracho</keyword>
                        <keyword>Sparidae</keyword>
                        <keyword>PN Morrocoy</keyword>
                        <keyword>Ephippidae</keyword>
                        <keyword>Sphyraenidae</keyword>
                        <keyword>Chaenopsidae</keyword>
                        <keyword>Caño Grande</keyword>
                        <keyword>Occurrence</keyword>
                        <keyword>Carangidae</keyword>
                        <keyword>Chaetodontidae</keyword>
                        <keyword>Cayo Sal</keyword>
                        <keyword>Mullidae</keyword>
                        <keyword>Balistidae</keyword>
                        <keyword>Diodontidae</keyword>
                        <keyword>Muraenidae</keyword>
                        <keyword>Pomacentridae</keyword>
                        <keyword>Scaridae</keyword>
                        <keyword>Synodontidae</keyword>
                        <keyword>Haemulidae</keyword>
                        <keyword>Labridae</keyword>
                        <keyword>Tetraodontidae</keyword>
                        <keyword>ID: BID-CA2020-025-NAC</keyword>
                        <keyword>Pomacanthidae</keyword>
                        <keyword>Venezuela</keyword>
                        <keyword>Kyphosidae</keyword>
                        <keyword>Gobiidae</keyword>
                        <keyword>Punta Brava</keyword>
                        <keyword>Monacanthidae</keyword>
                        <keyword>Ostraciidae</keyword>
                        <keyword>CaribeSur</keyword>
                        <keyword>Playuela</keyword>
                        <keyword>Lutjanidae</keyword>
                        <keyword>Scombridae</keyword>
                        <keyword>Serranidae</keyword>
                        <keywordThesaurus>GBIF Dataset Type Vocabulary: http://rs.gbif.org/vocabulary/gbif/datasetType/occurrence</keywordThesaurus>
                </keywordSet>
                <keywordSet>
                        <keyword>Occurrence</keyword>
                        <keywordThesaurus>GBIF Dataset Type Vocabulary: http://rs.gbif.org/vocabulary/gbif/dataset_type.xml</keywordThesaurus>
                </keywordSet>
                <keywordSet>
                        <keyword>Samplingevent</keyword>
                        <keywordThesaurus>GBIF Dataset Type Vocabulary: http://rs.gbif.org/vocabulary/gbif/dataset_type_2015-07-10.xml</keywordThesaurus>
                </keywordSet>
            <additionalInfo>
                <para>La Transcripcion y curaduría de este conjunto de datos fue posible gracias al apoyo de CaribeSur, Proyecto BID:CA2020-025-NAC</para>
            </additionalInfo>
            <intellectualRights>
                    <para>This work is licensed under a <ulink url="http://creativecommons.org/licenses/by/4.0/legalcode"><citetitle>Creative Commons Attribution (CC-BY) 4.0 License</citetitle></ulink>.</para>
            </intellectualRights>
            <coverage>
                    <geographicCoverage>
                            <geographicDescription>El presente data set recopila la información de cuatro trabajos realizados en el Parque Nacional Morrocoy que se encuentra ubicado en la zona costera centro occidental de Venezuela, conocida como Golfo Triste (10º52´N y 68º16´O), comprende unos 320km2 de ecosistemas continentales, insulares y marinos entre los que destacan los bosques de manglar, praderas de fanerógamas, fondos arenosos desprovistos de vegetación y arrecifes coralinos costaneros. El parque está conformado por lagunas, canales internos y un cordón de cayos, entre estos Cayo Animas, una de las áreas estudiadas, específicamente en el arrecife de Playa Mero, al sureste del parque, y que se presenta como un arrecife altamente impactado, dada la baja cobertura coralina viva que presenta. Otro arrecife estudiado dentro del PN. Morrocoy fue el bajo de Cayo Sombrero, al norte del parque; este es un sistema de menor afectación en su comunidad bentónica, donde se encuentran valores importantes de cobertura de corales vivos. Cayo Peraza está ubicado en la zona norte del parque, y dentro de él se ubicó un arrecife en la zona sur este del cayo, siendo un arrecife somero que alcanza los 9m de profundidad.
Cayo Borracho está localizado al norte del parque sometido a fuertes descargas del río Tocuyo. Cayo Sal al noroeste de la población de Chichiriviche. Playuela, se encuentra al noreste de Cayo Animas cuyo arrecife franjeante se extiende 150m en dirección norte-sur, 50m de este a oeste hasta los 12m de profundidad. Caño Grande es un arrecife interno a partir de 1m de profundidad, rodeado de manglares y circundado por canales de navegación. Y Punta Brava, se ubica en la zona suroccidental del parque, bajo la influencia de las descargas de los ríos Aroa y Yaracuy.</geographicDescription>
                            <boundingCoordinates>
                                <westBoundingCoordinate>-68.378</westBoundingCoordinate>
                                <eastBoundingCoordinate>-68.194</eastBoundingCoordinate>
                                <northBoundingCoordinate>10.951</northBoundingCoordinate>
                                <southBoundingCoordinate>10.783</southBoundingCoordinate>
                            </boundingCoordinates>
                    </geographicCoverage>
                    <temporalCoverage>
                            <rangeOfDates>
                                <beginDate>
                                    <calendarDate>                1997-07-01
</calendarDate>
                                </beginDate>
                                <endDate>
                                    <calendarDate>                1997-08-31
</calendarDate>
                                </endDate>
                            </rangeOfDates>
                    </temporalCoverage>
                    <temporalCoverage>
                            <rangeOfDates>
                                <beginDate>
                                    <calendarDate>                1999-04-01
</calendarDate>
                                </beginDate>
                                <endDate>
                                    <calendarDate>                2001-11-30
</calendarDate>
                                </endDate>
                            </rangeOfDates>
                    </temporalCoverage>
                    <temporalCoverage>
                            <rangeOfDates>
                                <beginDate>
                                    <calendarDate>                2009-01-01
</calendarDate>
                                </beginDate>
                                <endDate>
                                    <calendarDate>                2009-06-30
</calendarDate>
                                </endDate>
                            </rangeOfDates>
                    </temporalCoverage>
                        <taxonomicCoverage>
                                <generalTaxonomicCoverage>se identificaron 130 especies 60 generos y 31 familias (Acanthuridae, Aulostomidae, Balistidae, Belonidae, Blenniidae, Carangidae, Chaenopsidae, Chaetodontidae, Diodontidae, Ephippidae, Gerreidae, Gobiidae, Haemulidae, Holocentridae, Kyphosidae, Labridae, Lutjanidae, Monacanthidae, Mullidae, Muraenidae, Ostraciidae, Pomacanthidae, Pomacentridae, Scaridae, Sciaenidae, Scombridae, Serranidae, Sparidae, Sphyraenidae, Synodontidae y Tetraodontidae).</generalTaxonomicCoverage>
                                <taxonomicClassification>
                                        <taxonRankName>Species</taxonRankName>
                                    <taxonRankValue>Abudefduf saxatilis</taxonRankValue>
                                </taxonomicClassification>
                                <taxonomicClassification>
                                        <taxonRankName>Species</taxonRankName>
                                    <taxonRankValue>Abudefduf taurus</taxonRankValue>
                                </taxonomicClassification>
                                <taxonomicClassification>
                                        <taxonRankName>Species</taxonRankName>
                                    <taxonRankValue>Acanthemblemaria rivasi</taxonRankValue>
                                </taxonomicClassification>
                                <taxonomicClassification>
                                        <taxonRankName>Species</taxonRankName>
                                    <taxonRankValue>Acanthostracion polygonia</taxonRankValue>
                                </taxonomicClassification>
                                <taxonomicClassification>
                                        <taxonRankName>Species</taxonRankName>
                                    <taxonRankValue>Acanthurus bahianus</taxonRankValue>
                                </taxonomicClassification>
                                <taxonomicClassification>
                                        <taxonRankName>Species</taxonRankName>
                                    <taxonRankValue>Acanthurus chirurgus</taxonRankValue>
                                </taxonomicClassification>
                                <taxonomicClassification>
                                        <taxonRankName>Species</taxonRankName>
                                    <taxonRankValue>Acanthurus coereleus</taxonRankValue>
                                </taxonomicClassification>
                                <taxonomicClassification>
                                        <taxonRankName>Species</taxonRankName>
                                    <taxonRankValue>Anisotremus surinamensis</taxonRankValue>
                                </taxonomicClassification>
                                <taxonomicClassification>
                                        <taxonRankName>Species</taxonRankName>
                                    <taxonRankValue>Anisotremus virginicus</taxonRankValue>
                                </taxonomicClassification>
                                <taxonomicClassification>
                                        <taxonRankName>Species</taxonRankName>
                                    <taxonRankValue>Aulostomus maculatus</taxonRankValue>
                                </taxonomicClassification>
                                <taxonomicClassification>
                                        <taxonRankName>Species</taxonRankName>
                                    <taxonRankValue>Balistes vetula</taxonRankValue>
                                </taxonomicClassification>
                                <taxonomicClassification>
                                        <taxonRankName>Species</taxonRankName>
                                    <taxonRankValue>Bodianus rufus</taxonRankValue>
                                </taxonomicClassification>
                                <taxonomicClassification>
                                        <taxonRankName>Species</taxonRankName>
                                    <taxonRankValue>Calamus calamus</taxonRankValue>
                                </taxonomicClassification>
                                <taxonomicClassification>
                                        <taxonRankName>Species</taxonRankName>
                                    <taxonRankValue>Calamus penna</taxonRankValue>
                                </taxonomicClassification>
                                <taxonomicClassification>
                                        <taxonRankName>Species</taxonRankName>
                                    <taxonRankValue>Cantherhines pullus</taxonRankValue>
                                </taxonomicClassification>
                                <taxonomicClassification>
                                        <taxonRankName>Species</taxonRankName>
                                    <taxonRankValue>Canthigaster rostrata</taxonRankValue>
                                </taxonomicClassification>
                                <taxonomicClassification>
                                        <taxonRankName>Species</taxonRankName>
                                    <taxonRankValue>Caranx hippos</taxonRankValue>
                                </taxonomicClassification>
                                <taxonomicClassification>
                                        <taxonRankName>Species</taxonRankName>
                                    <taxonRankValue>Caranx latus</taxonRankValue>
                                </taxonomicClassification>
                                <taxonomicClassification>
                                        <taxonRankName>Species</taxonRankName>
                                    <taxonRankValue>Caranx ruber</taxonRankValue>
                                </taxonomicClassification>
                                <taxonomicClassification>
                                        <taxonRankName>Species</taxonRankName>
                                    <taxonRankValue>Cephalopholis cruentatus</taxonRankValue>
                                </taxonomicClassification>
                                <taxonomicClassification>
                                        <taxonRankName>Species</taxonRankName>
                                    <taxonRankValue>Cephalopholis fulvus</taxonRankValue>
                                </taxonomicClassification>
                                <taxonomicClassification>
                                        <taxonRankName>Species</taxonRankName>
                                    <taxonRankValue>Chaetodipterus faber</taxonRankValue>
                                </taxonomicClassification>
                                <taxonomicClassification>
                                        <taxonRankName>Species</taxonRankName>
                                    <taxonRankValue>Chaetodon capistratus</taxonRankValue>
                                </taxonomicClassification>
                                <taxonomicClassification>
                                        <taxonRankName>Species</taxonRankName>
                                    <taxonRankValue>Chaetodon ocellatus</taxonRankValue>
                                </taxonomicClassification>
                                <taxonomicClassification>
                                        <taxonRankName>Species</taxonRankName>
                                    <taxonRankValue>Chaetodon striatus</taxonRankValue>
                                </taxonomicClassification>
                                <taxonomicClassification>
                                        <taxonRankName>Species</taxonRankName>
                                    <taxonRankValue>Chromis cyanea</taxonRankValue>
                                </taxonomicClassification>
                                <taxonomicClassification>
                                        <taxonRankName>Species</taxonRankName>
                                    <taxonRankValue>Chromis multilineata</taxonRankValue>
                                </taxonomicClassification>
                                <taxonomicClassification>
                                        <taxonRankName>Species</taxonRankName>
                                    <taxonRankValue>Clepticus parrae</taxonRankValue>
                                </taxonomicClassification>
                                <taxonomicClassification>
                                        <taxonRankName>Species</taxonRankName>
                                    <taxonRankValue>Coryphopterus glaucofraenum</taxonRankValue>
                                </taxonomicClassification>
                                <taxonomicClassification>
                                        <taxonRankName>Species</taxonRankName>
                                    <taxonRankValue>Coryphopterus personatus</taxonRankValue>
                                </taxonomicClassification>
                                <taxonomicClassification>
                                        <taxonRankName>Species</taxonRankName>
                                    <taxonRankValue>Cryptotomus roseus</taxonRankValue>
                                </taxonomicClassification>
                                <taxonomicClassification>
                                        <taxonRankName>Species</taxonRankName>
                                    <taxonRankValue>Diodon holocanthus</taxonRankValue>
                                </taxonomicClassification>
                                <taxonomicClassification>
                                        <taxonRankName>Species</taxonRankName>
                                    <taxonRankValue>Diodon hystrix</taxonRankValue>
                                </taxonomicClassification>
                                <taxonomicClassification>
                                        <taxonRankName>Species</taxonRankName>
                                    <taxonRankValue>Elacatinus randalli</taxonRankValue>
                                </taxonomicClassification>
                                <taxonomicClassification>
                                        <taxonRankName>Species</taxonRankName>
                                    <taxonRankValue>Elacatinus saucrus</taxonRankValue>
                                </taxonomicClassification>
                                <taxonomicClassification>
                                        <taxonRankName>Species</taxonRankName>
                                    <taxonRankValue>Epinephelus guttatus</taxonRankValue>
                                </taxonomicClassification>
                                <taxonomicClassification>
                                        <taxonRankName>Species</taxonRankName>
                                    <taxonRankValue>Epinephelus cruentatus</taxonRankValue>
                                </taxonomicClassification>
                                <taxonomicClassification>
                                        <taxonRankName>Species</taxonRankName>
                                    <taxonRankValue>Epinephelus fulvus</taxonRankValue>
                                </taxonomicClassification>
                                <taxonomicClassification>
                                        <taxonRankName>Species</taxonRankName>
                                    <taxonRankValue>Epinephelus guttatus</taxonRankValue>
                                </taxonomicClassification>
                                <taxonomicClassification>
                                        <taxonRankName>Species</taxonRankName>
                                    <taxonRankValue>Equetus punctatus</taxonRankValue>
                                </taxonomicClassification>
                                <taxonomicClassification>
                                        <taxonRankName>Species</taxonRankName>
                                    <taxonRankValue>Gerres cynereus</taxonRankValue>
                                </taxonomicClassification>
                                <taxonomicClassification>
                                        <taxonRankName>Species</taxonRankName>
                                    <taxonRankValue>Gymnothorax miliaris</taxonRankValue>
                                </taxonomicClassification>
                                <taxonomicClassification>
                                        <taxonRankName>Species</taxonRankName>
                                    <taxonRankValue>Gymnothorax moringa</taxonRankValue>
                                </taxonomicClassification>
                                <taxonomicClassification>
                                        <taxonRankName>Species</taxonRankName>
                                    <taxonRankValue>Haemulon album</taxonRankValue>
                                </taxonomicClassification>
                                <taxonomicClassification>
                                        <taxonRankName>Species</taxonRankName>
                                    <taxonRankValue>Haemulon aurolineatum</taxonRankValue>
                                </taxonomicClassification>
                                <taxonomicClassification>
                                        <taxonRankName>Species</taxonRankName>
                                    <taxonRankValue>Haemulon bonariense</taxonRankValue>
                                </taxonomicClassification>
                                <taxonomicClassification>
                                        <taxonRankName>Species</taxonRankName>
                                    <taxonRankValue>Haemulon carbonarium</taxonRankValue>
                                </taxonomicClassification>
                                <taxonomicClassification>
                                        <taxonRankName>Species</taxonRankName>
                                    <taxonRankValue>Haemulon chrysargyreum</taxonRankValue>
                                </taxonomicClassification>
                                <taxonomicClassification>
                                        <taxonRankName>Species</taxonRankName>
                                    <taxonRankValue>Haemulon flavolineatum</taxonRankValue>
                                </taxonomicClassification>
                                <taxonomicClassification>
                                        <taxonRankName>Species</taxonRankName>
                                    <taxonRankValue>Haemulon macrostomum</taxonRankValue>
                                </taxonomicClassification>
                                <taxonomicClassification>
                                        <taxonRankName>Species</taxonRankName>
                                    <taxonRankValue>Haemulon melanurum</taxonRankValue>
                                </taxonomicClassification>
                                <taxonomicClassification>
                                        <taxonRankName>Species</taxonRankName>
                                    <taxonRankValue>Haemulon parrai</taxonRankValue>
                                </taxonomicClassification>
                                <taxonomicClassification>
                                        <taxonRankName>Species</taxonRankName>
                                    <taxonRankValue>Haemulon plumieri</taxonRankValue>
                                </taxonomicClassification>
                                <taxonomicClassification>
                                        <taxonRankName>Species</taxonRankName>
                                    <taxonRankValue>Haemulon sciurus</taxonRankValue>
                                </taxonomicClassification>
                                <taxonomicClassification>
                                        <taxonRankName>Species</taxonRankName>
                                    <taxonRankValue>Haemulon steindachneri</taxonRankValue>
                                </taxonomicClassification>
                                <taxonomicClassification>
                                        <taxonRankName>Species</taxonRankName>
                                    <taxonRankValue>Halichoeres bivittatus</taxonRankValue>
                                </taxonomicClassification>
                                <taxonomicClassification>
                                        <taxonRankName>Species</taxonRankName>
                                    <taxonRankValue>Halichoeres caudalis</taxonRankValue>
                                </taxonomicClassification>
                                <taxonomicClassification>
                                        <taxonRankName>Species</taxonRankName>
                                    <taxonRankValue>Halichoeres garnoti</taxonRankValue>
                                </taxonomicClassification>
                                <taxonomicClassification>
                                        <taxonRankName>Species</taxonRankName>
                                    <taxonRankValue>Halichoeres maculipinna</taxonRankValue>
                                </taxonomicClassification>
                                <taxonomicClassification>
                                        <taxonRankName>Species</taxonRankName>
                                    <taxonRankValue>Halichoeres radiatus</taxonRankValue>
                                </taxonomicClassification>
                                <taxonomicClassification>
                                        <taxonRankName>Species</taxonRankName>
                                    <taxonRankValue>Holacanthus ciliaris</taxonRankValue>
                                </taxonomicClassification>
                                <taxonomicClassification>
                                        <taxonRankName>Species</taxonRankName>
                                    <taxonRankValue>Holocantus tricolor</taxonRankValue>
                                </taxonomicClassification>
                                <taxonomicClassification>
                                        <taxonRankName>Species</taxonRankName>
                                    <taxonRankValue>Holocentrus adscensionis</taxonRankValue>
                                </taxonomicClassification>
                                <taxonomicClassification>
                                        <taxonRankName>Species</taxonRankName>
                                    <taxonRankValue>Holocentrus rufus</taxonRankValue>
                                </taxonomicClassification>
                                <taxonomicClassification>
                                        <taxonRankName>Species</taxonRankName>
                                    <taxonRankValue>Hypoplectrus aberrans</taxonRankValue>
                                </taxonomicClassification>
                                <taxonomicClassification>
                                        <taxonRankName>Species</taxonRankName>
                                    <taxonRankValue>Hypoplectrus chlorurus</taxonRankValue>
                                </taxonomicClassification>
                                <taxonomicClassification>
                                        <taxonRankName>Species</taxonRankName>
                                    <taxonRankValue>Hypoplectrus gutttavarius</taxonRankValue>
                                </taxonomicClassification>
                                <taxonomicClassification>
                                        <taxonRankName>Species</taxonRankName>
                                    <taxonRankValue>Hypoplectrus indigo</taxonRankValue>
                                </taxonomicClassification>
                                <taxonomicClassification>
                                        <taxonRankName>Species</taxonRankName>
                                    <taxonRankValue>Hypoplectrus nigricans</taxonRankValue>
                                </taxonomicClassification>
                                <taxonomicClassification>
                                        <taxonRankName>Species</taxonRankName>
                                    <taxonRankValue>Hypoplectrus puella</taxonRankValue>
                                </taxonomicClassification>
                                <taxonomicClassification>
                                        <taxonRankName>Species</taxonRankName>
                                    <taxonRankValue>Hypoplectrus unicolor</taxonRankValue>
                                </taxonomicClassification>
                                <taxonomicClassification>
                                        <taxonRankName>Species</taxonRankName>
                                    <taxonRankValue>Inermia vittata</taxonRankValue>
                                </taxonomicClassification>
                                <taxonomicClassification>
                                        <taxonRankName>Species</taxonRankName>
                                    <taxonRankValue>Kyphosus sectatrix</taxonRankValue>
                                </taxonomicClassification>
                                <taxonomicClassification>
                                        <taxonRankName>Species</taxonRankName>
                                    <taxonRankValue>Lachnolaimus maximus</taxonRankValue>
                                </taxonomicClassification>
                                <taxonomicClassification>
                                        <taxonRankName>Species</taxonRankName>
                                    <taxonRankValue>Lactophrys bicaudalis</taxonRankValue>
                                </taxonomicClassification>
                                <taxonomicClassification>
                                        <taxonRankName>Species</taxonRankName>
                                    <taxonRankValue>Lactophrys polygonia</taxonRankValue>
                                </taxonomicClassification>
                                <taxonomicClassification>
                                        <taxonRankName>Species</taxonRankName>
                                    <taxonRankValue>Lactophrys triqueter</taxonRankValue>
                                </taxonomicClassification>
                                <taxonomicClassification>
                                        <taxonRankName>Species</taxonRankName>
                                    <taxonRankValue>Lutjanus analis</taxonRankValue>
                                </taxonomicClassification>
                                <taxonomicClassification>
                                        <taxonRankName>Species</taxonRankName>
                                    <taxonRankValue>Lutjanus apodus</taxonRankValue>
                                </taxonomicClassification>
                                <taxonomicClassification>
                                        <taxonRankName>Species</taxonRankName>
                                    <taxonRankValue>Lutjanus cyanopterus</taxonRankValue>
                                </taxonomicClassification>
                                <taxonomicClassification>
                                        <taxonRankName>Species</taxonRankName>
                                    <taxonRankValue>Lutjanus griseus</taxonRankValue>
                                </taxonomicClassification>
                                <taxonomicClassification>
                                        <taxonRankName>Species</taxonRankName>
                                    <taxonRankValue>Lutjanus jocu</taxonRankValue>
                                </taxonomicClassification>
                                <taxonomicClassification>
                                        <taxonRankName>Species</taxonRankName>
                                    <taxonRankValue>Lutjanus mahogoni</taxonRankValue>
                                </taxonomicClassification>
                                <taxonomicClassification>
                                        <taxonRankName>Species</taxonRankName>
                                    <taxonRankValue>Microspatodon chrysurus</taxonRankValue>
                                </taxonomicClassification>
                                <taxonomicClassification>
                                        <taxonRankName>Species</taxonRankName>
                                    <taxonRankValue>Monacanthus tuckeri</taxonRankValue>
                                </taxonomicClassification>
                                <taxonomicClassification>
                                        <taxonRankName>Species</taxonRankName>
                                    <taxonRankValue>Mulloidichthys martinicus</taxonRankValue>
                                </taxonomicClassification>
                                <taxonomicClassification>
                                        <taxonRankName>Species</taxonRankName>
                                    <taxonRankValue>Mycteroperca bonaci</taxonRankValue>
                                </taxonomicClassification>
                                <taxonomicClassification>
                                        <taxonRankName>Species</taxonRankName>
                                    <taxonRankValue>Mycteroperca phenax</taxonRankValue>
                                </taxonomicClassification>
                                <taxonomicClassification>
                                        <taxonRankName>Species</taxonRankName>
                                    <taxonRankValue>Mycteroperca tigris</taxonRankValue>
                                </taxonomicClassification>
                                <taxonomicClassification>
                                        <taxonRankName>Species</taxonRankName>
                                    <taxonRankValue>Myripristis jacobus</taxonRankValue>
                                </taxonomicClassification>
                                <taxonomicClassification>
                                        <taxonRankName>Species</taxonRankName>
                                    <taxonRankValue>Ocyurus chrysurus</taxonRankValue>
                                </taxonomicClassification>
                                <taxonomicClassification>
                                        <taxonRankName>Species</taxonRankName>
                                    <taxonRankValue>Odontoscion dentex</taxonRankValue>
                                </taxonomicClassification>
                                <taxonomicClassification>
                                        <taxonRankName>Species</taxonRankName>
                                    <taxonRankValue>Ophioblennius atlanticus</taxonRankValue>
                                </taxonomicClassification>
                                <taxonomicClassification>
                                        <taxonRankName>Species</taxonRankName>
                                    <taxonRankValue>Pomacanthus arcuatus</taxonRankValue>
                                </taxonomicClassification>
                                <taxonomicClassification>
                                        <taxonRankName>Species</taxonRankName>
                                    <taxonRankValue>Pomacanthus paru</taxonRankValue>
                                </taxonomicClassification>
                                <taxonomicClassification>
                                        <taxonRankName>Species</taxonRankName>
                                    <taxonRankValue>Pseudopeneus maculatus</taxonRankValue>
                                </taxonomicClassification>
                                <taxonomicClassification>
                                        <taxonRankName>Species</taxonRankName>
                                    <taxonRankValue>Scarus coelestinus</taxonRankValue>
                                </taxonomicClassification>
                                <taxonomicClassification>
                                        <taxonRankName>Species</taxonRankName>
                                    <taxonRankValue>Scarus coereleus</taxonRankValue>
                                </taxonomicClassification>
                                <taxonomicClassification>
                                        <taxonRankName>Species</taxonRankName>
                                    <taxonRankValue>Scarus croicensis</taxonRankValue>
                                </taxonomicClassification>
                                <taxonomicClassification>
                                        <taxonRankName>Species</taxonRankName>
                                    <taxonRankValue>Scarus guacamaia</taxonRankValue>
                                </taxonomicClassification>
                                <taxonomicClassification>
                                        <taxonRankName>Species</taxonRankName>
                                    <taxonRankValue>Scarus iseri</taxonRankValue>
                                </taxonomicClassification>
                                <taxonomicClassification>
                                        <taxonRankName>Species</taxonRankName>
                                    <taxonRankValue>Scarus taeniopterus</taxonRankValue>
                                </taxonomicClassification>
                                <taxonomicClassification>
                                        <taxonRankName>Species</taxonRankName>
                                    <taxonRankValue>Scarus vetula</taxonRankValue>
                                </taxonomicClassification>
                                <taxonomicClassification>
                                        <taxonRankName>Species</taxonRankName>
                                    <taxonRankValue>Scomberomorus regalis</taxonRankValue>
                                </taxonomicClassification>
                                <taxonomicClassification>
                                        <taxonRankName>Species</taxonRankName>
                                    <taxonRankValue>Serranus tigrinus</taxonRankValue>
                                </taxonomicClassification>
                                <taxonomicClassification>
                                        <taxonRankName>Species</taxonRankName>
                                    <taxonRankValue>Sparisoma aurofrenatum</taxonRankValue>
                                </taxonomicClassification>
                                <taxonomicClassification>
                                        <taxonRankName>Species</taxonRankName>
                                    <taxonRankValue>Sparisoma chrysopterum</taxonRankValue>
                                </taxonomicClassification>
                                <taxonomicClassification>
                                        <taxonRankName>Species</taxonRankName>
                                    <taxonRankValue>Sparisoma radians</taxonRankValue>
                                </taxonomicClassification>
                                <taxonomicClassification>
                                        <taxonRankName>Species</taxonRankName>
                                    <taxonRankValue>Sparisoma rubripinne</taxonRankValue>
                                </taxonomicClassification>
                                <taxonomicClassification>
                                        <taxonRankName>Species</taxonRankName>
                                    <taxonRankValue>Sparisoma viride</taxonRankValue>
                                </taxonomicClassification>
                                <taxonomicClassification>
                                        <taxonRankName>Species</taxonRankName>
                                    <taxonRankValue>Sphoeroides nephelus</taxonRankValue>
                                </taxonomicClassification>
                                <taxonomicClassification>
                                        <taxonRankName>Species</taxonRankName>
                                    <taxonRankValue>Sphoeroides spengleri</taxonRankValue>
                                </taxonomicClassification>
                                <taxonomicClassification>
                                        <taxonRankName>Species</taxonRankName>
                                    <taxonRankValue>Sphyraena barracuda</taxonRankValue>
                                </taxonomicClassification>
                                <taxonomicClassification>
                                        <taxonRankName>Species</taxonRankName>
                                    <taxonRankValue>Sphyraena picudilla</taxonRankValue>
                                </taxonomicClassification>
                                <taxonomicClassification>
                                        <taxonRankName>Species</taxonRankName>
                                    <taxonRankValue>Stegastes adustus</taxonRankValue>
                                </taxonomicClassification>
                                <taxonomicClassification>
                                        <taxonRankName>Species</taxonRankName>
                                    <taxonRankValue>stegastes fuscus</taxonRankValue>
                                </taxonomicClassification>
                                <taxonomicClassification>
                                        <taxonRankName>Species</taxonRankName>
                                    <taxonRankValue>Stegastes leucostictus</taxonRankValue>
                                </taxonomicClassification>
                                <taxonomicClassification>
                                        <taxonRankName>Species</taxonRankName>
                                    <taxonRankValue>Stegastes partitus</taxonRankValue>
                                </taxonomicClassification>
                                <taxonomicClassification>
                                        <taxonRankName>Species</taxonRankName>
                                    <taxonRankValue>Stegastes planifrons</taxonRankValue>
                                </taxonomicClassification>
                                <taxonomicClassification>
                                        <taxonRankName>Species</taxonRankName>
                                    <taxonRankValue>Stegastes variabilis</taxonRankValue>
                                </taxonomicClassification>
                                <taxonomicClassification>
                                        <taxonRankName>Species</taxonRankName>
                                    <taxonRankValue>Synodus intermedius</taxonRankValue>
                                </taxonomicClassification>
                                <taxonomicClassification>
                                        <taxonRankName>Species</taxonRankName>
                                    <taxonRankValue>Synodus saurus</taxonRankValue>
                                </taxonomicClassification>
                                <taxonomicClassification>
                                        <taxonRankName>Species</taxonRankName>
                                    <taxonRankValue>Thalassoma bifasciatum</taxonRankValue>
                                </taxonomicClassification>
                                <taxonomicClassification>
                                        <taxonRankName>Species</taxonRankName>
                                    <taxonRankValue>Tylosurus crocodilus</taxonRankValue>
                                </taxonomicClassification>
                                <taxonomicClassification>
                                        <taxonRankName>Species</taxonRankName>
                                    <taxonRankValue>Xyrichtys splendes</taxonRankValue>
                                </taxonomicClassification>
                                <taxonomicClassification>
                                        <taxonRankName>Species</taxonRankName>
                                    <taxonRankValue>Aluterus scripticus</taxonRankValue>
                                </taxonomicClassification>
                                <taxonomicClassification>
                                        <taxonRankName>Species</taxonRankName>
                                    <taxonRankValue>Melicthys niger</taxonRankValue>
                                </taxonomicClassification>
                                <taxonomicClassification>
                                        <taxonRankName>Species</taxonRankName>
                                    <taxonRankValue>Oligoplites saurus</taxonRankValue>
                                </taxonomicClassification>
                                <taxonomicClassification>
                                        <taxonRankName>Species</taxonRankName>
                                    <taxonRankValue>Lutjanus synagris</taxonRankValue>
                                </taxonomicClassification>
                                <taxonomicClassification>
                                        <taxonRankName>Species</taxonRankName>
                                    <taxonRankValue>Echidna catenata</taxonRankValue>
                                </taxonomicClassification>
                        </taxonomicCoverage>
            </coverage>
            <maintenance>
                <description>
                    <para></para>
                </description>
                <maintenanceUpdateFrequency>unkown</maintenanceUpdateFrequency>
            </maintenance>
            <contact>
            <individualName>
<givenName>Jose Gregorio</givenName>                    <surName>Rodriguez-Quintal</surName>
            </individualName>
<organizationName>BIOMAC-UC, Universidad de Carabobo</organizationName><positionName>Profesor</positionName>            <address>
<deliveryPoint>FACYT, Departamento de Biologia</deliveryPoint><city>Valencia</city><administrativeArea>Carabobo</administrativeArea><postalCode>2005</postalCode><country>VENEZUELA</country>            </address>
<phone>+584241203353</phone><electronicMailAddress>stegastes@hotmail.com</electronicMailAddress>            <userId directory="http://orcid.org/">0000-0002-5664-8071</userId>
            </contact>
            <methods>
                    <methodStep>
                        <description>
                            <para>En este trabajo se presentan los resultados de varias investigaciones realizadas en ocho arrecifes coralinos del PN Morrocoy, en Playa Mero (1997 y 2000-2001); en Cayo Sombrero (2000-2001); Cayo Peraza (2009), Cayo Borracho, Cayo Sombrero, Playuela, Cayo Sal, Caño Grande y Punta Brava (1999).</para>
                        </description>
                    </methodStep>
                    <methodStep>
                        <description>
                            <para>PEn Playa Mero se realizó un primer estudio entre los meses de julio y agosto de 1997, donde se evaluó la comunidad ìctica a lo largo de dos transectas perpendiculares a la costa, desde la  plataforma ubicada en la zona costera, pasando por la cresta arrecifal, hasta el  final del arrecife. Se hicieron censos visuales con el método de transecta con paradas establecido por Bortone et al (1992), donde se registran en los diferentes puntos de muestreo el numero de individuos por especie observados durante un tiempo de 5 min cada 5m, cubriendo un radio de 2.5 m aproximadamente. Complementado con el método de censos aleatorios (modificado de Thomson y Schimdt 1977 en Bortone et al. 1986): consistió en un nado aleatorio sobre el arrecife durante 25 min, registrando las diferentes especies de peces. 
Para el año 2001 se uso esta misma metodología para estimar la comunidad ictica en los arrecifes de Playa Mero y Sombrero haciendo muestreos los meses de abril, junio y septiembre de 2000, y enero y noviembre del 2001. Adicionalmente se incorporaron aquellas especies que fueron observadas en el arrecife fuera de los censos.</para>
                        </description>
                    </methodStep>
                    <methodStep>
                        <description>
                            <para>En Cayo Peraza los muestreos se hicieron en enero, abril y junio del año 2009, con censos visuales empleando una modificación del método de la transecta con paradas de observación propuesto Bortone et al. (1986). En los estratos de profundidad a 1, 3, 6 y 9m, se colocaron transectas paralelas a la costa de 30m de longitud, a lo largo de la cuales se realizaron paradas de observación por 5min cada 5m, identificando y contabilizando las especies de peces observados en un radio de 2.5m.</para>
                        </description>
                    </methodStep>
                    <methodStep>
                        <description>
                            <para>Para la identificación de las especies en el campo se utilizaron las guías de Greenberg y Grennberg (1992), Humann (1996), los trabajos de Cervigón (1991, 1993, 1994,1996), Ramírez y Cervigon (2003) y el de Randall (1967)</para>
                        </description>
                    </methodStep>
                    <methodStep>
                        <description>
                            <para>En el año 1999, en Playuela, Cayo Sombrero, Cayo Sal, Caño Grande, Punta Brava y Cayo Borracho se utilizo una modificación del método AGRA (Ginsburg et al, 1998) en el cual se recorre haciendo el censo de peces por 10 minutos a lo largo de una transecta de 30m de longitud, y un ancho de banda de 2m aproximadamente, los cuales son medidos con una barra-T de 1m de ancho llevada por el buzo delante de él, y que permite a su vez estimar el intervalo de talla de los peces. Repitiendo este procedimiento 10 veces en cada arrecife. Complementando este censo con censos al azar por 30 minutos</para>
                        </description>
                    </methodStep>
                    <sampling>
                        <studyExtent>
                            <description>
                                <para>El presente data set recopila la información de cuatro trabajos realizados en el Parque Nacional Morrocoy que se encuentra ubicado en la zona costera centro occidental de Venezuela, conocida como Golfo Triste (10º52´N y 68º16´O), comprende unos 320km2 de ecosistemas continentales, insulares y marinos entre los que destacan los bosques de manglar, praderas de fanerógamas, fondos arenosos desprovistos de vegetación y arrecifes coralinos costaneros. El parque está conformado por lagunas, canales internos y un cordón de cayos, entre estos Cayo Animas, una de las áreas estudiadas, específicamente en el arrecife de Playa Mero, al sureste del parque, y que se presenta como un arrecife altamente impactado, dada la baja cobertura coralina viva que presenta. Otro arrecife estudiado dentro del PN. Morrocoy fue el bajo de Cayo Sombrero, al norte del parque; este es un sistema de menor afectación en su comunidad bentónica, donde se encuentran valores importantes de cobertura de corales vivos. Cayo Peraza está ubicado en la zona norte del parque, y dentro de él se ubicó un arrecife en la zona sur este del cayo, siendo un arrecife somero que alcanza los 9m de profundidad.
Cayo Borracho está localizado al norte del parque sometido a fuertes descargas del río Tocuyo. Cayo Sal al noroeste de la población de Chichiriviche. Playuela, se encuentra al noreste de Cayo Animas cuyo arrecife franjeante se extiende 150m en dirección norte-sur, 50m de este a oeste hasta los 12m de profundidad. Caño Grande es un arrecife interno a partir de 1m de profundidad, rodeado de manglares y circundado por canales de navegación. Y Punta Brava, se ubica en la zona suroccidental del parque, bajo la influencia de las descargas de los ríos Aroa y Yaracuy.</para>
                            </description>
                        </studyExtent>
                        <samplingDescription>
                            <para>El presente estudio se llevo a cabo en el Parque Nacional Morrocoy que se encuentra ubicado en la zona costera centro occidental de Venezuela, conocida como Golfo Triste (10º52´N y 68º16´O) (estado Falcón), en los arrecifes coralinos de Playa Mero, Cayo Sombrero y Cayo Peraza.
En Playa Mero se realizó un primer estudio en el año 1997, donde se evaluó la comunidad ictica a lo largo de dos transectas perpendiculares a la costa, desde la plataforma ubicada en la zona costera, pasando por la  cresta arrecifal, hasta el  final del arrecife. Se hicieron censos visuales con el método de transecta con paradas establecido por Bortone et al (1992), donde se registran en los diferentes puntos de muestreo (cada 5m) el número de individuos por especie observados durante un tiempo de 5 min, cubriendo un radio de 2.5 m aproximadamente. Complementado con el método de censos aleatorios (modificado de Thomson y Schimdt 1977 en Bortone et al. 1986) que consistió en un nado aleatorio sobre el arrecife durante 25 min, registrando las diferentes especies de peces. Para el año 2000 y 2001 se usó esta misma metodología para estimar la comunidad ictica en los arrecifes de Playa Mero y Sombrero. Adicionalmente se incorporaron aquellas especies que fueron observadas en el arrecife fuera de los censos (Rodríguez &amp; Villamizar, 2000 y 2008)
En Cayo Peraza, en 2009, se hicieron censos visuales empleando una modificación del método de la transecta con paradas de observación propuesto Bortone et al. (1986). En los estratos de profundidad a 1, 3, 6 y 9m, se colocaron transectas paralelas a la costa de 30m de longitud, a lo largo de la cuales se realizaron paradas de observación por 5min cada 5m, identificando y contabilizando las especies de peces observados en un radio de 2.5m (López-Ordaz &amp; Rodríguez-Quintal, 2010)

En el año 1999, en Playuela, Cayo Sombrero, Cayo Sal, Caño Grande, Punta Brava y Cayo Borracho se utilizo una modificación del método AGRA (Ginsburg et al, 1998) en el cual se recorre haciendo el censo de peces por 10 minutos a lo largo de una transecta de 30m de longitud, y un ancho de banda de 2m aproximadamente, los cuales son medidos con una barra-T de 1m de ancho llevada por el buzo delante de él, y que permite a su vez estimar el intervalo de talla de los peces. Repitiendo este procedimiento 10 veces en cada arrecife. Complementando este censo con censos al azar por 30 minutos (Alvarado, 2000).</para>
                        </samplingDescription>
                    </sampling>
            </methods>

            <project id="BID-CA2020-025-NAC">
                <title>Peces asociados a los arrecifes coralinos del Parque Nacional Morrocoy, Venezuela</title>
                    <personnel>
            <individualName>
<givenName>Jose Gregorio</givenName>                    <surName>Rodriguez-Quintal</surName>
            </individualName>
            <userId directory="http://orcid.org/">0000-0002-5664-8071</userId>
            <role>AUTHOR</role>
                    </personnel>
                    <personnel>
            <individualName>
<givenName>Estrella</givenName>                    <surName>Vilamizar</surName>
            </individualName>
            <userId directory="http://orcid.org/">0000-0002-0763-8854</userId>
            <role>AUTHOR</role>
                    </personnel>
                    <personnel>
            <individualName>
<givenName>Adriana</givenName>                    <surName>Lopez-Ordaz</surName>
            </individualName>
            <userId directory="http://orcid.org/">0000-0001-9852-0976</userId>
            <role>AUTHOR</role>
                    </personnel>
                    <personnel>
            <individualName>
<givenName>Daniela</givenName>                    <surName>Alvarado</surName>
            </individualName>
            <role>AUTHOR</role>
                    </personnel>
                <abstract>
                    <para>En este data set se presentan las especies de peces presentes en ocho arrecifes coralinos del Parque Nacional Morrocoy, ubicado en el estado Falcón, Venezuela, provenientes de tres investigaciones. Para caracterizar la comunidad íctica de Playa Mero, Cayo Sombrero y Cayo Peraza, se hicieron censos visuales con el método de transecta con paradas cada 5m (Bortone et al. 1986, Bortone et al 1992) registrando en los diferentes puntos de muestreo el número de individuos observados por especie, durante un tiempo de 5 min, cubriendo un radio de 2.5 m aproximadamente. Igualmente se hacen censos visuales aleatorios sobre el arrecife durante 25 min, registrando las diferentes especies de peces (Rodríguez &amp; Villamizar, 2000 y 2008; López-Ordaz &amp; Rodríguez-Quintal, 2010). En Playuela, Cayo Sombrero, Cayo Sal, Caño Grande, Punta Brava y Cayo Borracho se utilizo una modificación del método AGRA (Ginsburg et al, 1998) en el cual se recorre haciendo el censo de peces por 10 minutos a lo largo de una transecta de 30m de longitud, y un ancho de banda de 2m aproximadamente, los cuales son medidos con una barra-T de 1m de ancho llevada por el buzo delante de él, y que permite a su vez estimar el intervalo de talla de los peces. Repitiendo este procedimiento 10 veces en cada arrecife. Complementando este censo con censos al azar por 30 minutos (Alvarado, 2000).
En los ocho arrecifes muestreados se identificaron 130 especies 60 generos y 31 familias (Acanthuridae, Aulostomidae, Balistidae, Belonidae, Blenniidae, Carangidae, Chaenopsidae, Chaetodontidae, Diodontidae, Ephippidae, Gerreidae, Gobiidae, Haemulidae, Holocentridae, Kyphosidae, Labridae, Lutjanidae, Monacanthidae, Mullidae, Muraenidae, Ostraciidae, Pomacanthidae, Pomacentridae, Scaridae, Sciaenidae, Scombridae, Serranidae, Sparidae, Sphyraenidae, Synodontidae y Tetraodontidae). En Playa Mero 140 especies de 27 familias; en Cayo Sombrero 89 especies de 22 familias y en Cayo Peraza  65 especies de  25 familias.  En Cayo Borracho 36 especies de 12 familias; en Punta Brava 57 especies de 17 familias, Playuela 54 especies de 18 familias; Cayo Grande 45 especies de  18 familias y Cayo Sal 41 especies de 15 familias.
En Playa Mero y Cayo Sombrero las familias más importantes en términos de abundancia fueron las Scaridae y Pomacentridae (herbívoras) sobre todo más numerosas en Playa Mero. En Cayo Borracho la familia mas abundante fue la Achanturidae, en Punta Brava los Pomacentridae, en Playuela y Cayo Sal las familias más abundantes fueron los Scaridae, Pomacentridae y Haemulidae, y en general en todas ellas los herbívoros fue el nivel trófico dominante. En Cayo Peraza las familias más importantes en términos de número de especies fueron Haemulidae (diez), Pomacentridae (ocho) y Scaridae (ocho); y en términos de abundancia la comunidad estuvo dominada por la familia Pomacentridae, representando el 42.6%, seguida de Scaridae (19%) y Haemulidae (15%).</para>
                </abstract>
                <funding>
                    <para>Curaduría y movilización de datos: Proyecto GBIF-CaribeSur ID: BID-CA2020-025-NAC</para>
                </funding>
                    <studyAreaDescription>
                        <descriptor name="generic" citableClassificationSystem="false">
                            <descriptorValue>El presente data set recopila la información de cuatro trabajos realizados en el Parque Nacional Morrocoy que se encuentra ubicado en la zona costera centro occidental de Venezuela, conocida como Golfo Triste (10º52´N y 68º16´O), comprende unos 320km2 de ecosistemas continentales, insulares y marinos entre los que destacan los bosques de manglar, praderas de fanerógamas, fondos arenosos desprovistos de vegetación y arrecifes coralinos costaneros. El parque está conformado por lagunas, canales internos y un cordón de cayos, entre estos Cayo Animas, una de las áreas estudiadas, específicamente en el arrecife de Playa Mero, al sureste del parque, y que se presenta como un arrecife altamente impactado, dada la baja cobertura coralina viva que presenta. Otro arrecife estudiado dentro del PN. Morrocoy fue el bajo de Cayo Sombrero, al norte del parque; este es un sistema de menor afectación en su comunidad bentónica, donde se encuentran valores importantes de cobertura de corales vivos. Cayo Peraza está ubicado en la zona norte del parque, y dentro de él se ubicó un arrecife en la zona sur este del cayo, siendo un arrecife somero que alcanza los 9m de profundidad.
Cayo Borracho está localizado al norte del parque sometido a fuertes descargas del río Tocuyo. Cayo Sal al noroeste de la población de Chichiriviche. Playuela, se encuentra al noreste de Cayo Animas cuyo arrecife franjeante se extiende 150m en dirección norte-sur, 50m de este a oeste hasta los 12m de profundidad. Caño Grande es un arrecife interno a partir de 1m de profundidad, rodeado de manglares y circundado por canales de navegación. Y Punta Brava, se ubica en la zona suroccidental del parque, bajo la influencia de las descargas de los ríos Aroa y Yaracuy.</descriptorValue>
                        </descriptor>
                    </studyAreaDescription>
                    <designDescription>
                        <description>
                            <para>El presente estudio se llevo a cabo en el Parque Nacional Morrocoy que se encuentra ubicado en la zona costera centro occidental de Venezuela, conocida como Golfo Triste (10º52´N y 68º16´O) (estado Falcón), en los arrecifes coralinos de Playa Mero, Cayo Sombrero y Cayo Peraza.
En Playa Mero se realizó un primer estudio en el año 1997, donde se evaluó la comunidad ictica a lo largo de dos transectas perpendiculares a la costa, desde la plataforma ubicada en la zona costera, pasando por la  cresta arrecifal, hasta el  final del arrecife. Se hicieron censos visuales con el método de transecta con paradas establecido por Bortone et al (1992), donde se registran en los diferentes puntos de muestreo (cada 5m) el número de individuos por especie observados durante un tiempo de 5 min, cubriendo un radio de 2.5 m aproximadamente. Complementado con el método de censos aleatorios (modificado de Thomson y Schimdt 1977 en Bortone et al. 1986) que consistió en un nado aleatorio sobre el arrecife durante 25 min, registrando las diferentes especies de peces. Para el año 2000 y 2001 se usó esta misma metodología para estimar la comunidad ictica en los arrecifes de Playa Mero y Sombrero. Adicionalmente se incorporaron aquellas especies que fueron observadas en el arrecife fuera de los censos (Rodríguez &amp; Villamizar, 2000 y 2008)
En Cayo Peraza, en 2009, se hicieron censos visuales empleando una modificación del método de la transecta con paradas de observación propuesto Bortone et al. (1986). En los estratos de profundidad a 1, 3, 6 y 9m, se colocaron transectas paralelas a la costa de 30m de longitud, a lo largo de la cuales se realizaron paradas de observación por 5min cada 5m, identificando y contabilizando las especies de peces observados en un radio de 2.5m (López-Ordaz &amp; Rodríguez-Quintal, 2010)

En el año 1999, en Playuela, Cayo Sombrero, Cayo Sal, Caño Grande, Punta Brava y Cayo Borracho se utilizo una modificación del método AGRA (Ginsburg et al, 1998) en el cual se recorre haciendo el censo de peces por 10 minutos a lo largo de una transecta de 30m de longitud, y un ancho de banda de 2m aproximadamente, los cuales son medidos con una barra-T de 1m de ancho llevada por el buzo delante de él, y que permite a su vez estimar el intervalo de talla de los peces. Repitiendo este procedimiento 10 veces en cada arrecife. Complementando este censo con censos al azar por 30 minutos (Alvarado, 2000).</para>
                        </description>
                    </designDescription>
            </project>
    </dataset>

    <additionalMetadata>
        <metadata>
            <gbif>
                <dateStamp>2024-07-11T14:26:25Z</dateStamp>
                <citation>Rodriguez-Quintal JG, Villamizar E, Alvarado D &amp; A. Lopez-Ordaz. 2021. Peces asociados a los arrecifes coralinos del Parque Nacional Morrocoy, Venezuela https://doi.org/10.15468/uevh3n accessed via GBIF.org on 2024-07-11.</citation>
                    <bibliography>
                <citation identifier="https://revistas.ucr.ac.cr/index.php/rbt/article/view/29341">Rodríguez, J. &amp; E. Villamizar. 2000. Estructura de la comunidad de peces arrecifales de Playa Mero, Parque Nacional Morrocoy. Rev. Biol. Trop. 48 (1): 107-113.</citation>
                <citation>Rodríguez, J. &amp; E. Villamizar. 2008. Estructura de la comunidad íctica en dos arrecifes con diferente grado de afectación en el Parque Nacional Morrocoy, Venezuela. Acta Biol. Venez. 28(2): 61-69</citation>
                <citation identifier="https://www.scielo.sa.cr/scielo.php?script=sci_arttext&amp;pid=S0034-77442010000700015">López-Ordaz, A. &amp; J.G. Rodríguez-Quintal. 2010. Ictiofauna asociada a un arrecife somero en el Parque Nacional Morrocoy, Venezuela. Rev. Biol. Trop.  58 (Suppl. 3): 163-174.</citation>
                <citation>Alvarado,  D. 2000. Variabilidad espacial de la estructura de la comunidad de peces de los arrecifes del Parque Nacional Morrocoy. Trabajo  Especial de Grado. Universidad Simón Bolívar. 81pp</citation>
                    </bibliography>
                    <resourceLogoUrl>http://ipt.iobis.org/caribbeanobis/logo.do?r=pecesarrecifescoralinosplayamerosombreroperazamorrocoy</resourceLogoUrl>
            </gbif>
        </metadata>
    </additionalMetadata>

</eml:eml>
