<?xml version="1.0" encoding="utf-8"?>
<eml:eml xmlns:eml="eml://ecoinformatics.org/eml-2.1.1" xmlns:xsi="http://www.w3.org/2001/XMLSchema-instance"
         xsi:schemaLocation="eml://ecoinformatics.org/eml-2.1.1 http://rs.gbif.org/schema/eml-gbif-profile/1.2/eml.xsd"
packageId="fd7167be-cf97-4dff-a151-db071bfde91b"  system="http://gbif.org" scope="system"
xml:lang="en">

    <dataset>
            <alternateIdentifier>10.15468/dec2m2</alternateIdentifier>
                <alternateIdentifier>fd7167be-cf97-4dff-a151-db071bfde91b</alternateIdentifier>
                <alternateIdentifier>https://www1.usgs.gov/obis-usa/ipt/resource?r=usvi-tcrmp-database</alternateIdentifier>
        <title>U.S. Virgin Islands Territorial Coral Reef Monitoring Program Database (USVI-TCRMP)</title>
            <creator>
            <individualName>
<givenName>Tyler</givenName>                    <surName>Smith</surName>
            </individualName>
<organizationName>University of the Virgin Islands</organizationName><positionName>Associate Professor and TCRMP Principal Investigator</positionName><electronicMailAddress>tsmith@live.uvi.edu</electronicMailAddress>            </creator>
            <creator>
            <individualName>
<givenName>Miguel G.</givenName>                    <surName>Figuerola Hernández</surName>
            </individualName>
<organizationName>CARICOOS</organizationName><positionName>Contractor</positionName><electronicMailAddress>mfiguerolahernandez@gmail.com</electronicMailAddress>            </creator>
            <metadataProvider>
            <individualName>
<givenName>Miguel G.</givenName>                    <surName>Figuerola Hernández</surName>
            </individualName>
<organizationName>CARICOOS</organizationName><positionName>Contractor</positionName><electronicMailAddress>mfiguerolahernandez@gmail.com</electronicMailAddress>            </metadataProvider>
            <associatedParty>
            <individualName>
<givenName>Abigail</givenName>                    <surName>Benson</surName>
            </individualName>
<electronicMailAddress>albenson@usgs.gov</electronicMailAddress>            <role>USER</role>
            </associatedParty>
            <pubDate>
                2022-06-01
            </pubDate>
        <language>ENGLISH</language>
            <abstract>
                    <para>The TCRMP is a central component of coral reef management and research in the US Virgin Islands. The TCRMP has contributed critical information on land-based sources of pollution, coral bleaching, and fisheries status since its inception in 2001. The program consists of annual to semi-annual assessments of coral health, benthic community structure, fish community structure, and physical dynamics at 33 sites down to 65 m (220 ft) depth. The TCRMP is funded by and coordinated with the NOAA Coral Reef Conservation Program, NOAA Protected Species, and the USVI Department of Planning and Natural Resources and collaborates with the VI NSF-Experimental Program to Stimulate Competitive Research (EPSCoR), and NOAA National Marine Fisheries. The objectives of the TCRMP include: (1) Monitor the status and trajectories of coral reefs across a majority of habitats and threats, including land-based sources of pollution and thermal stress, (2) Link changes in coral reef health with specific stressors, indicating specific management interventions most effective for preserving reefs, (3) Integrate assessments of understudied mesophotic coral reef ecosystems and threatened species in the USVI, and (4) Provide data, outputs, and advice to stakeholders and create a nexus of information in reef research.
At each site, benthic cover surveys are conducted annually along six 10 m long permanent transects marked with steel or brass rods. Video sampling consists of one diver traversing each transect videotaping the benthic cover using a high-definition digital video recorder. After taping, images from each transect are captured and imported into RStudio where twenty randomly allocated points are superimposed on each image. Analysis consists of identifying the substrate located under each point. For each transect, the percent cover of coral, epilithic algae (EAC), macroalgae, sponges, gorgonians, and sand/sediment are calculated by dividing the number of random dots falling on that substrate type by the total number of dots for that transect.

At each site, coral health surveys are conducted annually along six 10 m long permanent transects marked with steel or brass rods. All coral colonies located directly under the transect lines are assessed in situ for signs of mortality and disease following a modified Atlantic and Gulf Rapid Reef Assessment protocol (Kramer et al. 2005). Partial mortality of coral colonies is broken into two categories: recent partial mortality and old partial mortality.

Diseases are conservatively categorized into recognized Caribbean scleractinian diseases and syndromes that include bleaching, black band disease, dark spots disease, white plague, and yellow band (blotch) disease (following Bruckner 2007). Bleaching is assessed as abnormal paling of the colony, and, when present, the severity of the bleaching (paling or total whitening) and the area of the colony affected are assessed. A major bleaching event occurred between September and December 2005, affecting all monitoring sites, and a mild bleaching event occurred between September and October 2010. For each transect, the prevalence of coral impairment categories is calculated as the number of colonies with partial mortality, disease, or bleaching divided by the number of colonies assessed. After the completion of coral health, algae heights are measured along the same permanent transects. Heights are recorded perpendicular to the growth substrate without disturbing the algae every 50 cm. Heights are differentiated to genus except for turf algae and crustose coralline algae which are recorded as such.

Fish surveys have been historically conducted at 14 sites around St. Croix and 10 sites around St. Thomas and, starting in 2012, are conducted at 32 of the 33-monitoring sites. Ten replicate belt transects and three replicate roving dive surveys are conducted at each site. Belt transects are 25 x 4 m and are conducted in 15 minutes per replicate. Roving replicates are also 15 minutes. All fish encountered are recorded except blennies and most gobies. Divers also assess the abundance of Diadema antillarum sea urchins along the 25 x 2 m belt transects. The mean number of sea urchins per 50 m2 is calculated for each site.

Benthic temperatures are recorded at each site with a HoboTemp™ thermistor data logger (Onset Computer Corporation, Bourne, Massachusetts). Thermistors are affixed within transects and set to record at intervals of 15 minutes. Records are presented as daily averages across months.</para>
            </abstract>
                <keywordSet>
                        <keyword>Samplingevent</keyword>
                        <keywordThesaurus>GBIF Dataset Type Vocabulary: http://rs.gbif.org/vocabulary/gbif/dataset_type_2015-07-10.xml</keywordThesaurus>
                </keywordSet>
            <additionalInfo>
                <para>marine, harvested by OBIS</para>
            </additionalInfo>
            <intellectualRights>
                    <para>To the extent possible under law, the publisher has waived all rights to these data and has dedicated them to the <ulink url="http://creativecommons.org/publicdomain/zero/1.0/legalcode"><citetitle>Public Domain (CC0 1.0)</citetitle></ulink>. Users may copy, modify, distribute and use the work, including for commercial purposes, without restriction.</para>
            </intellectualRights>
            <coverage>
                    <geographicCoverage>
                            <geographicDescription>This dataset contains reef sites within U.S. Virgin Island territorial waters, located in the northeastern Caribbean Sea, Western North Atlantic Ocean. Sample locations include the islands of St. Thomas, St. Croix, and St. John.</geographicDescription>
                            <boundingCoordinates>
                                <westBoundingCoordinate>-65.082</westBoundingCoordinate>
                                <eastBoundingCoordinate>-64.45</eastBoundingCoordinate>
                                <northBoundingCoordinate>18.408</northBoundingCoordinate>
                                <southBoundingCoordinate>17.519</southBoundingCoordinate>
                            </boundingCoordinates>
                    </geographicCoverage>
            </coverage>
            <maintenance>
                <description>
                    <para></para>
                </description>
                <maintenanceUpdateFrequency>unkown</maintenanceUpdateFrequency>
            </maintenance>
            <contact>
            <individualName>
<givenName>Tyler</givenName>                    <surName>Smith</surName>
            </individualName>
<organizationName>University of the Virgin Islands</organizationName><positionName>Associate Professor and TCRMP Principal Investigator</positionName><electronicMailAddress>tsmith@live.uvi.edu</electronicMailAddress>            </contact>

    </dataset>

    <additionalMetadata>
        <metadata>
            <gbif>
                <dateStamp>2024-07-11T14:26:26Z</dateStamp>
                <citation>United States Geological Survey: U.S. Virgin Islands Territorial Coral Reef Monitoring Program Database (USVI-TCRMP) https://doi.org/10.15468/dec2m2 accessed via GBIF.org on 2024-07-11.</citation>
            </gbif>
        </metadata>
    </additionalMetadata>

</eml:eml>
